INFO 07-23 16:04:14 cli.py:211] Starting gRPC server
INFO 07-23 16:04:14 server.py:40] StorageServicer: storage_path=/mnt/data1/mechels, mem_pool_size=34359738368, num_thread=4, chunk_size=16777216, registration_required=False
WARNING: Logging before InitGoogleLogging() is written to STDERR
I20260723 16:04:15.295212 3727287 checkpoint_store.cpp:41] Number of GPUs: 1
I20260723 16:04:15.295258 3727287 checkpoint_store.cpp:43] I/O threads: 4, chunk size: 16MB
I20260723 16:04:15.295269 3727287 checkpoint_store.cpp:45] Storage path: "/mnt/data1/mechels"
I20260723 16:04:15.441455 3727287 checkpoint_store.cpp:71] GPU 0 UUID: e9482ee1-13ab-0005-7cbe-a97606f182fe
I20260723 16:04:15.441524 3727287 pinned_memory_pool.cpp:29] Creating PinnedMemoryPool with 2048 buffers of 16777216 bytes
I20260723 16:04:28.085654 3727287 checkpoint_store.cpp:83] Memory pool created with 32GB
INFO 07-23 16:04:28 server.py:288] Starting gRPC server on 0.0.0.0:8073
I20260723 16:18:41.594059 3727287 model.cpp:53] Tensor file "/mnt/data1/mechels/meta-llama/Meta-Llama-3-8B_sllm-condense_2/tensor.data_1" does not exist
I20260723 16:18:41.594133 3727287 checkpoint_store.cpp:106] Model meta-llama/Meta-Llama-3-8B_sllm-condense_2 is registered
INFO 07-23 16:18:41 server.py:115] LoadModel: success meta-llama/Meta-Llama-3-8B_sllm-condense_2 with target 1
I20260723 16:18:41.594604 3768296 pinned_memory_pool.cpp:78] PinnedMemoryPool Allocate 423 buffers free buffers 1625 total buffers 2048
I20260723 16:18:41.605459 3768296 model.cpp:120] Loading model meta-llama/Meta-Llama-3-8B_sllm-condense_2 size 7080766208 to host
I20260723 16:18:41.605509 3768296 model.cpp:134] Loading model meta-llama/Meta-Llama-3-8B_sllm-condense_2 to host with 4 threads, 423 chunks, 16777216 chunk size, 106 chunks per thread
I20260723 16:18:41.605806 3768297 model.cpp:155] Thread 0 starting from partition 0 offset 0
I20260723 16:18:41.605804 3768299 model.cpp:155] Thread 2 starting from partition 0 offset 3556769792
I20260723 16:18:41.605806 3768300 model.cpp:155] Thread 3 starting from partition 0 offset 5335154688
I20260723 16:18:41.605821 3768298 model.cpp:155] Thread 1 starting from partition 0 offset 1778384896
INFO 07-23 16:18:42 server.py:115] LoadModel: success meta-llama/Meta-Llama-3-8B_sllm-condense_2 with target 2
I20260723 16:18:42.040635 3768313 checkpoint_store.cpp:209] Loading model meta-llama/Meta-Llama-3-8B_sllm-condense_2
I20260723 16:18:42.139189 3768313 model.cpp:269] Creating replica ed260205-bfe6-424f-8c54-bfe76e3c2792
I20260723 16:18:42.139243 3768313 model.cpp:273] Creating queue for device 0
I20260723 16:18:42.139281 3768313 model.cpp:285] Created replica ed260205-bfe6-424f-8c54-bfe76e3c2792
I20260723 16:18:42.139353 3768313 model.cpp:296] Dispatcher started for model meta-llama/Meta-Llama-3-8B_sllm-condense_2
I20260723 16:18:42.139400 3768313 model.cpp:363] Waiting for model meta-llama/Meta-Llama-3-8B_sllm-condense_2 num tasks 1 state 3
INFO 07-23 16:18:56 server.py:188] Confirm GPU group 0 for meta-llama/Meta-Llama-3-8B_sllm-condense_2 replica ed260205-bfe6-424f-8c54-bfe76e3c2792 success
INFO 07-23 16:18:56 server.py:188] Confirm GPU group 1 for meta-llama/Meta-Llama-3-8B_sllm-condense_2 replica ed260205-bfe6-424f-8c54-bfe76e3c2792 success
INFO 07-23 16:18:57 server.py:188] Confirm GPU group 2 for meta-llama/Meta-Llama-3-8B_sllm-condense_2 replica ed260205-bfe6-424f-8c54-bfe76e3c2792 success
INFO 07-23 16:18:57 server.py:188] Confirm GPU group 3 for meta-llama/Meta-Llama-3-8B_sllm-condense_2 replica ed260205-bfe6-424f-8c54-bfe76e3c2792 success
INFO 07-23 16:18:57 server.py:188] Confirm GPU group 4 for meta-llama/Meta-Llama-3-8B_sllm-condense_2 replica ed260205-bfe6-424f-8c54-bfe76e3c2792 success
INFO 07-23 16:18:59 server.py:188] Confirm GPU group 5 for meta-llama/Meta-Llama-3-8B_sllm-condense_2 replica ed260205-bfe6-424f-8c54-bfe76e3c2792 success
INFO 07-23 16:19:01 server.py:188] Confirm GPU group 6 for meta-llama/Meta-Llama-3-8B_sllm-condense_2 replica ed260205-bfe6-424f-8c54-bfe76e3c2792 success
INFO 07-23 16:19:03 server.py:188] Confirm GPU group 7 for meta-llama/Meta-Llama-3-8B_sllm-condense_2 replica ed260205-bfe6-424f-8c54-bfe76e3c2792 success
INFO 07-23 16:19:03 server.py:188] Confirm GPU group 8 for meta-llama/Meta-Llama-3-8B_sllm-condense_2 replica ed260205-bfe6-424f-8c54-bfe76e3c2792 success
INFO 07-23 16:19:03 server.py:188] Confirm GPU group 9 for meta-llama/Meta-Llama-3-8B_sllm-condense_2 replica ed260205-bfe6-424f-8c54-bfe76e3c2792 success
INFO 07-23 16:19:04 server.py:188] Confirm GPU group 10 for meta-llama/Meta-Llama-3-8B_sllm-condense_2 replica ed260205-bfe6-424f-8c54-bfe76e3c2792 success
INFO 07-23 16:19:04 server.py:188] Confirm GPU group 11 for meta-llama/Meta-Llama-3-8B_sllm-condense_2 replica ed260205-bfe6-424f-8c54-bfe76e3c2792 success
INFO 07-23 16:19:04 server.py:188] Confirm GPU group 12 for meta-llama/Meta-Llama-3-8B_sllm-condense_2 replica ed260205-bfe6-424f-8c54-bfe76e3c2792 success
INFO 07-23 16:19:05 server.py:188] Confirm GPU group 13 for meta-llama/Meta-Llama-3-8B_sllm-condense_2 replica ed260205-bfe6-424f-8c54-bfe76e3c2792 success
INFO 07-23 16:19:06 server.py:188] Confirm GPU group 14 for meta-llama/Meta-Llama-3-8B_sllm-condense_2 replica ed260205-bfe6-424f-8c54-bfe76e3c2792 success
INFO 07-23 16:19:08 server.py:188] Confirm GPU group 15 for meta-llama/Meta-Llama-3-8B_sllm-condense_2 replica ed260205-bfe6-424f-8c54-bfe76e3c2792 success
INFO 07-23 16:19:10 server.py:188] Confirm GPU group 16 for meta-llama/Meta-Llama-3-8B_sllm-condense_2 replica ed260205-bfe6-424f-8c54-bfe76e3c2792 success
INFO 07-23 16:19:10 server.py:188] Confirm GPU group 17 for meta-llama/Meta-Llama-3-8B_sllm-condense_2 replica ed260205-bfe6-424f-8c54-bfe76e3c2792 success
INFO 07-23 16:19:10 server.py:188] Confirm GPU group 18 for meta-llama/Meta-Llama-3-8B_sllm-condense_2 replica ed260205-bfe6-424f-8c54-bfe76e3c2792 success
INFO 07-23 16:19:11 server.py:188] Confirm GPU group 19 for meta-llama/Meta-Llama-3-8B_sllm-condense_2 replica ed260205-bfe6-424f-8c54-bfe76e3c2792 success
INFO 07-23 16:19:11 server.py:188] Confirm GPU group 20 for meta-llama/Meta-Llama-3-8B_sllm-condense_2 replica ed260205-bfe6-424f-8c54-bfe76e3c2792 success
INFO 07-23 16:19:11 server.py:188] Confirm GPU group 21 for meta-llama/Meta-Llama-3-8B_sllm-condense_2 replica ed260205-bfe6-424f-8c54-bfe76e3c2792 success
INFO 07-23 16:19:11 server.py:188] Confirm GPU group 22 for meta-llama/Meta-Llama-3-8B_sllm-condense_2 replica ed260205-bfe6-424f-8c54-bfe76e3c2792 success
INFO 07-23 16:19:14 server.py:188] Confirm GPU group 23 for meta-llama/Meta-Llama-3-8B_sllm-condense_2 replica ed260205-bfe6-424f-8c54-bfe76e3c2792 success
INFO 07-23 16:19:15 server.py:188] Confirm GPU group 24 for meta-llama/Meta-Llama-3-8B_sllm-condense_2 replica ed260205-bfe6-424f-8c54-bfe76e3c2792 success
INFO 07-23 16:19:17 server.py:188] Confirm GPU group 25 for meta-llama/Meta-Llama-3-8B_sllm-condense_2 replica ed260205-bfe6-424f-8c54-bfe76e3c2792 success
INFO 07-23 16:19:17 server.py:188] Confirm GPU group 26 for meta-llama/Meta-Llama-3-8B_sllm-condense_2 replica ed260205-bfe6-424f-8c54-bfe76e3c2792 success
INFO 07-23 16:19:17 server.py:188] Confirm GPU group 27 for meta-llama/Meta-Llama-3-8B_sllm-condense_2 replica ed260205-bfe6-424f-8c54-bfe76e3c2792 success
INFO 07-23 16:19:18 server.py:188] Confirm GPU group 28 for meta-llama/Meta-Llama-3-8B_sllm-condense_2 replica ed260205-bfe6-424f-8c54-bfe76e3c2792 success
INFO 07-23 16:19:18 server.py:188] Confirm GPU group 29 for meta-llama/Meta-Llama-3-8B_sllm-condense_2 replica ed260205-bfe6-424f-8c54-bfe76e3c2792 success
INFO 07-23 16:19:18 server.py:188] Confirm GPU group 30 for meta-llama/Meta-Llama-3-8B_sllm-condense_2 replica ed260205-bfe6-424f-8c54-bfe76e3c2792 success
INFO 07-23 16:19:19 server.py:188] Confirm GPU group 31 for meta-llama/Meta-Llama-3-8B_sllm-condense_2 replica ed260205-bfe6-424f-8c54-bfe76e3c2792 success
INFO 07-23 16:19:21 server.py:188] Confirm GPU group 32 for meta-llama/Meta-Llama-3-8B_sllm-condense_2 replica ed260205-bfe6-424f-8c54-bfe76e3c2792 success
INFO 07-23 16:19:22 server.py:188] Confirm GPU group 33 for meta-llama/Meta-Llama-3-8B_sllm-condense_2 replica ed260205-bfe6-424f-8c54-bfe76e3c2792 success
INFO 07-23 16:19:24 server.py:188] Confirm GPU group 34 for meta-llama/Meta-Llama-3-8B_sllm-condense_2 replica ed260205-bfe6-424f-8c54-bfe76e3c2792 success
INFO 07-23 16:19:24 server.py:188] Confirm GPU group 35 for meta-llama/Meta-Llama-3-8B_sllm-condense_2 replica ed260205-bfe6-424f-8c54-bfe76e3c2792 success
INFO 07-23 16:19:24 server.py:188] Confirm GPU group 36 for meta-llama/Meta-Llama-3-8B_sllm-condense_2 replica ed260205-bfe6-424f-8c54-bfe76e3c2792 success
INFO 07-23 16:19:25 server.py:188] Confirm GPU group 37 for meta-llama/Meta-Llama-3-8B_sllm-condense_2 replica ed260205-bfe6-424f-8c54-bfe76e3c2792 success
INFO 07-23 16:19:25 server.py:188] Confirm GPU group 38 for meta-llama/Meta-Llama-3-8B_sllm-condense_2 replica ed260205-bfe6-424f-8c54-bfe76e3c2792 success
INFO 07-23 16:19:25 server.py:188] Confirm GPU group 39 for meta-llama/Meta-Llama-3-8B_sllm-condense_2 replica ed260205-bfe6-424f-8c54-bfe76e3c2792 success
INFO 07-23 16:19:25 server.py:188] Confirm GPU group 40 for meta-llama/Meta-Llama-3-8B_sllm-condense_2 replica ed260205-bfe6-424f-8c54-bfe76e3c2792 success
INFO 07-23 16:19:28 server.py:188] Confirm GPU group 41 for meta-llama/Meta-Llama-3-8B_sllm-condense_2 replica ed260205-bfe6-424f-8c54-bfe76e3c2792 success
INFO 07-23 16:19:29 server.py:188] Confirm GPU group 42 for meta-llama/Meta-Llama-3-8B_sllm-condense_2 replica ed260205-bfe6-424f-8c54-bfe76e3c2792 success
INFO 07-23 16:19:31 server.py:188] Confirm GPU group 43 for meta-llama/Meta-Llama-3-8B_sllm-condense_2 replica ed260205-bfe6-424f-8c54-bfe76e3c2792 success
INFO 07-23 16:19:31 server.py:188] Confirm GPU group 44 for meta-llama/Meta-Llama-3-8B_sllm-condense_2 replica ed260205-bfe6-424f-8c54-bfe76e3c2792 success
INFO 07-23 16:19:31 server.py:188] Confirm GPU group 45 for meta-llama/Meta-Llama-3-8B_sllm-condense_2 replica ed260205-bfe6-424f-8c54-bfe76e3c2792 success
INFO 07-23 16:19:32 server.py:188] Confirm GPU group 46 for meta-llama/Meta-Llama-3-8B_sllm-condense_2 replica ed260205-bfe6-424f-8c54-bfe76e3c2792 success
INFO 07-23 16:19:32 server.py:188] Confirm GPU group 47 for meta-llama/Meta-Llama-3-8B_sllm-condense_2 replica ed260205-bfe6-424f-8c54-bfe76e3c2792 success
INFO 07-23 16:19:32 server.py:188] Confirm GPU group 48 for meta-llama/Meta-Llama-3-8B_sllm-condense_2 replica ed260205-bfe6-424f-8c54-bfe76e3c2792 success
INFO 07-23 16:19:32 server.py:188] Confirm GPU group 49 for meta-llama/Meta-Llama-3-8B_sllm-condense_2 replica ed260205-bfe6-424f-8c54-bfe76e3c2792 success
INFO 07-23 16:19:34 server.py:188] Confirm GPU group 50 for meta-llama/Meta-Llama-3-8B_sllm-condense_2 replica ed260205-bfe6-424f-8c54-bfe76e3c2792 success
INFO 07-23 16:19:36 server.py:188] Confirm GPU group 51 for meta-llama/Meta-Llama-3-8B_sllm-condense_2 replica ed260205-bfe6-424f-8c54-bfe76e3c2792 success
INFO 07-23 16:19:38 server.py:188] Confirm GPU group 52 for meta-llama/Meta-Llama-3-8B_sllm-condense_2 replica ed260205-bfe6-424f-8c54-bfe76e3c2792 success
INFO 07-23 16:19:38 server.py:188] Confirm GPU group 53 for meta-llama/Meta-Llama-3-8B_sllm-condense_2 replica ed260205-bfe6-424f-8c54-bfe76e3c2792 success
INFO 07-23 16:19:38 server.py:188] Confirm GPU group 54 for meta-llama/Meta-Llama-3-8B_sllm-condense_2 replica ed260205-bfe6-424f-8c54-bfe76e3c2792 success
INFO 07-23 16:19:38 server.py:188] Confirm GPU group 55 for meta-llama/Meta-Llama-3-8B_sllm-condense_2 replica ed260205-bfe6-424f-8c54-bfe76e3c2792 success
INFO 07-23 16:19:38 server.py:188] Confirm GPU group 56 for meta-llama/Meta-Llama-3-8B_sllm-condense_2 replica ed260205-bfe6-424f-8c54-bfe76e3c2792 success
INFO 07-23 16:19:39 server.py:188] Confirm GPU group 57 for meta-llama/Meta-Llama-3-8B_sllm-condense_2 replica ed260205-bfe6-424f-8c54-bfe76e3c2792 success
INFO 07-23 16:19:39 server.py:188] Confirm GPU group 58 for meta-llama/Meta-Llama-3-8B_sllm-condense_2 replica ed260205-bfe6-424f-8c54-bfe76e3c2792 success
INFO 07-23 16:19:41 server.py:188] Confirm GPU group 59 for meta-llama/Meta-Llama-3-8B_sllm-condense_2 replica ed260205-bfe6-424f-8c54-bfe76e3c2792 success
INFO 07-23 16:19:43 server.py:188] Confirm GPU group 60 for meta-llama/Meta-Llama-3-8B_sllm-condense_2 replica ed260205-bfe6-424f-8c54-bfe76e3c2792 success
INFO 07-23 16:19:44 server.py:188] Confirm GPU group 61 for meta-llama/Meta-Llama-3-8B_sllm-condense_2 replica ed260205-bfe6-424f-8c54-bfe76e3c2792 success
INFO 07-23 16:19:44 server.py:188] Confirm GPU group 62 for meta-llama/Meta-Llama-3-8B_sllm-condense_2 replica ed260205-bfe6-424f-8c54-bfe76e3c2792 success
INFO 07-23 16:19:44 server.py:188] Confirm GPU group 63 for meta-llama/Meta-Llama-3-8B_sllm-condense_2 replica ed260205-bfe6-424f-8c54-bfe76e3c2792 success
INFO 07-23 16:19:44 server.py:188] Confirm GPU group 64 for meta-llama/Meta-Llama-3-8B_sllm-condense_2 replica ed260205-bfe6-424f-8c54-bfe76e3c2792 success
INFO 07-23 16:19:44 server.py:188] Confirm GPU group 65 for meta-llama/Meta-Llama-3-8B_sllm-condense_2 replica ed260205-bfe6-424f-8c54-bfe76e3c2792 success
INFO 07-23 16:19:44 server.py:188] Confirm GPU group 66 for meta-llama/Meta-Llama-3-8B_sllm-condense_2 replica ed260205-bfe6-424f-8c54-bfe76e3c2792 success
INFO 07-23 16:19:44 server.py:188] Confirm GPU group 67 for meta-llama/Meta-Llama-3-8B_sllm-condense_2 replica ed260205-bfe6-424f-8c54-bfe76e3c2792 success
INFO 07-23 16:19:44 server.py:188] Confirm GPU group 68 for meta-llama/Meta-Llama-3-8B_sllm-condense_2 replica ed260205-bfe6-424f-8c54-bfe76e3c2792 success
INFO 07-23 16:19:44 server.py:188] Confirm GPU group 69 for meta-llama/Meta-Llama-3-8B_sllm-condense_2 replica ed260205-bfe6-424f-8c54-bfe76e3c2792 success
INFO 07-23 16:19:44 server.py:188] Confirm GPU group 70 for meta-llama/Meta-Llama-3-8B_sllm-condense_2 replica ed260205-bfe6-424f-8c54-bfe76e3c2792 success
INFO 07-23 16:19:44 server.py:188] Confirm GPU group 71 for meta-llama/Meta-Llama-3-8B_sllm-condense_2 replica ed260205-bfe6-424f-8c54-bfe76e3c2792 success
INFO 07-23 16:19:44 server.py:188] Confirm GPU group 72 for meta-llama/Meta-Llama-3-8B_sllm-condense_2 replica ed260205-bfe6-424f-8c54-bfe76e3c2792 success
INFO 07-23 16:19:44 server.py:188] Confirm GPU group 73 for meta-llama/Meta-Llama-3-8B_sllm-condense_2 replica ed260205-bfe6-424f-8c54-bfe76e3c2792 success
INFO 07-23 16:19:44 server.py:188] Confirm GPU group 74 for meta-llama/Meta-Llama-3-8B_sllm-condense_2 replica ed260205-bfe6-424f-8c54-bfe76e3c2792 success
INFO 07-23 16:19:44 server.py:188] Confirm GPU group 75 for meta-llama/Meta-Llama-3-8B_sllm-condense_2 replica ed260205-bfe6-424f-8c54-bfe76e3c2792 success
INFO 07-23 16:19:44 server.py:188] Confirm GPU group 76 for meta-llama/Meta-Llama-3-8B_sllm-condense_2 replica ed260205-bfe6-424f-8c54-bfe76e3c2792 success
INFO 07-23 16:19:44 server.py:188] Confirm GPU group 77 for meta-llama/Meta-Llama-3-8B_sllm-condense_2 replica ed260205-bfe6-424f-8c54-bfe76e3c2792 success
INFO 07-23 16:19:44 server.py:188] Confirm GPU group 78 for meta-llama/Meta-Llama-3-8B_sllm-condense_2 replica ed260205-bfe6-424f-8c54-bfe76e3c2792 success
INFO 07-23 16:19:44 server.py:188] Confirm GPU group 79 for meta-llama/Meta-Llama-3-8B_sllm-condense_2 replica ed260205-bfe6-424f-8c54-bfe76e3c2792 success
INFO 07-23 16:19:44 server.py:188] Confirm GPU group 80 for meta-llama/Meta-Llama-3-8B_sllm-condense_2 replica ed260205-bfe6-424f-8c54-bfe76e3c2792 success
INFO 07-23 16:19:44 server.py:188] Confirm GPU group 81 for meta-llama/Meta-Llama-3-8B_sllm-condense_2 replica ed260205-bfe6-424f-8c54-bfe76e3c2792 success
INFO 07-23 16:19:44 server.py:188] Confirm GPU group 82 for meta-llama/Meta-Llama-3-8B_sllm-condense_2 replica ed260205-bfe6-424f-8c54-bfe76e3c2792 success
INFO 07-23 16:19:44 server.py:188] Confirm GPU group 83 for meta-llama/Meta-Llama-3-8B_sllm-condense_2 replica ed260205-bfe6-424f-8c54-bfe76e3c2792 success
INFO 07-23 16:19:44 server.py:188] Confirm GPU group 84 for meta-llama/Meta-Llama-3-8B_sllm-condense_2 replica ed260205-bfe6-424f-8c54-bfe76e3c2792 success
INFO 07-23 16:19:44 server.py:188] Confirm GPU group 85 for meta-llama/Meta-Llama-3-8B_sllm-condense_2 replica ed260205-bfe6-424f-8c54-bfe76e3c2792 success
INFO 07-23 16:19:44 server.py:188] Confirm GPU group 86 for meta-llama/Meta-Llama-3-8B_sllm-condense_2 replica ed260205-bfe6-424f-8c54-bfe76e3c2792 success
INFO 07-23 16:19:44 server.py:188] Confirm GPU group 87 for meta-llama/Meta-Llama-3-8B_sllm-condense_2 replica ed260205-bfe6-424f-8c54-bfe76e3c2792 success
INFO 07-23 16:19:44 server.py:188] Confirm GPU group 88 for meta-llama/Meta-Llama-3-8B_sllm-condense_2 replica ed260205-bfe6-424f-8c54-bfe76e3c2792 success
INFO 07-23 16:19:44 server.py:188] Confirm GPU group 89 for meta-llama/Meta-Llama-3-8B_sllm-condense_2 replica ed260205-bfe6-424f-8c54-bfe76e3c2792 success
INFO 07-23 16:19:44 server.py:188] Confirm GPU group 90 for meta-llama/Meta-Llama-3-8B_sllm-condense_2 replica ed260205-bfe6-424f-8c54-bfe76e3c2792 success
INFO 07-23 16:19:44 server.py:188] Confirm GPU group 91 for meta-llama/Meta-Llama-3-8B_sllm-condense_2 replica ed260205-bfe6-424f-8c54-bfe76e3c2792 success
INFO 07-23 16:19:44 server.py:188] Confirm GPU group 92 for meta-llama/Meta-Llama-3-8B_sllm-condense_2 replica ed260205-bfe6-424f-8c54-bfe76e3c2792 success
INFO 07-23 16:19:44 server.py:188] Confirm GPU group 93 for meta-llama/Meta-Llama-3-8B_sllm-condense_2 replica ed260205-bfe6-424f-8c54-bfe76e3c2792 success
INFO 07-23 16:19:44 server.py:188] Confirm GPU group 94 for meta-llama/Meta-Llama-3-8B_sllm-condense_2 replica ed260205-bfe6-424f-8c54-bfe76e3c2792 success
INFO 07-23 16:19:44 server.py:188] Confirm GPU group 95 for meta-llama/Meta-Llama-3-8B_sllm-condense_2 replica ed260205-bfe6-424f-8c54-bfe76e3c2792 success
INFO 07-23 16:19:44 server.py:188] Confirm GPU group 96 for meta-llama/Meta-Llama-3-8B_sllm-condense_2 replica ed260205-bfe6-424f-8c54-bfe76e3c2792 success
I20260723 16:19:44.339859 3768296 model.cpp:250] Finished loading model meta-llama/Meta-Llama-3-8B_sllm-condense_2 from disk
I20260723 16:19:44.340595 3768333 model.cpp:356] Finished loading tensor from memory to device 0
INFO 07-23 16:19:44 server.py:188] Confirm GPU group 97 for meta-llama/Meta-Llama-3-8B_sllm-condense_2 replica ed260205-bfe6-424f-8c54-bfe76e3c2792 success
INFO 07-23 16:19:44 server.py:188] Confirm GPU group 98 for meta-llama/Meta-Llama-3-8B_sllm-condense_2 replica ed260205-bfe6-424f-8c54-bfe76e3c2792 success
INFO 07-23 16:19:44 server.py:188] Confirm GPU group 99 for meta-llama/Meta-Llama-3-8B_sllm-condense_2 replica ed260205-bfe6-424f-8c54-bfe76e3c2792 success
INFO 07-23 16:19:44 server.py:188] Confirm GPU group 100 for meta-llama/Meta-Llama-3-8B_sllm-condense_2 replica ed260205-bfe6-424f-8c54-bfe76e3c2792 success
INFO 07-23 16:19:44 server.py:188] Confirm GPU group 101 for meta-llama/Meta-Llama-3-8B_sllm-condense_2 replica ed260205-bfe6-424f-8c54-bfe76e3c2792 success
INFO 07-23 16:19:44 server.py:188] Confirm GPU group 102 for meta-llama/Meta-Llama-3-8B_sllm-condense_2 replica ed260205-bfe6-424f-8c54-bfe76e3c2792 success
INFO 07-23 16:19:44 server.py:188] Confirm GPU group 103 for meta-llama/Meta-Llama-3-8B_sllm-condense_2 replica ed260205-bfe6-424f-8c54-bfe76e3c2792 success
INFO 07-23 16:19:44 server.py:188] Confirm GPU group 104 for meta-llama/Meta-Llama-3-8B_sllm-condense_2 replica ed260205-bfe6-424f-8c54-bfe76e3c2792 success
INFO 07-23 16:19:44 server.py:188] Confirm GPU group 105 for meta-llama/Meta-Llama-3-8B_sllm-condense_2 replica ed260205-bfe6-424f-8c54-bfe76e3c2792 success
INFO 07-23 16:19:44 server.py:188] Confirm GPU group 106 for meta-llama/Meta-Llama-3-8B_sllm-condense_2 replica ed260205-bfe6-424f-8c54-bfe76e3c2792 success
INFO 07-23 16:19:44 server.py:188] Confirm GPU group 107 for meta-llama/Meta-Llama-3-8B_sllm-condense_2 replica ed260205-bfe6-424f-8c54-bfe76e3c2792 success
INFO 07-23 16:19:44 server.py:188] Confirm GPU group 108 for meta-llama/Meta-Llama-3-8B_sllm-condense_2 replica ed260205-bfe6-424f-8c54-bfe76e3c2792 success
INFO 07-23 16:19:44 server.py:188] Confirm GPU group 109 for meta-llama/Meta-Llama-3-8B_sllm-condense_2 replica ed260205-bfe6-424f-8c54-bfe76e3c2792 success
INFO 07-23 16:19:44 server.py:188] Confirm GPU group 110 for meta-llama/Meta-Llama-3-8B_sllm-condense_2 replica ed260205-bfe6-424f-8c54-bfe76e3c2792 success
INFO 07-23 16:19:44 server.py:188] Confirm GPU group 111 for meta-llama/Meta-Llama-3-8B_sllm-condense_2 replica ed260205-bfe6-424f-8c54-bfe76e3c2792 success
INFO 07-23 16:19:44 server.py:188] Confirm GPU group 112 for meta-llama/Meta-Llama-3-8B_sllm-condense_2 replica ed260205-bfe6-424f-8c54-bfe76e3c2792 success
INFO 07-23 16:19:44 server.py:188] Confirm GPU group 113 for meta-llama/Meta-Llama-3-8B_sllm-condense_2 replica ed260205-bfe6-424f-8c54-bfe76e3c2792 success
INFO 07-23 16:19:44 server.py:188] Confirm GPU group 114 for meta-llama/Meta-Llama-3-8B_sllm-condense_2 replica ed260205-bfe6-424f-8c54-bfe76e3c2792 success
INFO 07-23 16:19:44 server.py:188] Confirm GPU group 115 for meta-llama/Meta-Llama-3-8B_sllm-condense_2 replica ed260205-bfe6-424f-8c54-bfe76e3c2792 success
INFO 07-23 16:19:44 server.py:188] Confirm GPU group 116 for meta-llama/Meta-Llama-3-8B_sllm-condense_2 replica ed260205-bfe6-424f-8c54-bfe76e3c2792 success
INFO 07-23 16:19:44 server.py:188] Confirm GPU group 117 for meta-llama/Meta-Llama-3-8B_sllm-condense_2 replica ed260205-bfe6-424f-8c54-bfe76e3c2792 success
INFO 07-23 16:19:44 server.py:188] Confirm GPU group 118 for meta-llama/Meta-Llama-3-8B_sllm-condense_2 replica ed260205-bfe6-424f-8c54-bfe76e3c2792 success
INFO 07-23 16:19:44 server.py:188] Confirm GPU group 119 for meta-llama/Meta-Llama-3-8B_sllm-condense_2 replica ed260205-bfe6-424f-8c54-bfe76e3c2792 success
INFO 07-23 16:19:44 server.py:188] Confirm GPU group 120 for meta-llama/Meta-Llama-3-8B_sllm-condense_2 replica ed260205-bfe6-424f-8c54-bfe76e3c2792 success
INFO 07-23 16:19:44 server.py:188] Confirm GPU group 121 for meta-llama/Meta-Llama-3-8B_sllm-condense_2 replica ed260205-bfe6-424f-8c54-bfe76e3c2792 success
INFO 07-23 16:19:44 server.py:188] Confirm GPU group 122 for meta-llama/Meta-Llama-3-8B_sllm-condense_2 replica ed260205-bfe6-424f-8c54-bfe76e3c2792 success
INFO 07-23 16:19:44 server.py:188] Confirm GPU group 123 for meta-llama/Meta-Llama-3-8B_sllm-condense_2 replica ed260205-bfe6-424f-8c54-bfe76e3c2792 success
INFO 07-23 16:19:44 server.py:188] Confirm GPU group 124 for meta-llama/Meta-Llama-3-8B_sllm-condense_2 replica ed260205-bfe6-424f-8c54-bfe76e3c2792 success
INFO 07-23 16:19:44 server.py:188] Confirm GPU group 125 for meta-llama/Meta-Llama-3-8B_sllm-condense_2 replica ed260205-bfe6-424f-8c54-bfe76e3c2792 success
INFO 07-23 16:19:44 server.py:188] Confirm GPU group 126 for meta-llama/Meta-Llama-3-8B_sllm-condense_2 replica ed260205-bfe6-424f-8c54-bfe76e3c2792 success
INFO 07-23 16:19:44 server.py:188] Confirm GPU group 127 for meta-llama/Meta-Llama-3-8B_sllm-condense_2 replica ed260205-bfe6-424f-8c54-bfe76e3c2792 success
INFO 07-23 16:19:44 server.py:188] Confirm GPU group 128 for meta-llama/Meta-Llama-3-8B_sllm-condense_2 replica ed260205-bfe6-424f-8c54-bfe76e3c2792 success
INFO 07-23 16:19:44 server.py:188] Confirm GPU group 129 for meta-llama/Meta-Llama-3-8B_sllm-condense_2 replica ed260205-bfe6-424f-8c54-bfe76e3c2792 success
INFO 07-23 16:19:44 server.py:188] Confirm GPU group 130 for meta-llama/Meta-Llama-3-8B_sllm-condense_2 replica ed260205-bfe6-424f-8c54-bfe76e3c2792 success
INFO 07-23 16:19:44 server.py:188] Confirm GPU group 131 for meta-llama/Meta-Llama-3-8B_sllm-condense_2 replica ed260205-bfe6-424f-8c54-bfe76e3c2792 success
INFO 07-23 16:19:44 server.py:188] Confirm GPU group 132 for meta-llama/Meta-Llama-3-8B_sllm-condense_2 replica ed260205-bfe6-424f-8c54-bfe76e3c2792 success
INFO 07-23 16:19:44 server.py:188] Confirm GPU group 133 for meta-llama/Meta-Llama-3-8B_sllm-condense_2 replica ed260205-bfe6-424f-8c54-bfe76e3c2792 success
INFO 07-23 16:19:44 server.py:188] Confirm GPU group 134 for meta-llama/Meta-Llama-3-8B_sllm-condense_2 replica ed260205-bfe6-424f-8c54-bfe76e3c2792 success
INFO 07-23 16:19:44 server.py:188] Confirm GPU group 135 for meta-llama/Meta-Llama-3-8B_sllm-condense_2 replica ed260205-bfe6-424f-8c54-bfe76e3c2792 success
INFO 07-23 16:19:44 server.py:188] Confirm GPU group 136 for meta-llama/Meta-Llama-3-8B_sllm-condense_2 replica ed260205-bfe6-424f-8c54-bfe76e3c2792 success
INFO 07-23 16:19:44 server.py:188] Confirm GPU group 137 for meta-llama/Meta-Llama-3-8B_sllm-condense_2 replica ed260205-bfe6-424f-8c54-bfe76e3c2792 success
INFO 07-23 16:19:44 server.py:188] Confirm GPU group 138 for meta-llama/Meta-Llama-3-8B_sllm-condense_2 replica ed260205-bfe6-424f-8c54-bfe76e3c2792 success
INFO 07-23 16:19:44 server.py:188] Confirm GPU group 139 for meta-llama/Meta-Llama-3-8B_sllm-condense_2 replica ed260205-bfe6-424f-8c54-bfe76e3c2792 success
INFO 07-23 16:19:44 server.py:188] Confirm GPU group 140 for meta-llama/Meta-Llama-3-8B_sllm-condense_2 replica ed260205-bfe6-424f-8c54-bfe76e3c2792 success
INFO 07-23 16:19:44 server.py:188] Confirm GPU group 141 for meta-llama/Meta-Llama-3-8B_sllm-condense_2 replica ed260205-bfe6-424f-8c54-bfe76e3c2792 success
INFO 07-23 16:19:44 server.py:188] Confirm GPU group 142 for meta-llama/Meta-Llama-3-8B_sllm-condense_2 replica ed260205-bfe6-424f-8c54-bfe76e3c2792 success
INFO 07-23 16:19:44 server.py:188] Confirm GPU group 143 for meta-llama/Meta-Llama-3-8B_sllm-condense_2 replica ed260205-bfe6-424f-8c54-bfe76e3c2792 success
INFO 07-23 16:19:44 server.py:188] Confirm GPU group 144 for meta-llama/Meta-Llama-3-8B_sllm-condense_2 replica ed260205-bfe6-424f-8c54-bfe76e3c2792 success
INFO 07-23 16:19:44 server.py:188] Confirm GPU group 145 for meta-llama/Meta-Llama-3-8B_sllm-condense_2 replica ed260205-bfe6-424f-8c54-bfe76e3c2792 success
INFO 07-23 16:19:44 server.py:188] Confirm GPU group 146 for meta-llama/Meta-Llama-3-8B_sllm-condense_2 replica ed260205-bfe6-424f-8c54-bfe76e3c2792 success
INFO 07-23 16:19:44 server.py:188] Confirm GPU group 147 for meta-llama/Meta-Llama-3-8B_sllm-condense_2 replica ed260205-bfe6-424f-8c54-bfe76e3c2792 success
INFO 07-23 16:19:44 server.py:188] Confirm GPU group 148 for meta-llama/Meta-Llama-3-8B_sllm-condense_2 replica ed260205-bfe6-424f-8c54-bfe76e3c2792 success
INFO 07-23 16:19:44 server.py:188] Confirm GPU group 149 for meta-llama/Meta-Llama-3-8B_sllm-condense_2 replica ed260205-bfe6-424f-8c54-bfe76e3c2792 success
INFO 07-23 16:19:44 server.py:188] Confirm GPU group 150 for meta-llama/Meta-Llama-3-8B_sllm-condense_2 replica ed260205-bfe6-424f-8c54-bfe76e3c2792 success
INFO 07-23 16:19:44 server.py:188] Confirm GPU group 151 for meta-llama/Meta-Llama-3-8B_sllm-condense_2 replica ed260205-bfe6-424f-8c54-bfe76e3c2792 success
INFO 07-23 16:19:44 server.py:188] Confirm GPU group 152 for meta-llama/Meta-Llama-3-8B_sllm-condense_2 replica ed260205-bfe6-424f-8c54-bfe76e3c2792 success
INFO 07-23 16:19:44 server.py:188] Confirm GPU group 153 for meta-llama/Meta-Llama-3-8B_sllm-condense_2 replica ed260205-bfe6-424f-8c54-bfe76e3c2792 success
INFO 07-23 16:19:44 server.py:188] Confirm GPU group 154 for meta-llama/Meta-Llama-3-8B_sllm-condense_2 replica ed260205-bfe6-424f-8c54-bfe76e3c2792 success
INFO 07-23 16:19:44 server.py:188] Confirm GPU group 155 for meta-llama/Meta-Llama-3-8B_sllm-condense_2 replica ed260205-bfe6-424f-8c54-bfe76e3c2792 success
INFO 07-23 16:19:44 server.py:188] Confirm GPU group 156 for meta-llama/Meta-Llama-3-8B_sllm-condense_2 replica ed260205-bfe6-424f-8c54-bfe76e3c2792 success
INFO 07-23 16:19:44 server.py:188] Confirm GPU group 157 for meta-llama/Meta-Llama-3-8B_sllm-condense_2 replica ed260205-bfe6-424f-8c54-bfe76e3c2792 success
INFO 07-23 16:19:44 server.py:188] Confirm GPU group 158 for meta-llama/Meta-Llama-3-8B_sllm-condense_2 replica ed260205-bfe6-424f-8c54-bfe76e3c2792 success
INFO 07-23 16:19:44 server.py:188] Confirm GPU group 159 for meta-llama/Meta-Llama-3-8B_sllm-condense_2 replica ed260205-bfe6-424f-8c54-bfe76e3c2792 success
INFO 07-23 16:19:44 server.py:188] Confirm GPU group 160 for meta-llama/Meta-Llama-3-8B_sllm-condense_2 replica ed260205-bfe6-424f-8c54-bfe76e3c2792 success
INFO 07-23 16:19:44 server.py:188] Confirm GPU group 161 for meta-llama/Meta-Llama-3-8B_sllm-condense_2 replica ed260205-bfe6-424f-8c54-bfe76e3c2792 success
INFO 07-23 16:19:44 server.py:188] Confirm GPU group 162 for meta-llama/Meta-Llama-3-8B_sllm-condense_2 replica ed260205-bfe6-424f-8c54-bfe76e3c2792 success
INFO 07-23 16:19:44 server.py:188] Confirm GPU group 163 for meta-llama/Meta-Llama-3-8B_sllm-condense_2 replica ed260205-bfe6-424f-8c54-bfe76e3c2792 success
INFO 07-23 16:19:44 server.py:188] Confirm GPU group 164 for meta-llama/Meta-Llama-3-8B_sllm-condense_2 replica ed260205-bfe6-424f-8c54-bfe76e3c2792 success
INFO 07-23 16:19:44 server.py:188] Confirm GPU group 165 for meta-llama/Meta-Llama-3-8B_sllm-condense_2 replica ed260205-bfe6-424f-8c54-bfe76e3c2792 success
INFO 07-23 16:19:44 server.py:188] Confirm GPU group 166 for meta-llama/Meta-Llama-3-8B_sllm-condense_2 replica ed260205-bfe6-424f-8c54-bfe76e3c2792 success
INFO 07-23 16:19:44 server.py:188] Confirm GPU group 167 for meta-llama/Meta-Llama-3-8B_sllm-condense_2 replica ed260205-bfe6-424f-8c54-bfe76e3c2792 success
INFO 07-23 16:19:45 server.py:188] Confirm GPU group 168 for meta-llama/Meta-Llama-3-8B_sllm-condense_2 replica ed260205-bfe6-424f-8c54-bfe76e3c2792 success
INFO 07-23 16:19:45 server.py:188] Confirm GPU group 169 for meta-llama/Meta-Llama-3-8B_sllm-condense_2 replica ed260205-bfe6-424f-8c54-bfe76e3c2792 success
INFO 07-23 16:19:45 server.py:188] Confirm GPU group 170 for meta-llama/Meta-Llama-3-8B_sllm-condense_2 replica ed260205-bfe6-424f-8c54-bfe76e3c2792 success
INFO 07-23 16:19:45 server.py:188] Confirm GPU group 171 for meta-llama/Meta-Llama-3-8B_sllm-condense_2 replica ed260205-bfe6-424f-8c54-bfe76e3c2792 success
INFO 07-23 16:19:45 server.py:188] Confirm GPU group 172 for meta-llama/Meta-Llama-3-8B_sllm-condense_2 replica ed260205-bfe6-424f-8c54-bfe76e3c2792 success
INFO 07-23 16:19:45 server.py:188] Confirm GPU group 173 for meta-llama/Meta-Llama-3-8B_sllm-condense_2 replica ed260205-bfe6-424f-8c54-bfe76e3c2792 success
INFO 07-23 16:19:45 server.py:188] Confirm GPU group 174 for meta-llama/Meta-Llama-3-8B_sllm-condense_2 replica ed260205-bfe6-424f-8c54-bfe76e3c2792 success
INFO 07-23 16:19:45 server.py:188] Confirm GPU group 175 for meta-llama/Meta-Llama-3-8B_sllm-condense_2 replica ed260205-bfe6-424f-8c54-bfe76e3c2792 success
INFO 07-23 16:19:45 server.py:188] Confirm GPU group 176 for meta-llama/Meta-Llama-3-8B_sllm-condense_2 replica ed260205-bfe6-424f-8c54-bfe76e3c2792 success
INFO 07-23 16:19:45 server.py:188] Confirm GPU group 177 for meta-llama/Meta-Llama-3-8B_sllm-condense_2 replica ed260205-bfe6-424f-8c54-bfe76e3c2792 success
INFO 07-23 16:19:45 server.py:188] Confirm GPU group 178 for meta-llama/Meta-Llama-3-8B_sllm-condense_2 replica ed260205-bfe6-424f-8c54-bfe76e3c2792 success
INFO 07-23 16:19:45 server.py:188] Confirm GPU group 179 for meta-llama/Meta-Llama-3-8B_sllm-condense_2 replica ed260205-bfe6-424f-8c54-bfe76e3c2792 success
INFO 07-23 16:19:45 server.py:188] Confirm GPU group 180 for meta-llama/Meta-Llama-3-8B_sllm-condense_2 replica ed260205-bfe6-424f-8c54-bfe76e3c2792 success
INFO 07-23 16:19:45 server.py:188] Confirm GPU group 181 for meta-llama/Meta-Llama-3-8B_sllm-condense_2 replica ed260205-bfe6-424f-8c54-bfe76e3c2792 success
INFO 07-23 16:19:45 server.py:188] Confirm GPU group 182 for meta-llama/Meta-Llama-3-8B_sllm-condense_2 replica ed260205-bfe6-424f-8c54-bfe76e3c2792 success
INFO 07-23 16:19:45 server.py:188] Confirm GPU group 183 for meta-llama/Meta-Llama-3-8B_sllm-condense_2 replica ed260205-bfe6-424f-8c54-bfe76e3c2792 success
INFO 07-23 16:19:45 server.py:188] Confirm GPU group 184 for meta-llama/Meta-Llama-3-8B_sllm-condense_2 replica ed260205-bfe6-424f-8c54-bfe76e3c2792 success
INFO 07-23 16:19:45 server.py:188] Confirm GPU group 185 for meta-llama/Meta-Llama-3-8B_sllm-condense_2 replica ed260205-bfe6-424f-8c54-bfe76e3c2792 success
INFO 07-23 16:19:45 server.py:188] Confirm GPU group 186 for meta-llama/Meta-Llama-3-8B_sllm-condense_2 replica ed260205-bfe6-424f-8c54-bfe76e3c2792 success
INFO 07-23 16:19:45 server.py:188] Confirm GPU group 187 for meta-llama/Meta-Llama-3-8B_sllm-condense_2 replica ed260205-bfe6-424f-8c54-bfe76e3c2792 success
INFO 07-23 16:19:45 server.py:188] Confirm GPU group 188 for meta-llama/Meta-Llama-3-8B_sllm-condense_2 replica ed260205-bfe6-424f-8c54-bfe76e3c2792 success
INFO 07-23 16:19:45 server.py:188] Confirm GPU group 189 for meta-llama/Meta-Llama-3-8B_sllm-condense_2 replica ed260205-bfe6-424f-8c54-bfe76e3c2792 success
INFO 07-23 16:19:45 server.py:188] Confirm GPU group 190 for meta-llama/Meta-Llama-3-8B_sllm-condense_2 replica ed260205-bfe6-424f-8c54-bfe76e3c2792 success
INFO 07-23 16:19:45 server.py:188] Confirm GPU group 191 for meta-llama/Meta-Llama-3-8B_sllm-condense_2 replica ed260205-bfe6-424f-8c54-bfe76e3c2792 success
INFO 07-23 16:19:45 server.py:188] Confirm GPU group 192 for meta-llama/Meta-Llama-3-8B_sllm-condense_2 replica ed260205-bfe6-424f-8c54-bfe76e3c2792 success
INFO 07-23 16:19:45 server.py:188] Confirm GPU group 193 for meta-llama/Meta-Llama-3-8B_sllm-condense_2 replica ed260205-bfe6-424f-8c54-bfe76e3c2792 success
INFO 07-23 16:19:45 server.py:188] Confirm GPU group 194 for meta-llama/Meta-Llama-3-8B_sllm-condense_2 replica ed260205-bfe6-424f-8c54-bfe76e3c2792 success
INFO 07-23 16:19:45 server.py:188] Confirm GPU group 195 for meta-llama/Meta-Llama-3-8B_sllm-condense_2 replica ed260205-bfe6-424f-8c54-bfe76e3c2792 success
INFO 07-23 16:19:45 server.py:188] Confirm GPU group 196 for meta-llama/Meta-Llama-3-8B_sllm-condense_2 replica ed260205-bfe6-424f-8c54-bfe76e3c2792 success
INFO 07-23 16:19:45 server.py:188] Confirm GPU group 197 for meta-llama/Meta-Llama-3-8B_sllm-condense_2 replica ed260205-bfe6-424f-8c54-bfe76e3c2792 success
INFO 07-23 16:19:45 server.py:188] Confirm GPU group 198 for meta-llama/Meta-Llama-3-8B_sllm-condense_2 replica ed260205-bfe6-424f-8c54-bfe76e3c2792 success
INFO 07-23 16:19:45 server.py:188] Confirm GPU group 199 for meta-llama/Meta-Llama-3-8B_sllm-condense_2 replica ed260205-bfe6-424f-8c54-bfe76e3c2792 success
INFO 07-23 16:19:45 server.py:188] Confirm GPU group 200 for meta-llama/Meta-Llama-3-8B_sllm-condense_2 replica ed260205-bfe6-424f-8c54-bfe76e3c2792 success
INFO 07-23 16:19:45 server.py:188] Confirm GPU group 201 for meta-llama/Meta-Llama-3-8B_sllm-condense_2 replica ed260205-bfe6-424f-8c54-bfe76e3c2792 success
INFO 07-23 16:19:45 server.py:188] Confirm GPU group 202 for meta-llama/Meta-Llama-3-8B_sllm-condense_2 replica ed260205-bfe6-424f-8c54-bfe76e3c2792 success
INFO 07-23 16:19:45 server.py:188] Confirm GPU group 203 for meta-llama/Meta-Llama-3-8B_sllm-condense_2 replica ed260205-bfe6-424f-8c54-bfe76e3c2792 success
INFO 07-23 16:19:45 server.py:188] Confirm GPU group 204 for meta-llama/Meta-Llama-3-8B_sllm-condense_2 replica ed260205-bfe6-424f-8c54-bfe76e3c2792 success
INFO 07-23 16:19:45 server.py:188] Confirm GPU group 205 for meta-llama/Meta-Llama-3-8B_sllm-condense_2 replica ed260205-bfe6-424f-8c54-bfe76e3c2792 success
INFO 07-23 16:19:45 server.py:188] Confirm GPU group 206 for meta-llama/Meta-Llama-3-8B_sllm-condense_2 replica ed260205-bfe6-424f-8c54-bfe76e3c2792 success
INFO 07-23 16:19:45 server.py:188] Confirm GPU group 207 for meta-llama/Meta-Llama-3-8B_sllm-condense_2 replica ed260205-bfe6-424f-8c54-bfe76e3c2792 success
INFO 07-23 16:19:45 server.py:188] Confirm GPU group 208 for meta-llama/Meta-Llama-3-8B_sllm-condense_2 replica ed260205-bfe6-424f-8c54-bfe76e3c2792 success
INFO 07-23 16:19:45 server.py:188] Confirm GPU group 209 for meta-llama/Meta-Llama-3-8B_sllm-condense_2 replica ed260205-bfe6-424f-8c54-bfe76e3c2792 success
INFO 07-23 16:19:45 server.py:188] Confirm GPU group 210 for meta-llama/Meta-Llama-3-8B_sllm-condense_2 replica ed260205-bfe6-424f-8c54-bfe76e3c2792 success
INFO 07-23 16:19:45 server.py:188] Confirm GPU group 211 for meta-llama/Meta-Llama-3-8B_sllm-condense_2 replica ed260205-bfe6-424f-8c54-bfe76e3c2792 success
INFO 07-23 16:19:45 server.py:188] Confirm GPU group 212 for meta-llama/Meta-Llama-3-8B_sllm-condense_2 replica ed260205-bfe6-424f-8c54-bfe76e3c2792 success
INFO 07-23 16:19:45 server.py:188] Confirm GPU group 213 for meta-llama/Meta-Llama-3-8B_sllm-condense_2 replica ed260205-bfe6-424f-8c54-bfe76e3c2792 success
INFO 07-23 16:19:45 server.py:188] Confirm GPU group 214 for meta-llama/Meta-Llama-3-8B_sllm-condense_2 replica ed260205-bfe6-424f-8c54-bfe76e3c2792 success
INFO 07-23 16:19:45 server.py:188] Confirm GPU group 215 for meta-llama/Meta-Llama-3-8B_sllm-condense_2 replica ed260205-bfe6-424f-8c54-bfe76e3c2792 success
INFO 07-23 16:19:45 server.py:188] Confirm GPU group 216 for meta-llama/Meta-Llama-3-8B_sllm-condense_2 replica ed260205-bfe6-424f-8c54-bfe76e3c2792 success
INFO 07-23 16:19:45 server.py:188] Confirm GPU group 217 for meta-llama/Meta-Llama-3-8B_sllm-condense_2 replica ed260205-bfe6-424f-8c54-bfe76e3c2792 success
INFO 07-23 16:19:45 server.py:188] Confirm GPU group 218 for meta-llama/Meta-Llama-3-8B_sllm-condense_2 replica ed260205-bfe6-424f-8c54-bfe76e3c2792 success
INFO 07-23 16:19:45 server.py:188] Confirm GPU group 219 for meta-llama/Meta-Llama-3-8B_sllm-condense_2 replica ed260205-bfe6-424f-8c54-bfe76e3c2792 success
INFO 07-23 16:19:45 server.py:188] Confirm GPU group 220 for meta-llama/Meta-Llama-3-8B_sllm-condense_2 replica ed260205-bfe6-424f-8c54-bfe76e3c2792 success
INFO 07-23 16:19:45 server.py:188] Confirm GPU group 221 for meta-llama/Meta-Llama-3-8B_sllm-condense_2 replica ed260205-bfe6-424f-8c54-bfe76e3c2792 success
INFO 07-23 16:19:45 server.py:188] Confirm GPU group 222 for meta-llama/Meta-Llama-3-8B_sllm-condense_2 replica ed260205-bfe6-424f-8c54-bfe76e3c2792 success
INFO 07-23 16:19:45 server.py:188] Confirm GPU group 223 for meta-llama/Meta-Llama-3-8B_sllm-condense_2 replica ed260205-bfe6-424f-8c54-bfe76e3c2792 success
INFO 07-23 16:19:45 server.py:188] Confirm GPU group 224 for meta-llama/Meta-Llama-3-8B_sllm-condense_2 replica ed260205-bfe6-424f-8c54-bfe76e3c2792 success
INFO 07-23 16:19:45 server.py:188] Confirm GPU group 225 for meta-llama/Meta-Llama-3-8B_sllm-condense_2 replica ed260205-bfe6-424f-8c54-bfe76e3c2792 success
INFO 07-23 16:19:45 server.py:188] Confirm GPU group 226 for meta-llama/Meta-Llama-3-8B_sllm-condense_2 replica ed260205-bfe6-424f-8c54-bfe76e3c2792 success
INFO 07-23 16:19:45 server.py:188] Confirm GPU group 227 for meta-llama/Meta-Llama-3-8B_sllm-condense_2 replica ed260205-bfe6-424f-8c54-bfe76e3c2792 success
INFO 07-23 16:19:45 server.py:188] Confirm GPU group 228 for meta-llama/Meta-Llama-3-8B_sllm-condense_2 replica ed260205-bfe6-424f-8c54-bfe76e3c2792 success
INFO 07-23 16:19:45 server.py:188] Confirm GPU group 229 for meta-llama/Meta-Llama-3-8B_sllm-condense_2 replica ed260205-bfe6-424f-8c54-bfe76e3c2792 success
INFO 07-23 16:19:45 server.py:188] Confirm GPU group 230 for meta-llama/Meta-Llama-3-8B_sllm-condense_2 replica ed260205-bfe6-424f-8c54-bfe76e3c2792 success
INFO 07-23 16:19:45 server.py:188] Confirm GPU group 231 for meta-llama/Meta-Llama-3-8B_sllm-condense_2 replica ed260205-bfe6-424f-8c54-bfe76e3c2792 success
INFO 07-23 16:19:45 server.py:188] Confirm GPU group 232 for meta-llama/Meta-Llama-3-8B_sllm-condense_2 replica ed260205-bfe6-424f-8c54-bfe76e3c2792 success
INFO 07-23 16:19:45 server.py:188] Confirm GPU group 233 for meta-llama/Meta-Llama-3-8B_sllm-condense_2 replica ed260205-bfe6-424f-8c54-bfe76e3c2792 success
INFO 07-23 16:19:45 server.py:188] Confirm GPU group 234 for meta-llama/Meta-Llama-3-8B_sllm-condense_2 replica ed260205-bfe6-424f-8c54-bfe76e3c2792 success
INFO 07-23 16:19:45 server.py:188] Confirm GPU group 235 for meta-llama/Meta-Llama-3-8B_sllm-condense_2 replica ed260205-bfe6-424f-8c54-bfe76e3c2792 success
INFO 07-23 16:19:46 server.py:188] Confirm GPU group 236 for meta-llama/Meta-Llama-3-8B_sllm-condense_2 replica ed260205-bfe6-424f-8c54-bfe76e3c2792 success
INFO 07-23 16:19:46 server.py:188] Confirm GPU group 237 for meta-llama/Meta-Llama-3-8B_sllm-condense_2 replica ed260205-bfe6-424f-8c54-bfe76e3c2792 success
INFO 07-23 16:19:46 server.py:188] Confirm GPU group 238 for meta-llama/Meta-Llama-3-8B_sllm-condense_2 replica ed260205-bfe6-424f-8c54-bfe76e3c2792 success
INFO 07-23 16:19:46 server.py:188] Confirm GPU group 239 for meta-llama/Meta-Llama-3-8B_sllm-condense_2 replica ed260205-bfe6-424f-8c54-bfe76e3c2792 success
INFO 07-23 16:19:46 server.py:188] Confirm GPU group 240 for meta-llama/Meta-Llama-3-8B_sllm-condense_2 replica ed260205-bfe6-424f-8c54-bfe76e3c2792 success
INFO 07-23 16:19:46 server.py:188] Confirm GPU group 241 for meta-llama/Meta-Llama-3-8B_sllm-condense_2 replica ed260205-bfe6-424f-8c54-bfe76e3c2792 success
INFO 07-23 16:19:46 server.py:188] Confirm GPU group 242 for meta-llama/Meta-Llama-3-8B_sllm-condense_2 replica ed260205-bfe6-424f-8c54-bfe76e3c2792 success
INFO 07-23 16:19:46 server.py:188] Confirm GPU group 243 for meta-llama/Meta-Llama-3-8B_sllm-condense_2 replica ed260205-bfe6-424f-8c54-bfe76e3c2792 success
INFO 07-23 16:19:46 server.py:188] Confirm GPU group 244 for meta-llama/Meta-Llama-3-8B_sllm-condense_2 replica ed260205-bfe6-424f-8c54-bfe76e3c2792 success
INFO 07-23 16:19:46 server.py:188] Confirm GPU group 245 for meta-llama/Meta-Llama-3-8B_sllm-condense_2 replica ed260205-bfe6-424f-8c54-bfe76e3c2792 success
INFO 07-23 16:19:46 server.py:188] Confirm GPU group 246 for meta-llama/Meta-Llama-3-8B_sllm-condense_2 replica ed260205-bfe6-424f-8c54-bfe76e3c2792 success
INFO 07-23 16:19:46 server.py:188] Confirm GPU group 247 for meta-llama/Meta-Llama-3-8B_sllm-condense_2 replica ed260205-bfe6-424f-8c54-bfe76e3c2792 success
INFO 07-23 16:19:46 server.py:188] Confirm GPU group 248 for meta-llama/Meta-Llama-3-8B_sllm-condense_2 replica ed260205-bfe6-424f-8c54-bfe76e3c2792 success
INFO 07-23 16:19:46 server.py:188] Confirm GPU group 249 for meta-llama/Meta-Llama-3-8B_sllm-condense_2 replica ed260205-bfe6-424f-8c54-bfe76e3c2792 success
INFO 07-23 16:19:46 server.py:188] Confirm GPU group 250 for meta-llama/Meta-Llama-3-8B_sllm-condense_2 replica ed260205-bfe6-424f-8c54-bfe76e3c2792 success
INFO 07-23 16:19:46 server.py:188] Confirm GPU group 251 for meta-llama/Meta-Llama-3-8B_sllm-condense_2 replica ed260205-bfe6-424f-8c54-bfe76e3c2792 success
INFO 07-23 16:19:46 server.py:188] Confirm GPU group 252 for meta-llama/Meta-Llama-3-8B_sllm-condense_2 replica ed260205-bfe6-424f-8c54-bfe76e3c2792 success
INFO 07-23 16:19:46 server.py:188] Confirm GPU group 253 for meta-llama/Meta-Llama-3-8B_sllm-condense_2 replica ed260205-bfe6-424f-8c54-bfe76e3c2792 success
INFO 07-23 16:19:46 server.py:188] Confirm GPU group 254 for meta-llama/Meta-Llama-3-8B_sllm-condense_2 replica ed260205-bfe6-424f-8c54-bfe76e3c2792 success
INFO 07-23 16:19:46 server.py:188] Confirm GPU group 255 for meta-llama/Meta-Llama-3-8B_sllm-condense_2 replica ed260205-bfe6-424f-8c54-bfe76e3c2792 success
INFO 07-23 16:19:46 server.py:188] Confirm GPU group 256 for meta-llama/Meta-Llama-3-8B_sllm-condense_2 replica ed260205-bfe6-424f-8c54-bfe76e3c2792 success
INFO 07-23 16:19:46 server.py:188] Confirm GPU group 257 for meta-llama/Meta-Llama-3-8B_sllm-condense_2 replica ed260205-bfe6-424f-8c54-bfe76e3c2792 success
INFO 07-23 16:19:46 server.py:188] Confirm GPU group 258 for meta-llama/Meta-Llama-3-8B_sllm-condense_2 replica ed260205-bfe6-424f-8c54-bfe76e3c2792 success
INFO 07-23 16:19:46 server.py:188] Confirm GPU group 259 for meta-llama/Meta-Llama-3-8B_sllm-condense_2 replica ed260205-bfe6-424f-8c54-bfe76e3c2792 success
INFO 07-23 16:19:46 server.py:188] Confirm GPU group 260 for meta-llama/Meta-Llama-3-8B_sllm-condense_2 replica ed260205-bfe6-424f-8c54-bfe76e3c2792 success
INFO 07-23 16:19:46 server.py:188] Confirm GPU group 261 for meta-llama/Meta-Llama-3-8B_sllm-condense_2 replica ed260205-bfe6-424f-8c54-bfe76e3c2792 success
INFO 07-23 16:19:46 server.py:188] Confirm GPU group 262 for meta-llama/Meta-Llama-3-8B_sllm-condense_2 replica ed260205-bfe6-424f-8c54-bfe76e3c2792 success
INFO 07-23 16:19:46 server.py:188] Confirm GPU group 263 for meta-llama/Meta-Llama-3-8B_sllm-condense_2 replica ed260205-bfe6-424f-8c54-bfe76e3c2792 success
INFO 07-23 16:19:46 server.py:188] Confirm GPU group 264 for meta-llama/Meta-Llama-3-8B_sllm-condense_2 replica ed260205-bfe6-424f-8c54-bfe76e3c2792 success
INFO 07-23 16:19:46 server.py:188] Confirm GPU group 265 for meta-llama/Meta-Llama-3-8B_sllm-condense_2 replica ed260205-bfe6-424f-8c54-bfe76e3c2792 success
INFO 07-23 16:19:46 server.py:188] Confirm GPU group 266 for meta-llama/Meta-Llama-3-8B_sllm-condense_2 replica ed260205-bfe6-424f-8c54-bfe76e3c2792 success
INFO 07-23 16:19:46 server.py:188] Confirm GPU group 267 for meta-llama/Meta-Llama-3-8B_sllm-condense_2 replica ed260205-bfe6-424f-8c54-bfe76e3c2792 success
INFO 07-23 16:19:46 server.py:188] Confirm GPU group 268 for meta-llama/Meta-Llama-3-8B_sllm-condense_2 replica ed260205-bfe6-424f-8c54-bfe76e3c2792 success
INFO 07-23 16:19:46 server.py:188] Confirm GPU group 269 for meta-llama/Meta-Llama-3-8B_sllm-condense_2 replica ed260205-bfe6-424f-8c54-bfe76e3c2792 success
INFO 07-23 16:19:46 server.py:188] Confirm GPU group 270 for meta-llama/Meta-Llama-3-8B_sllm-condense_2 replica ed260205-bfe6-424f-8c54-bfe76e3c2792 success
INFO 07-23 16:19:46 server.py:188] Confirm GPU group 271 for meta-llama/Meta-Llama-3-8B_sllm-condense_2 replica ed260205-bfe6-424f-8c54-bfe76e3c2792 success
INFO 07-23 16:19:46 server.py:188] Confirm GPU group 272 for meta-llama/Meta-Llama-3-8B_sllm-condense_2 replica ed260205-bfe6-424f-8c54-bfe76e3c2792 success
INFO 07-23 16:19:46 server.py:188] Confirm GPU group 273 for meta-llama/Meta-Llama-3-8B_sllm-condense_2 replica ed260205-bfe6-424f-8c54-bfe76e3c2792 success
INFO 07-23 16:19:46 server.py:188] Confirm GPU group 274 for meta-llama/Meta-Llama-3-8B_sllm-condense_2 replica ed260205-bfe6-424f-8c54-bfe76e3c2792 success
INFO 07-23 16:19:46 server.py:188] Confirm GPU group 275 for meta-llama/Meta-Llama-3-8B_sllm-condense_2 replica ed260205-bfe6-424f-8c54-bfe76e3c2792 success
INFO 07-23 16:19:46 server.py:188] Confirm GPU group 276 for meta-llama/Meta-Llama-3-8B_sllm-condense_2 replica ed260205-bfe6-424f-8c54-bfe76e3c2792 success
INFO 07-23 16:19:46 server.py:188] Confirm GPU group 277 for meta-llama/Meta-Llama-3-8B_sllm-condense_2 replica ed260205-bfe6-424f-8c54-bfe76e3c2792 success
INFO 07-23 16:19:46 server.py:188] Confirm GPU group 278 for meta-llama/Meta-Llama-3-8B_sllm-condense_2 replica ed260205-bfe6-424f-8c54-bfe76e3c2792 success
INFO 07-23 16:19:46 server.py:188] Confirm GPU group 279 for meta-llama/Meta-Llama-3-8B_sllm-condense_2 replica ed260205-bfe6-424f-8c54-bfe76e3c2792 success
INFO 07-23 16:19:46 server.py:188] Confirm GPU group 280 for meta-llama/Meta-Llama-3-8B_sllm-condense_2 replica ed260205-bfe6-424f-8c54-bfe76e3c2792 success
INFO 07-23 16:19:46 server.py:188] Confirm GPU group 281 for meta-llama/Meta-Llama-3-8B_sllm-condense_2 replica ed260205-bfe6-424f-8c54-bfe76e3c2792 success
INFO 07-23 16:19:46 server.py:188] Confirm GPU group 282 for meta-llama/Meta-Llama-3-8B_sllm-condense_2 replica ed260205-bfe6-424f-8c54-bfe76e3c2792 success
INFO 07-23 16:19:46 server.py:188] Confirm GPU group 283 for meta-llama/Meta-Llama-3-8B_sllm-condense_2 replica ed260205-bfe6-424f-8c54-bfe76e3c2792 success
INFO 07-23 16:19:46 server.py:188] Confirm GPU group 284 for meta-llama/Meta-Llama-3-8B_sllm-condense_2 replica ed260205-bfe6-424f-8c54-bfe76e3c2792 success
INFO 07-23 16:19:46 server.py:188] Confirm GPU group 285 for meta-llama/Meta-Llama-3-8B_sllm-condense_2 replica ed260205-bfe6-424f-8c54-bfe76e3c2792 success
INFO 07-23 16:19:46 server.py:188] Confirm GPU group 286 for meta-llama/Meta-Llama-3-8B_sllm-condense_2 replica ed260205-bfe6-424f-8c54-bfe76e3c2792 success
INFO 07-23 16:19:46 server.py:188] Confirm GPU group 287 for meta-llama/Meta-Llama-3-8B_sllm-condense_2 replica ed260205-bfe6-424f-8c54-bfe76e3c2792 success
INFO 07-23 16:19:46 server.py:188] Confirm GPU group 288 for meta-llama/Meta-Llama-3-8B_sllm-condense_2 replica ed260205-bfe6-424f-8c54-bfe76e3c2792 success
INFO 07-23 16:19:46 server.py:188] Confirm GPU group 289 for meta-llama/Meta-Llama-3-8B_sllm-condense_2 replica ed260205-bfe6-424f-8c54-bfe76e3c2792 success
INFO 07-23 16:19:46 server.py:188] Confirm GPU group 290 for meta-llama/Meta-Llama-3-8B_sllm-condense_2 replica ed260205-bfe6-424f-8c54-bfe76e3c2792 success
INFO 07-23 16:19:46 server.py:138] Confirm model meta-llama/Meta-Llama-3-8B_sllm-condense_2 replica ed260205-bfe6-424f-8c54-bfe76e3c2792 success
I20260723 16:19:49.639842 3727287 model.cpp:53] Tensor file "/mnt/data1/mechels/meta-llama/Meta-Llama-3-8B_sllm-condense_1/tensor.data_1" does not exist
I20260723 16:19:49.639911 3727287 checkpoint_store.cpp:106] Model meta-llama/Meta-Llama-3-8B_sllm-condense_1 is registered
INFO 07-23 16:19:49 server.py:115] LoadModel: success meta-llama/Meta-Llama-3-8B_sllm-condense_1 with target 1
I20260723 16:19:49.642058 3772351 pinned_memory_pool.cpp:78] PinnedMemoryPool Allocate 423 buffers free buffers 1202 total buffers 2048
I20260723 16:19:49.663686 3772351 model.cpp:120] Loading model meta-llama/Meta-Llama-3-8B_sllm-condense_1 size 7080766208 to host
I20260723 16:19:49.663717 3772351 model.cpp:134] Loading model meta-llama/Meta-Llama-3-8B_sllm-condense_1 to host with 4 threads, 423 chunks, 16777216 chunk size, 106 chunks per thread
I20260723 16:19:49.663808 3772353 model.cpp:155] Thread 0 starting from partition 0 offset 0
I20260723 16:19:49.663887 3772355 model.cpp:155] Thread 2 starting from partition 0 offset 3556769792
I20260723 16:19:49.663938 3772354 model.cpp:155] Thread 1 starting from partition 0 offset 1778384896
I20260723 16:19:49.664070 3772356 model.cpp:155] Thread 3 starting from partition 0 offset 5335154688
I20260723 16:19:50.046721 3772366 checkpoint_store.cpp:209] Loading model meta-llama/Meta-Llama-3-8B_sllm-condense_1
INFO 07-23 16:19:50 server.py:115] LoadModel: success meta-llama/Meta-Llama-3-8B_sllm-condense_1 with target 2
I20260723 16:19:50.452042 3772366 model.cpp:269] Creating replica b957ab74-de9e-48ca-a018-52d73ae03f2d
I20260723 16:19:50.452116 3772366 model.cpp:273] Creating queue for device 0
I20260723 16:19:50.452185 3772366 model.cpp:285] Created replica b957ab74-de9e-48ca-a018-52d73ae03f2d
I20260723 16:19:50.452374 3772366 model.cpp:296] Dispatcher started for model meta-llama/Meta-Llama-3-8B_sllm-condense_1
I20260723 16:19:50.452452 3772366 model.cpp:363] Waiting for model meta-llama/Meta-Llama-3-8B_sllm-condense_1 num tasks 1 state 3
INFO 07-23 16:20:04 server.py:188] Confirm GPU group 0 for meta-llama/Meta-Llama-3-8B_sllm-condense_1 replica b957ab74-de9e-48ca-a018-52d73ae03f2d success
INFO 07-23 16:20:04 server.py:188] Confirm GPU group 1 for meta-llama/Meta-Llama-3-8B_sllm-condense_1 replica b957ab74-de9e-48ca-a018-52d73ae03f2d success
INFO 07-23 16:20:05 server.py:188] Confirm GPU group 2 for meta-llama/Meta-Llama-3-8B_sllm-condense_1 replica b957ab74-de9e-48ca-a018-52d73ae03f2d success
INFO 07-23 16:20:05 server.py:188] Confirm GPU group 3 for meta-llama/Meta-Llama-3-8B_sllm-condense_1 replica b957ab74-de9e-48ca-a018-52d73ae03f2d success
INFO 07-23 16:20:05 server.py:188] Confirm GPU group 4 for meta-llama/Meta-Llama-3-8B_sllm-condense_1 replica b957ab74-de9e-48ca-a018-52d73ae03f2d success
INFO 07-23 16:20:07 server.py:188] Confirm GPU group 5 for meta-llama/Meta-Llama-3-8B_sllm-condense_1 replica b957ab74-de9e-48ca-a018-52d73ae03f2d success
INFO 07-23 16:20:09 server.py:188] Confirm GPU group 6 for meta-llama/Meta-Llama-3-8B_sllm-condense_1 replica b957ab74-de9e-48ca-a018-52d73ae03f2d success
INFO 07-23 16:20:11 server.py:188] Confirm GPU group 7 for meta-llama/Meta-Llama-3-8B_sllm-condense_1 replica b957ab74-de9e-48ca-a018-52d73ae03f2d success
INFO 07-23 16:20:11 server.py:188] Confirm GPU group 8 for meta-llama/Meta-Llama-3-8B_sllm-condense_1 replica b957ab74-de9e-48ca-a018-52d73ae03f2d success
INFO 07-23 16:20:11 server.py:188] Confirm GPU group 9 for meta-llama/Meta-Llama-3-8B_sllm-condense_1 replica b957ab74-de9e-48ca-a018-52d73ae03f2d success
INFO 07-23 16:20:11 server.py:188] Confirm GPU group 10 for meta-llama/Meta-Llama-3-8B_sllm-condense_1 replica b957ab74-de9e-48ca-a018-52d73ae03f2d success
INFO 07-23 16:20:11 server.py:188] Confirm GPU group 11 for meta-llama/Meta-Llama-3-8B_sllm-condense_1 replica b957ab74-de9e-48ca-a018-52d73ae03f2d success
INFO 07-23 16:20:12 server.py:188] Confirm GPU group 12 for meta-llama/Meta-Llama-3-8B_sllm-condense_1 replica b957ab74-de9e-48ca-a018-52d73ae03f2d success
INFO 07-23 16:20:13 server.py:188] Confirm GPU group 13 for meta-llama/Meta-Llama-3-8B_sllm-condense_1 replica b957ab74-de9e-48ca-a018-52d73ae03f2d success
INFO 07-23 16:20:14 server.py:188] Confirm GPU group 14 for meta-llama/Meta-Llama-3-8B_sllm-condense_1 replica b957ab74-de9e-48ca-a018-52d73ae03f2d success
INFO 07-23 16:20:16 server.py:188] Confirm GPU group 15 for meta-llama/Meta-Llama-3-8B_sllm-condense_1 replica b957ab74-de9e-48ca-a018-52d73ae03f2d success
INFO 07-23 16:20:18 server.py:188] Confirm GPU group 16 for meta-llama/Meta-Llama-3-8B_sllm-condense_1 replica b957ab74-de9e-48ca-a018-52d73ae03f2d success
INFO 07-23 16:20:18 server.py:188] Confirm GPU group 17 for meta-llama/Meta-Llama-3-8B_sllm-condense_1 replica b957ab74-de9e-48ca-a018-52d73ae03f2d success
INFO 07-23 16:20:18 server.py:188] Confirm GPU group 18 for meta-llama/Meta-Llama-3-8B_sllm-condense_1 replica b957ab74-de9e-48ca-a018-52d73ae03f2d success
INFO 07-23 16:20:18 server.py:188] Confirm GPU group 19 for meta-llama/Meta-Llama-3-8B_sllm-condense_1 replica b957ab74-de9e-48ca-a018-52d73ae03f2d success
INFO 07-23 16:20:18 server.py:188] Confirm GPU group 20 for meta-llama/Meta-Llama-3-8B_sllm-condense_1 replica b957ab74-de9e-48ca-a018-52d73ae03f2d success
INFO 07-23 16:20:19 server.py:188] Confirm GPU group 21 for meta-llama/Meta-Llama-3-8B_sllm-condense_1 replica b957ab74-de9e-48ca-a018-52d73ae03f2d success
INFO 07-23 16:20:19 server.py:188] Confirm GPU group 22 for meta-llama/Meta-Llama-3-8B_sllm-condense_1 replica b957ab74-de9e-48ca-a018-52d73ae03f2d success
INFO 07-23 16:20:21 server.py:188] Confirm GPU group 23 for meta-llama/Meta-Llama-3-8B_sllm-condense_1 replica b957ab74-de9e-48ca-a018-52d73ae03f2d success
INFO 07-23 16:20:23 server.py:188] Confirm GPU group 24 for meta-llama/Meta-Llama-3-8B_sllm-condense_1 replica b957ab74-de9e-48ca-a018-52d73ae03f2d success
INFO 07-23 16:20:25 server.py:188] Confirm GPU group 25 for meta-llama/Meta-Llama-3-8B_sllm-condense_1 replica b957ab74-de9e-48ca-a018-52d73ae03f2d success
INFO 07-23 16:20:25 server.py:188] Confirm GPU group 26 for meta-llama/Meta-Llama-3-8B_sllm-condense_1 replica b957ab74-de9e-48ca-a018-52d73ae03f2d success
INFO 07-23 16:20:25 server.py:188] Confirm GPU group 27 for meta-llama/Meta-Llama-3-8B_sllm-condense_1 replica b957ab74-de9e-48ca-a018-52d73ae03f2d success
INFO 07-23 16:20:25 server.py:188] Confirm GPU group 28 for meta-llama/Meta-Llama-3-8B_sllm-condense_1 replica b957ab74-de9e-48ca-a018-52d73ae03f2d success
INFO 07-23 16:20:25 server.py:188] Confirm GPU group 29 for meta-llama/Meta-Llama-3-8B_sllm-condense_1 replica b957ab74-de9e-48ca-a018-52d73ae03f2d success
INFO 07-23 16:20:26 server.py:188] Confirm GPU group 30 for meta-llama/Meta-Llama-3-8B_sllm-condense_1 replica b957ab74-de9e-48ca-a018-52d73ae03f2d success
INFO 07-23 16:20:27 server.py:188] Confirm GPU group 31 for meta-llama/Meta-Llama-3-8B_sllm-condense_1 replica b957ab74-de9e-48ca-a018-52d73ae03f2d success
INFO 07-23 16:20:28 server.py:188] Confirm GPU group 32 for meta-llama/Meta-Llama-3-8B_sllm-condense_1 replica b957ab74-de9e-48ca-a018-52d73ae03f2d success
INFO 07-23 16:20:30 server.py:188] Confirm GPU group 33 for meta-llama/Meta-Llama-3-8B_sllm-condense_1 replica b957ab74-de9e-48ca-a018-52d73ae03f2d success
INFO 07-23 16:20:32 server.py:188] Confirm GPU group 34 for meta-llama/Meta-Llama-3-8B_sllm-condense_1 replica b957ab74-de9e-48ca-a018-52d73ae03f2d success
INFO 07-23 16:20:32 server.py:188] Confirm GPU group 35 for meta-llama/Meta-Llama-3-8B_sllm-condense_1 replica b957ab74-de9e-48ca-a018-52d73ae03f2d success
INFO 07-23 16:20:32 server.py:188] Confirm GPU group 36 for meta-llama/Meta-Llama-3-8B_sllm-condense_1 replica b957ab74-de9e-48ca-a018-52d73ae03f2d success
INFO 07-23 16:20:33 server.py:188] Confirm GPU group 37 for meta-llama/Meta-Llama-3-8B_sllm-condense_1 replica b957ab74-de9e-48ca-a018-52d73ae03f2d success
INFO 07-23 16:20:33 server.py:188] Confirm GPU group 38 for meta-llama/Meta-Llama-3-8B_sllm-condense_1 replica b957ab74-de9e-48ca-a018-52d73ae03f2d success
INFO 07-23 16:20:33 server.py:188] Confirm GPU group 39 for meta-llama/Meta-Llama-3-8B_sllm-condense_1 replica b957ab74-de9e-48ca-a018-52d73ae03f2d success
INFO 07-23 16:20:33 server.py:188] Confirm GPU group 40 for meta-llama/Meta-Llama-3-8B_sllm-condense_1 replica b957ab74-de9e-48ca-a018-52d73ae03f2d success
INFO 07-23 16:20:36 server.py:188] Confirm GPU group 41 for meta-llama/Meta-Llama-3-8B_sllm-condense_1 replica b957ab74-de9e-48ca-a018-52d73ae03f2d success
INFO 07-23 16:20:37 server.py:188] Confirm GPU group 42 for meta-llama/Meta-Llama-3-8B_sllm-condense_1 replica b957ab74-de9e-48ca-a018-52d73ae03f2d success
INFO 07-23 16:20:39 server.py:188] Confirm GPU group 43 for meta-llama/Meta-Llama-3-8B_sllm-condense_1 replica b957ab74-de9e-48ca-a018-52d73ae03f2d success
INFO 07-23 16:20:39 server.py:188] Confirm GPU group 44 for meta-llama/Meta-Llama-3-8B_sllm-condense_1 replica b957ab74-de9e-48ca-a018-52d73ae03f2d success
INFO 07-23 16:20:39 server.py:188] Confirm GPU group 45 for meta-llama/Meta-Llama-3-8B_sllm-condense_1 replica b957ab74-de9e-48ca-a018-52d73ae03f2d success
INFO 07-23 16:20:40 server.py:188] Confirm GPU group 46 for meta-llama/Meta-Llama-3-8B_sllm-condense_1 replica b957ab74-de9e-48ca-a018-52d73ae03f2d success
INFO 07-23 16:20:40 server.py:188] Confirm GPU group 47 for meta-llama/Meta-Llama-3-8B_sllm-condense_1 replica b957ab74-de9e-48ca-a018-52d73ae03f2d success
INFO 07-23 16:20:40 server.py:188] Confirm GPU group 48 for meta-llama/Meta-Llama-3-8B_sllm-condense_1 replica b957ab74-de9e-48ca-a018-52d73ae03f2d success
INFO 07-23 16:20:40 server.py:188] Confirm GPU group 49 for meta-llama/Meta-Llama-3-8B_sllm-condense_1 replica b957ab74-de9e-48ca-a018-52d73ae03f2d success
INFO 07-23 16:20:42 server.py:188] Confirm GPU group 50 for meta-llama/Meta-Llama-3-8B_sllm-condense_1 replica b957ab74-de9e-48ca-a018-52d73ae03f2d success
INFO 07-23 16:20:44 server.py:188] Confirm GPU group 51 for meta-llama/Meta-Llama-3-8B_sllm-condense_1 replica b957ab74-de9e-48ca-a018-52d73ae03f2d success
INFO 07-23 16:20:46 server.py:188] Confirm GPU group 52 for meta-llama/Meta-Llama-3-8B_sllm-condense_1 replica b957ab74-de9e-48ca-a018-52d73ae03f2d success
INFO 07-23 16:20:46 server.py:188] Confirm GPU group 53 for meta-llama/Meta-Llama-3-8B_sllm-condense_1 replica b957ab74-de9e-48ca-a018-52d73ae03f2d success
INFO 07-23 16:20:46 server.py:188] Confirm GPU group 54 for meta-llama/Meta-Llama-3-8B_sllm-condense_1 replica b957ab74-de9e-48ca-a018-52d73ae03f2d success
INFO 07-23 16:20:46 server.py:188] Confirm GPU group 55 for meta-llama/Meta-Llama-3-8B_sllm-condense_1 replica b957ab74-de9e-48ca-a018-52d73ae03f2d success
INFO 07-23 16:20:46 server.py:188] Confirm GPU group 56 for meta-llama/Meta-Llama-3-8B_sllm-condense_1 replica b957ab74-de9e-48ca-a018-52d73ae03f2d success
INFO 07-23 16:20:47 server.py:188] Confirm GPU group 57 for meta-llama/Meta-Llama-3-8B_sllm-condense_1 replica b957ab74-de9e-48ca-a018-52d73ae03f2d success
INFO 07-23 16:20:47 server.py:188] Confirm GPU group 58 for meta-llama/Meta-Llama-3-8B_sllm-condense_1 replica b957ab74-de9e-48ca-a018-52d73ae03f2d success
INFO 07-23 16:20:49 server.py:188] Confirm GPU group 59 for meta-llama/Meta-Llama-3-8B_sllm-condense_1 replica b957ab74-de9e-48ca-a018-52d73ae03f2d success
INFO 07-23 16:20:50 server.py:188] Confirm GPU group 60 for meta-llama/Meta-Llama-3-8B_sllm-condense_1 replica b957ab74-de9e-48ca-a018-52d73ae03f2d success
INFO 07-23 16:20:51 server.py:188] Confirm GPU group 61 for meta-llama/Meta-Llama-3-8B_sllm-condense_1 replica b957ab74-de9e-48ca-a018-52d73ae03f2d success
INFO 07-23 16:20:51 server.py:188] Confirm GPU group 62 for meta-llama/Meta-Llama-3-8B_sllm-condense_1 replica b957ab74-de9e-48ca-a018-52d73ae03f2d success
INFO 07-23 16:20:51 server.py:188] Confirm GPU group 63 for meta-llama/Meta-Llama-3-8B_sllm-condense_1 replica b957ab74-de9e-48ca-a018-52d73ae03f2d success
INFO 07-23 16:20:51 server.py:188] Confirm GPU group 64 for meta-llama/Meta-Llama-3-8B_sllm-condense_1 replica b957ab74-de9e-48ca-a018-52d73ae03f2d success
INFO 07-23 16:20:51 server.py:188] Confirm GPU group 65 for meta-llama/Meta-Llama-3-8B_sllm-condense_1 replica b957ab74-de9e-48ca-a018-52d73ae03f2d success
INFO 07-23 16:20:51 server.py:188] Confirm GPU group 66 for meta-llama/Meta-Llama-3-8B_sllm-condense_1 replica b957ab74-de9e-48ca-a018-52d73ae03f2d success
INFO 07-23 16:20:51 server.py:188] Confirm GPU group 67 for meta-llama/Meta-Llama-3-8B_sllm-condense_1 replica b957ab74-de9e-48ca-a018-52d73ae03f2d success
INFO 07-23 16:20:51 server.py:188] Confirm GPU group 68 for meta-llama/Meta-Llama-3-8B_sllm-condense_1 replica b957ab74-de9e-48ca-a018-52d73ae03f2d success
INFO 07-23 16:20:51 server.py:188] Confirm GPU group 69 for meta-llama/Meta-Llama-3-8B_sllm-condense_1 replica b957ab74-de9e-48ca-a018-52d73ae03f2d success
INFO 07-23 16:20:51 server.py:188] Confirm GPU group 70 for meta-llama/Meta-Llama-3-8B_sllm-condense_1 replica b957ab74-de9e-48ca-a018-52d73ae03f2d success
INFO 07-23 16:20:51 server.py:188] Confirm GPU group 71 for meta-llama/Meta-Llama-3-8B_sllm-condense_1 replica b957ab74-de9e-48ca-a018-52d73ae03f2d success
INFO 07-23 16:20:51 server.py:188] Confirm GPU group 72 for meta-llama/Meta-Llama-3-8B_sllm-condense_1 replica b957ab74-de9e-48ca-a018-52d73ae03f2d success
INFO 07-23 16:20:51 server.py:188] Confirm GPU group 73 for meta-llama/Meta-Llama-3-8B_sllm-condense_1 replica b957ab74-de9e-48ca-a018-52d73ae03f2d success
INFO 07-23 16:20:51 server.py:188] Confirm GPU group 74 for meta-llama/Meta-Llama-3-8B_sllm-condense_1 replica b957ab74-de9e-48ca-a018-52d73ae03f2d success
INFO 07-23 16:20:51 server.py:188] Confirm GPU group 75 for meta-llama/Meta-Llama-3-8B_sllm-condense_1 replica b957ab74-de9e-48ca-a018-52d73ae03f2d success
INFO 07-23 16:20:51 server.py:188] Confirm GPU group 76 for meta-llama/Meta-Llama-3-8B_sllm-condense_1 replica b957ab74-de9e-48ca-a018-52d73ae03f2d success
INFO 07-23 16:20:51 server.py:188] Confirm GPU group 77 for meta-llama/Meta-Llama-3-8B_sllm-condense_1 replica b957ab74-de9e-48ca-a018-52d73ae03f2d success
INFO 07-23 16:20:51 server.py:188] Confirm GPU group 78 for meta-llama/Meta-Llama-3-8B_sllm-condense_1 replica b957ab74-de9e-48ca-a018-52d73ae03f2d success
INFO 07-23 16:20:51 server.py:188] Confirm GPU group 79 for meta-llama/Meta-Llama-3-8B_sllm-condense_1 replica b957ab74-de9e-48ca-a018-52d73ae03f2d success
INFO 07-23 16:20:51 server.py:188] Confirm GPU group 80 for meta-llama/Meta-Llama-3-8B_sllm-condense_1 replica b957ab74-de9e-48ca-a018-52d73ae03f2d success
INFO 07-23 16:20:51 server.py:188] Confirm GPU group 81 for meta-llama/Meta-Llama-3-8B_sllm-condense_1 replica b957ab74-de9e-48ca-a018-52d73ae03f2d success
INFO 07-23 16:20:51 server.py:188] Confirm GPU group 82 for meta-llama/Meta-Llama-3-8B_sllm-condense_1 replica b957ab74-de9e-48ca-a018-52d73ae03f2d success
INFO 07-23 16:20:51 server.py:188] Confirm GPU group 83 for meta-llama/Meta-Llama-3-8B_sllm-condense_1 replica b957ab74-de9e-48ca-a018-52d73ae03f2d success
INFO 07-23 16:20:51 server.py:188] Confirm GPU group 84 for meta-llama/Meta-Llama-3-8B_sllm-condense_1 replica b957ab74-de9e-48ca-a018-52d73ae03f2d success
INFO 07-23 16:20:51 server.py:188] Confirm GPU group 85 for meta-llama/Meta-Llama-3-8B_sllm-condense_1 replica b957ab74-de9e-48ca-a018-52d73ae03f2d success
INFO 07-23 16:20:51 server.py:188] Confirm GPU group 86 for meta-llama/Meta-Llama-3-8B_sllm-condense_1 replica b957ab74-de9e-48ca-a018-52d73ae03f2d success
INFO 07-23 16:20:51 server.py:188] Confirm GPU group 87 for meta-llama/Meta-Llama-3-8B_sllm-condense_1 replica b957ab74-de9e-48ca-a018-52d73ae03f2d success
INFO 07-23 16:20:51 server.py:188] Confirm GPU group 88 for meta-llama/Meta-Llama-3-8B_sllm-condense_1 replica b957ab74-de9e-48ca-a018-52d73ae03f2d success
INFO 07-23 16:20:51 server.py:188] Confirm GPU group 89 for meta-llama/Meta-Llama-3-8B_sllm-condense_1 replica b957ab74-de9e-48ca-a018-52d73ae03f2d success
INFO 07-23 16:20:51 server.py:188] Confirm GPU group 90 for meta-llama/Meta-Llama-3-8B_sllm-condense_1 replica b957ab74-de9e-48ca-a018-52d73ae03f2d success
INFO 07-23 16:20:51 server.py:188] Confirm GPU group 91 for meta-llama/Meta-Llama-3-8B_sllm-condense_1 replica b957ab74-de9e-48ca-a018-52d73ae03f2d success
INFO 07-23 16:20:51 server.py:188] Confirm GPU group 92 for meta-llama/Meta-Llama-3-8B_sllm-condense_1 replica b957ab74-de9e-48ca-a018-52d73ae03f2d success
INFO 07-23 16:20:51 server.py:188] Confirm GPU group 93 for meta-llama/Meta-Llama-3-8B_sllm-condense_1 replica b957ab74-de9e-48ca-a018-52d73ae03f2d success
INFO 07-23 16:20:51 server.py:188] Confirm GPU group 94 for meta-llama/Meta-Llama-3-8B_sllm-condense_1 replica b957ab74-de9e-48ca-a018-52d73ae03f2d success
INFO 07-23 16:20:51 server.py:188] Confirm GPU group 95 for meta-llama/Meta-Llama-3-8B_sllm-condense_1 replica b957ab74-de9e-48ca-a018-52d73ae03f2d success
INFO 07-23 16:20:51 server.py:188] Confirm GPU group 96 for meta-llama/Meta-Llama-3-8B_sllm-condense_1 replica b957ab74-de9e-48ca-a018-52d73ae03f2d success
INFO 07-23 16:20:51 server.py:188] Confirm GPU group 97 for meta-llama/Meta-Llama-3-8B_sllm-condense_1 replica b957ab74-de9e-48ca-a018-52d73ae03f2d success
INFO 07-23 16:20:51 server.py:188] Confirm GPU group 98 for meta-llama/Meta-Llama-3-8B_sllm-condense_1 replica b957ab74-de9e-48ca-a018-52d73ae03f2d success
INFO 07-23 16:20:51 server.py:188] Confirm GPU group 99 for meta-llama/Meta-Llama-3-8B_sllm-condense_1 replica b957ab74-de9e-48ca-a018-52d73ae03f2d success
INFO 07-23 16:20:51 server.py:188] Confirm GPU group 100 for meta-llama/Meta-Llama-3-8B_sllm-condense_1 replica b957ab74-de9e-48ca-a018-52d73ae03f2d success
INFO 07-23 16:20:51 server.py:188] Confirm GPU group 101 for meta-llama/Meta-Llama-3-8B_sllm-condense_1 replica b957ab74-de9e-48ca-a018-52d73ae03f2d success
INFO 07-23 16:20:51 server.py:188] Confirm GPU group 102 for meta-llama/Meta-Llama-3-8B_sllm-condense_1 replica b957ab74-de9e-48ca-a018-52d73ae03f2d success
INFO 07-23 16:20:51 server.py:188] Confirm GPU group 103 for meta-llama/Meta-Llama-3-8B_sllm-condense_1 replica b957ab74-de9e-48ca-a018-52d73ae03f2d success
INFO 07-23 16:20:51 server.py:188] Confirm GPU group 104 for meta-llama/Meta-Llama-3-8B_sllm-condense_1 replica b957ab74-de9e-48ca-a018-52d73ae03f2d success
INFO 07-23 16:20:51 server.py:188] Confirm GPU group 105 for meta-llama/Meta-Llama-3-8B_sllm-condense_1 replica b957ab74-de9e-48ca-a018-52d73ae03f2d success
INFO 07-23 16:20:51 server.py:188] Confirm GPU group 106 for meta-llama/Meta-Llama-3-8B_sllm-condense_1 replica b957ab74-de9e-48ca-a018-52d73ae03f2d success
INFO 07-23 16:20:51 server.py:188] Confirm GPU group 107 for meta-llama/Meta-Llama-3-8B_sllm-condense_1 replica b957ab74-de9e-48ca-a018-52d73ae03f2d success
INFO 07-23 16:20:51 server.py:188] Confirm GPU group 108 for meta-llama/Meta-Llama-3-8B_sllm-condense_1 replica b957ab74-de9e-48ca-a018-52d73ae03f2d success
INFO 07-23 16:20:51 server.py:188] Confirm GPU group 109 for meta-llama/Meta-Llama-3-8B_sllm-condense_1 replica b957ab74-de9e-48ca-a018-52d73ae03f2d success
INFO 07-23 16:20:51 server.py:188] Confirm GPU group 110 for meta-llama/Meta-Llama-3-8B_sllm-condense_1 replica b957ab74-de9e-48ca-a018-52d73ae03f2d success
INFO 07-23 16:20:51 server.py:188] Confirm GPU group 111 for meta-llama/Meta-Llama-3-8B_sllm-condense_1 replica b957ab74-de9e-48ca-a018-52d73ae03f2d success
I20260723 16:20:51.981524 3772377 model.cpp:356] Finished loading tensor from memory to device 0
I20260723 16:20:51.982383 3772351 model.cpp:250] Finished loading model meta-llama/Meta-Llama-3-8B_sllm-condense_1 from disk
INFO 07-23 16:20:51 server.py:188] Confirm GPU group 112 for meta-llama/Meta-Llama-3-8B_sllm-condense_1 replica b957ab74-de9e-48ca-a018-52d73ae03f2d success
INFO 07-23 16:20:51 server.py:188] Confirm GPU group 113 for meta-llama/Meta-Llama-3-8B_sllm-condense_1 replica b957ab74-de9e-48ca-a018-52d73ae03f2d success
INFO 07-23 16:20:52 server.py:188] Confirm GPU group 114 for meta-llama/Meta-Llama-3-8B_sllm-condense_1 replica b957ab74-de9e-48ca-a018-52d73ae03f2d success
INFO 07-23 16:20:52 server.py:188] Confirm GPU group 115 for meta-llama/Meta-Llama-3-8B_sllm-condense_1 replica b957ab74-de9e-48ca-a018-52d73ae03f2d success
INFO 07-23 16:20:52 server.py:188] Confirm GPU group 116 for meta-llama/Meta-Llama-3-8B_sllm-condense_1 replica b957ab74-de9e-48ca-a018-52d73ae03f2d success
INFO 07-23 16:20:52 server.py:188] Confirm GPU group 117 for meta-llama/Meta-Llama-3-8B_sllm-condense_1 replica b957ab74-de9e-48ca-a018-52d73ae03f2d success
INFO 07-23 16:20:52 server.py:188] Confirm GPU group 118 for meta-llama/Meta-Llama-3-8B_sllm-condense_1 replica b957ab74-de9e-48ca-a018-52d73ae03f2d success
INFO 07-23 16:20:52 server.py:188] Confirm GPU group 119 for meta-llama/Meta-Llama-3-8B_sllm-condense_1 replica b957ab74-de9e-48ca-a018-52d73ae03f2d success
INFO 07-23 16:20:52 server.py:188] Confirm GPU group 120 for meta-llama/Meta-Llama-3-8B_sllm-condense_1 replica b957ab74-de9e-48ca-a018-52d73ae03f2d success
INFO 07-23 16:20:52 server.py:188] Confirm GPU group 121 for meta-llama/Meta-Llama-3-8B_sllm-condense_1 replica b957ab74-de9e-48ca-a018-52d73ae03f2d success
INFO 07-23 16:20:52 server.py:188] Confirm GPU group 122 for meta-llama/Meta-Llama-3-8B_sllm-condense_1 replica b957ab74-de9e-48ca-a018-52d73ae03f2d success
INFO 07-23 16:20:52 server.py:188] Confirm GPU group 123 for meta-llama/Meta-Llama-3-8B_sllm-condense_1 replica b957ab74-de9e-48ca-a018-52d73ae03f2d success
INFO 07-23 16:20:52 server.py:188] Confirm GPU group 124 for meta-llama/Meta-Llama-3-8B_sllm-condense_1 replica b957ab74-de9e-48ca-a018-52d73ae03f2d success
INFO 07-23 16:20:52 server.py:188] Confirm GPU group 125 for meta-llama/Meta-Llama-3-8B_sllm-condense_1 replica b957ab74-de9e-48ca-a018-52d73ae03f2d success
INFO 07-23 16:20:52 server.py:188] Confirm GPU group 126 for meta-llama/Meta-Llama-3-8B_sllm-condense_1 replica b957ab74-de9e-48ca-a018-52d73ae03f2d success
INFO 07-23 16:20:52 server.py:188] Confirm GPU group 127 for meta-llama/Meta-Llama-3-8B_sllm-condense_1 replica b957ab74-de9e-48ca-a018-52d73ae03f2d success
INFO 07-23 16:20:52 server.py:188] Confirm GPU group 128 for meta-llama/Meta-Llama-3-8B_sllm-condense_1 replica b957ab74-de9e-48ca-a018-52d73ae03f2d success
INFO 07-23 16:20:52 server.py:188] Confirm GPU group 129 for meta-llama/Meta-Llama-3-8B_sllm-condense_1 replica b957ab74-de9e-48ca-a018-52d73ae03f2d success
INFO 07-23 16:20:52 server.py:188] Confirm GPU group 130 for meta-llama/Meta-Llama-3-8B_sllm-condense_1 replica b957ab74-de9e-48ca-a018-52d73ae03f2d success
INFO 07-23 16:20:52 server.py:188] Confirm GPU group 131 for meta-llama/Meta-Llama-3-8B_sllm-condense_1 replica b957ab74-de9e-48ca-a018-52d73ae03f2d success
INFO 07-23 16:20:52 server.py:188] Confirm GPU group 132 for meta-llama/Meta-Llama-3-8B_sllm-condense_1 replica b957ab74-de9e-48ca-a018-52d73ae03f2d success
INFO 07-23 16:20:52 server.py:188] Confirm GPU group 133 for meta-llama/Meta-Llama-3-8B_sllm-condense_1 replica b957ab74-de9e-48ca-a018-52d73ae03f2d success
INFO 07-23 16:20:52 server.py:188] Confirm GPU group 134 for meta-llama/Meta-Llama-3-8B_sllm-condense_1 replica b957ab74-de9e-48ca-a018-52d73ae03f2d success
INFO 07-23 16:20:52 server.py:188] Confirm GPU group 135 for meta-llama/Meta-Llama-3-8B_sllm-condense_1 replica b957ab74-de9e-48ca-a018-52d73ae03f2d success
INFO 07-23 16:20:52 server.py:188] Confirm GPU group 136 for meta-llama/Meta-Llama-3-8B_sllm-condense_1 replica b957ab74-de9e-48ca-a018-52d73ae03f2d success
INFO 07-23 16:20:52 server.py:188] Confirm GPU group 137 for meta-llama/Meta-Llama-3-8B_sllm-condense_1 replica b957ab74-de9e-48ca-a018-52d73ae03f2d success
INFO 07-23 16:20:52 server.py:188] Confirm GPU group 138 for meta-llama/Meta-Llama-3-8B_sllm-condense_1 replica b957ab74-de9e-48ca-a018-52d73ae03f2d success
INFO 07-23 16:20:52 server.py:188] Confirm GPU group 139 for meta-llama/Meta-Llama-3-8B_sllm-condense_1 replica b957ab74-de9e-48ca-a018-52d73ae03f2d success
INFO 07-23 16:20:52 server.py:188] Confirm GPU group 140 for meta-llama/Meta-Llama-3-8B_sllm-condense_1 replica b957ab74-de9e-48ca-a018-52d73ae03f2d success
INFO 07-23 16:20:52 server.py:188] Confirm GPU group 141 for meta-llama/Meta-Llama-3-8B_sllm-condense_1 replica b957ab74-de9e-48ca-a018-52d73ae03f2d success
INFO 07-23 16:20:52 server.py:188] Confirm GPU group 142 for meta-llama/Meta-Llama-3-8B_sllm-condense_1 replica b957ab74-de9e-48ca-a018-52d73ae03f2d success
INFO 07-23 16:20:52 server.py:188] Confirm GPU group 143 for meta-llama/Meta-Llama-3-8B_sllm-condense_1 replica b957ab74-de9e-48ca-a018-52d73ae03f2d success
INFO 07-23 16:20:52 server.py:188] Confirm GPU group 144 for meta-llama/Meta-Llama-3-8B_sllm-condense_1 replica b957ab74-de9e-48ca-a018-52d73ae03f2d success
INFO 07-23 16:20:52 server.py:188] Confirm GPU group 145 for meta-llama/Meta-Llama-3-8B_sllm-condense_1 replica b957ab74-de9e-48ca-a018-52d73ae03f2d success
INFO 07-23 16:20:52 server.py:188] Confirm GPU group 146 for meta-llama/Meta-Llama-3-8B_sllm-condense_1 replica b957ab74-de9e-48ca-a018-52d73ae03f2d success
INFO 07-23 16:20:52 server.py:188] Confirm GPU group 147 for meta-llama/Meta-Llama-3-8B_sllm-condense_1 replica b957ab74-de9e-48ca-a018-52d73ae03f2d success
INFO 07-23 16:20:52 server.py:188] Confirm GPU group 148 for meta-llama/Meta-Llama-3-8B_sllm-condense_1 replica b957ab74-de9e-48ca-a018-52d73ae03f2d success
INFO 07-23 16:20:52 server.py:188] Confirm GPU group 149 for meta-llama/Meta-Llama-3-8B_sllm-condense_1 replica b957ab74-de9e-48ca-a018-52d73ae03f2d success
INFO 07-23 16:20:52 server.py:188] Confirm GPU group 150 for meta-llama/Meta-Llama-3-8B_sllm-condense_1 replica b957ab74-de9e-48ca-a018-52d73ae03f2d success
INFO 07-23 16:20:52 server.py:188] Confirm GPU group 151 for meta-llama/Meta-Llama-3-8B_sllm-condense_1 replica b957ab74-de9e-48ca-a018-52d73ae03f2d success
INFO 07-23 16:20:52 server.py:188] Confirm GPU group 152 for meta-llama/Meta-Llama-3-8B_sllm-condense_1 replica b957ab74-de9e-48ca-a018-52d73ae03f2d success
INFO 07-23 16:20:52 server.py:188] Confirm GPU group 153 for meta-llama/Meta-Llama-3-8B_sllm-condense_1 replica b957ab74-de9e-48ca-a018-52d73ae03f2d success
INFO 07-23 16:20:52 server.py:188] Confirm GPU group 154 for meta-llama/Meta-Llama-3-8B_sllm-condense_1 replica b957ab74-de9e-48ca-a018-52d73ae03f2d success
INFO 07-23 16:20:52 server.py:188] Confirm GPU group 155 for meta-llama/Meta-Llama-3-8B_sllm-condense_1 replica b957ab74-de9e-48ca-a018-52d73ae03f2d success
INFO 07-23 16:20:52 server.py:188] Confirm GPU group 156 for meta-llama/Meta-Llama-3-8B_sllm-condense_1 replica b957ab74-de9e-48ca-a018-52d73ae03f2d success
INFO 07-23 16:20:52 server.py:188] Confirm GPU group 157 for meta-llama/Meta-Llama-3-8B_sllm-condense_1 replica b957ab74-de9e-48ca-a018-52d73ae03f2d success
INFO 07-23 16:20:52 server.py:188] Confirm GPU group 158 for meta-llama/Meta-Llama-3-8B_sllm-condense_1 replica b957ab74-de9e-48ca-a018-52d73ae03f2d success
INFO 07-23 16:20:52 server.py:188] Confirm GPU group 159 for meta-llama/Meta-Llama-3-8B_sllm-condense_1 replica b957ab74-de9e-48ca-a018-52d73ae03f2d success
INFO 07-23 16:20:52 server.py:188] Confirm GPU group 160 for meta-llama/Meta-Llama-3-8B_sllm-condense_1 replica b957ab74-de9e-48ca-a018-52d73ae03f2d success
INFO 07-23 16:20:52 server.py:188] Confirm GPU group 161 for meta-llama/Meta-Llama-3-8B_sllm-condense_1 replica b957ab74-de9e-48ca-a018-52d73ae03f2d success
INFO 07-23 16:20:52 server.py:188] Confirm GPU group 162 for meta-llama/Meta-Llama-3-8B_sllm-condense_1 replica b957ab74-de9e-48ca-a018-52d73ae03f2d success
INFO 07-23 16:20:52 server.py:188] Confirm GPU group 163 for meta-llama/Meta-Llama-3-8B_sllm-condense_1 replica b957ab74-de9e-48ca-a018-52d73ae03f2d success
INFO 07-23 16:20:52 server.py:188] Confirm GPU group 164 for meta-llama/Meta-Llama-3-8B_sllm-condense_1 replica b957ab74-de9e-48ca-a018-52d73ae03f2d success
INFO 07-23 16:20:52 server.py:188] Confirm GPU group 165 for meta-llama/Meta-Llama-3-8B_sllm-condense_1 replica b957ab74-de9e-48ca-a018-52d73ae03f2d success
INFO 07-23 16:20:52 server.py:188] Confirm GPU group 166 for meta-llama/Meta-Llama-3-8B_sllm-condense_1 replica b957ab74-de9e-48ca-a018-52d73ae03f2d success
INFO 07-23 16:20:52 server.py:188] Confirm GPU group 167 for meta-llama/Meta-Llama-3-8B_sllm-condense_1 replica b957ab74-de9e-48ca-a018-52d73ae03f2d success
INFO 07-23 16:20:52 server.py:188] Confirm GPU group 168 for meta-llama/Meta-Llama-3-8B_sllm-condense_1 replica b957ab74-de9e-48ca-a018-52d73ae03f2d success
INFO 07-23 16:20:52 server.py:188] Confirm GPU group 169 for meta-llama/Meta-Llama-3-8B_sllm-condense_1 replica b957ab74-de9e-48ca-a018-52d73ae03f2d success
INFO 07-23 16:20:52 server.py:188] Confirm GPU group 170 for meta-llama/Meta-Llama-3-8B_sllm-condense_1 replica b957ab74-de9e-48ca-a018-52d73ae03f2d success
INFO 07-23 16:20:52 server.py:188] Confirm GPU group 171 for meta-llama/Meta-Llama-3-8B_sllm-condense_1 replica b957ab74-de9e-48ca-a018-52d73ae03f2d success
INFO 07-23 16:20:52 server.py:188] Confirm GPU group 172 for meta-llama/Meta-Llama-3-8B_sllm-condense_1 replica b957ab74-de9e-48ca-a018-52d73ae03f2d success
INFO 07-23 16:20:52 server.py:188] Confirm GPU group 173 for meta-llama/Meta-Llama-3-8B_sllm-condense_1 replica b957ab74-de9e-48ca-a018-52d73ae03f2d success
INFO 07-23 16:20:52 server.py:188] Confirm GPU group 174 for meta-llama/Meta-Llama-3-8B_sllm-condense_1 replica b957ab74-de9e-48ca-a018-52d73ae03f2d success
INFO 07-23 16:20:52 server.py:188] Confirm GPU group 175 for meta-llama/Meta-Llama-3-8B_sllm-condense_1 replica b957ab74-de9e-48ca-a018-52d73ae03f2d success
INFO 07-23 16:20:52 server.py:188] Confirm GPU group 176 for meta-llama/Meta-Llama-3-8B_sllm-condense_1 replica b957ab74-de9e-48ca-a018-52d73ae03f2d success
INFO 07-23 16:20:52 server.py:188] Confirm GPU group 177 for meta-llama/Meta-Llama-3-8B_sllm-condense_1 replica b957ab74-de9e-48ca-a018-52d73ae03f2d success
INFO 07-23 16:20:52 server.py:188] Confirm GPU group 178 for meta-llama/Meta-Llama-3-8B_sllm-condense_1 replica b957ab74-de9e-48ca-a018-52d73ae03f2d success
INFO 07-23 16:20:52 server.py:188] Confirm GPU group 179 for meta-llama/Meta-Llama-3-8B_sllm-condense_1 replica b957ab74-de9e-48ca-a018-52d73ae03f2d success
INFO 07-23 16:20:52 server.py:188] Confirm GPU group 180 for meta-llama/Meta-Llama-3-8B_sllm-condense_1 replica b957ab74-de9e-48ca-a018-52d73ae03f2d success
INFO 07-23 16:20:52 server.py:188] Confirm GPU group 181 for meta-llama/Meta-Llama-3-8B_sllm-condense_1 replica b957ab74-de9e-48ca-a018-52d73ae03f2d success
INFO 07-23 16:20:52 server.py:188] Confirm GPU group 182 for meta-llama/Meta-Llama-3-8B_sllm-condense_1 replica b957ab74-de9e-48ca-a018-52d73ae03f2d success
INFO 07-23 16:20:52 server.py:188] Confirm GPU group 183 for meta-llama/Meta-Llama-3-8B_sllm-condense_1 replica b957ab74-de9e-48ca-a018-52d73ae03f2d success
INFO 07-23 16:20:52 server.py:188] Confirm GPU group 184 for meta-llama/Meta-Llama-3-8B_sllm-condense_1 replica b957ab74-de9e-48ca-a018-52d73ae03f2d success
INFO 07-23 16:20:52 server.py:188] Confirm GPU group 185 for meta-llama/Meta-Llama-3-8B_sllm-condense_1 replica b957ab74-de9e-48ca-a018-52d73ae03f2d success
INFO 07-23 16:20:52 server.py:188] Confirm GPU group 186 for meta-llama/Meta-Llama-3-8B_sllm-condense_1 replica b957ab74-de9e-48ca-a018-52d73ae03f2d success
INFO 07-23 16:20:52 server.py:188] Confirm GPU group 187 for meta-llama/Meta-Llama-3-8B_sllm-condense_1 replica b957ab74-de9e-48ca-a018-52d73ae03f2d success
INFO 07-23 16:20:52 server.py:188] Confirm GPU group 188 for meta-llama/Meta-Llama-3-8B_sllm-condense_1 replica b957ab74-de9e-48ca-a018-52d73ae03f2d success
INFO 07-23 16:20:52 server.py:188] Confirm GPU group 189 for meta-llama/Meta-Llama-3-8B_sllm-condense_1 replica b957ab74-de9e-48ca-a018-52d73ae03f2d success
INFO 07-23 16:20:52 server.py:188] Confirm GPU group 190 for meta-llama/Meta-Llama-3-8B_sllm-condense_1 replica b957ab74-de9e-48ca-a018-52d73ae03f2d success
INFO 07-23 16:20:52 server.py:188] Confirm GPU group 191 for meta-llama/Meta-Llama-3-8B_sllm-condense_1 replica b957ab74-de9e-48ca-a018-52d73ae03f2d success
INFO 07-23 16:20:52 server.py:188] Confirm GPU group 192 for meta-llama/Meta-Llama-3-8B_sllm-condense_1 replica b957ab74-de9e-48ca-a018-52d73ae03f2d success
INFO 07-23 16:20:52 server.py:188] Confirm GPU group 193 for meta-llama/Meta-Llama-3-8B_sllm-condense_1 replica b957ab74-de9e-48ca-a018-52d73ae03f2d success
INFO 07-23 16:20:52 server.py:188] Confirm GPU group 194 for meta-llama/Meta-Llama-3-8B_sllm-condense_1 replica b957ab74-de9e-48ca-a018-52d73ae03f2d success
INFO 07-23 16:20:52 server.py:188] Confirm GPU group 195 for meta-llama/Meta-Llama-3-8B_sllm-condense_1 replica b957ab74-de9e-48ca-a018-52d73ae03f2d success
INFO 07-23 16:20:52 server.py:188] Confirm GPU group 196 for meta-llama/Meta-Llama-3-8B_sllm-condense_1 replica b957ab74-de9e-48ca-a018-52d73ae03f2d success
INFO 07-23 16:20:52 server.py:188] Confirm GPU group 197 for meta-llama/Meta-Llama-3-8B_sllm-condense_1 replica b957ab74-de9e-48ca-a018-52d73ae03f2d success
INFO 07-23 16:20:52 server.py:188] Confirm GPU group 198 for meta-llama/Meta-Llama-3-8B_sllm-condense_1 replica b957ab74-de9e-48ca-a018-52d73ae03f2d success
INFO 07-23 16:20:52 server.py:188] Confirm GPU group 199 for meta-llama/Meta-Llama-3-8B_sllm-condense_1 replica b957ab74-de9e-48ca-a018-52d73ae03f2d success
INFO 07-23 16:20:52 server.py:188] Confirm GPU group 200 for meta-llama/Meta-Llama-3-8B_sllm-condense_1 replica b957ab74-de9e-48ca-a018-52d73ae03f2d success
INFO 07-23 16:20:52 server.py:188] Confirm GPU group 201 for meta-llama/Meta-Llama-3-8B_sllm-condense_1 replica b957ab74-de9e-48ca-a018-52d73ae03f2d success
INFO 07-23 16:20:52 server.py:188] Confirm GPU group 202 for meta-llama/Meta-Llama-3-8B_sllm-condense_1 replica b957ab74-de9e-48ca-a018-52d73ae03f2d success
INFO 07-23 16:20:52 server.py:188] Confirm GPU group 203 for meta-llama/Meta-Llama-3-8B_sllm-condense_1 replica b957ab74-de9e-48ca-a018-52d73ae03f2d success
INFO 07-23 16:20:52 server.py:188] Confirm GPU group 204 for meta-llama/Meta-Llama-3-8B_sllm-condense_1 replica b957ab74-de9e-48ca-a018-52d73ae03f2d success
INFO 07-23 16:20:52 server.py:188] Confirm GPU group 205 for meta-llama/Meta-Llama-3-8B_sllm-condense_1 replica b957ab74-de9e-48ca-a018-52d73ae03f2d success
INFO 07-23 16:20:52 server.py:188] Confirm GPU group 206 for meta-llama/Meta-Llama-3-8B_sllm-condense_1 replica b957ab74-de9e-48ca-a018-52d73ae03f2d success
INFO 07-23 16:20:52 server.py:188] Confirm GPU group 207 for meta-llama/Meta-Llama-3-8B_sllm-condense_1 replica b957ab74-de9e-48ca-a018-52d73ae03f2d success
INFO 07-23 16:20:52 server.py:188] Confirm GPU group 208 for meta-llama/Meta-Llama-3-8B_sllm-condense_1 replica b957ab74-de9e-48ca-a018-52d73ae03f2d success
INFO 07-23 16:20:52 server.py:188] Confirm GPU group 209 for meta-llama/Meta-Llama-3-8B_sllm-condense_1 replica b957ab74-de9e-48ca-a018-52d73ae03f2d success
INFO 07-23 16:20:52 server.py:188] Confirm GPU group 210 for meta-llama/Meta-Llama-3-8B_sllm-condense_1 replica b957ab74-de9e-48ca-a018-52d73ae03f2d success
INFO 07-23 16:20:52 server.py:188] Confirm GPU group 211 for meta-llama/Meta-Llama-3-8B_sllm-condense_1 replica b957ab74-de9e-48ca-a018-52d73ae03f2d success
INFO 07-23 16:20:52 server.py:188] Confirm GPU group 212 for meta-llama/Meta-Llama-3-8B_sllm-condense_1 replica b957ab74-de9e-48ca-a018-52d73ae03f2d success
INFO 07-23 16:20:52 server.py:188] Confirm GPU group 213 for meta-llama/Meta-Llama-3-8B_sllm-condense_1 replica b957ab74-de9e-48ca-a018-52d73ae03f2d success
INFO 07-23 16:20:52 server.py:188] Confirm GPU group 214 for meta-llama/Meta-Llama-3-8B_sllm-condense_1 replica b957ab74-de9e-48ca-a018-52d73ae03f2d success
INFO 07-23 16:20:52 server.py:188] Confirm GPU group 215 for meta-llama/Meta-Llama-3-8B_sllm-condense_1 replica b957ab74-de9e-48ca-a018-52d73ae03f2d success
INFO 07-23 16:20:52 server.py:188] Confirm GPU group 216 for meta-llama/Meta-Llama-3-8B_sllm-condense_1 replica b957ab74-de9e-48ca-a018-52d73ae03f2d success
INFO 07-23 16:20:52 server.py:188] Confirm GPU group 217 for meta-llama/Meta-Llama-3-8B_sllm-condense_1 replica b957ab74-de9e-48ca-a018-52d73ae03f2d success
INFO 07-23 16:20:52 server.py:188] Confirm GPU group 218 for meta-llama/Meta-Llama-3-8B_sllm-condense_1 replica b957ab74-de9e-48ca-a018-52d73ae03f2d success
INFO 07-23 16:20:52 server.py:188] Confirm GPU group 219 for meta-llama/Meta-Llama-3-8B_sllm-condense_1 replica b957ab74-de9e-48ca-a018-52d73ae03f2d success
INFO 07-23 16:20:52 server.py:188] Confirm GPU group 220 for meta-llama/Meta-Llama-3-8B_sllm-condense_1 replica b957ab74-de9e-48ca-a018-52d73ae03f2d success
INFO 07-23 16:20:52 server.py:188] Confirm GPU group 221 for meta-llama/Meta-Llama-3-8B_sllm-condense_1 replica b957ab74-de9e-48ca-a018-52d73ae03f2d success
INFO 07-23 16:20:52 server.py:188] Confirm GPU group 222 for meta-llama/Meta-Llama-3-8B_sllm-condense_1 replica b957ab74-de9e-48ca-a018-52d73ae03f2d success
INFO 07-23 16:20:52 server.py:188] Confirm GPU group 223 for meta-llama/Meta-Llama-3-8B_sllm-condense_1 replica b957ab74-de9e-48ca-a018-52d73ae03f2d success
INFO 07-23 16:20:52 server.py:188] Confirm GPU group 224 for meta-llama/Meta-Llama-3-8B_sllm-condense_1 replica b957ab74-de9e-48ca-a018-52d73ae03f2d success
INFO 07-23 16:20:52 server.py:188] Confirm GPU group 225 for meta-llama/Meta-Llama-3-8B_sllm-condense_1 replica b957ab74-de9e-48ca-a018-52d73ae03f2d success
INFO 07-23 16:20:52 server.py:188] Confirm GPU group 226 for meta-llama/Meta-Llama-3-8B_sllm-condense_1 replica b957ab74-de9e-48ca-a018-52d73ae03f2d success
INFO 07-23 16:20:52 server.py:188] Confirm GPU group 227 for meta-llama/Meta-Llama-3-8B_sllm-condense_1 replica b957ab74-de9e-48ca-a018-52d73ae03f2d success
INFO 07-23 16:20:52 server.py:188] Confirm GPU group 228 for meta-llama/Meta-Llama-3-8B_sllm-condense_1 replica b957ab74-de9e-48ca-a018-52d73ae03f2d success
INFO 07-23 16:20:52 server.py:188] Confirm GPU group 229 for meta-llama/Meta-Llama-3-8B_sllm-condense_1 replica b957ab74-de9e-48ca-a018-52d73ae03f2d success
INFO 07-23 16:20:52 server.py:188] Confirm GPU group 230 for meta-llama/Meta-Llama-3-8B_sllm-condense_1 replica b957ab74-de9e-48ca-a018-52d73ae03f2d success
INFO 07-23 16:20:52 server.py:188] Confirm GPU group 231 for meta-llama/Meta-Llama-3-8B_sllm-condense_1 replica b957ab74-de9e-48ca-a018-52d73ae03f2d success
INFO 07-23 16:20:52 server.py:188] Confirm GPU group 232 for meta-llama/Meta-Llama-3-8B_sllm-condense_1 replica b957ab74-de9e-48ca-a018-52d73ae03f2d success
INFO 07-23 16:20:52 server.py:188] Confirm GPU group 233 for meta-llama/Meta-Llama-3-8B_sllm-condense_1 replica b957ab74-de9e-48ca-a018-52d73ae03f2d success
INFO 07-23 16:20:52 server.py:188] Confirm GPU group 234 for meta-llama/Meta-Llama-3-8B_sllm-condense_1 replica b957ab74-de9e-48ca-a018-52d73ae03f2d success
INFO 07-23 16:20:52 server.py:188] Confirm GPU group 235 for meta-llama/Meta-Llama-3-8B_sllm-condense_1 replica b957ab74-de9e-48ca-a018-52d73ae03f2d success
INFO 07-23 16:20:52 server.py:188] Confirm GPU group 236 for meta-llama/Meta-Llama-3-8B_sllm-condense_1 replica b957ab74-de9e-48ca-a018-52d73ae03f2d success
INFO 07-23 16:20:52 server.py:188] Confirm GPU group 237 for meta-llama/Meta-Llama-3-8B_sllm-condense_1 replica b957ab74-de9e-48ca-a018-52d73ae03f2d success
INFO 07-23 16:20:52 server.py:188] Confirm GPU group 238 for meta-llama/Meta-Llama-3-8B_sllm-condense_1 replica b957ab74-de9e-48ca-a018-52d73ae03f2d success
INFO 07-23 16:20:52 server.py:188] Confirm GPU group 239 for meta-llama/Meta-Llama-3-8B_sllm-condense_1 replica b957ab74-de9e-48ca-a018-52d73ae03f2d success
INFO 07-23 16:20:52 server.py:188] Confirm GPU group 240 for meta-llama/Meta-Llama-3-8B_sllm-condense_1 replica b957ab74-de9e-48ca-a018-52d73ae03f2d success
INFO 07-23 16:20:52 server.py:188] Confirm GPU group 241 for meta-llama/Meta-Llama-3-8B_sllm-condense_1 replica b957ab74-de9e-48ca-a018-52d73ae03f2d success
INFO 07-23 16:20:52 server.py:188] Confirm GPU group 242 for meta-llama/Meta-Llama-3-8B_sllm-condense_1 replica b957ab74-de9e-48ca-a018-52d73ae03f2d success
INFO 07-23 16:20:52 server.py:188] Confirm GPU group 243 for meta-llama/Meta-Llama-3-8B_sllm-condense_1 replica b957ab74-de9e-48ca-a018-52d73ae03f2d success
INFO 07-23 16:20:52 server.py:188] Confirm GPU group 244 for meta-llama/Meta-Llama-3-8B_sllm-condense_1 replica b957ab74-de9e-48ca-a018-52d73ae03f2d success
INFO 07-23 16:20:52 server.py:188] Confirm GPU group 245 for meta-llama/Meta-Llama-3-8B_sllm-condense_1 replica b957ab74-de9e-48ca-a018-52d73ae03f2d success
INFO 07-23 16:20:52 server.py:188] Confirm GPU group 246 for meta-llama/Meta-Llama-3-8B_sllm-condense_1 replica b957ab74-de9e-48ca-a018-52d73ae03f2d success
INFO 07-23 16:20:52 server.py:188] Confirm GPU group 247 for meta-llama/Meta-Llama-3-8B_sllm-condense_1 replica b957ab74-de9e-48ca-a018-52d73ae03f2d success
INFO 07-23 16:20:52 server.py:188] Confirm GPU group 248 for meta-llama/Meta-Llama-3-8B_sllm-condense_1 replica b957ab74-de9e-48ca-a018-52d73ae03f2d success
INFO 07-23 16:20:52 server.py:188] Confirm GPU group 249 for meta-llama/Meta-Llama-3-8B_sllm-condense_1 replica b957ab74-de9e-48ca-a018-52d73ae03f2d success
INFO 07-23 16:20:52 server.py:188] Confirm GPU group 250 for meta-llama/Meta-Llama-3-8B_sllm-condense_1 replica b957ab74-de9e-48ca-a018-52d73ae03f2d success
INFO 07-23 16:20:52 server.py:188] Confirm GPU group 251 for meta-llama/Meta-Llama-3-8B_sllm-condense_1 replica b957ab74-de9e-48ca-a018-52d73ae03f2d success
INFO 07-23 16:20:52 server.py:188] Confirm GPU group 252 for meta-llama/Meta-Llama-3-8B_sllm-condense_1 replica b957ab74-de9e-48ca-a018-52d73ae03f2d success
INFO 07-23 16:20:52 server.py:188] Confirm GPU group 253 for meta-llama/Meta-Llama-3-8B_sllm-condense_1 replica b957ab74-de9e-48ca-a018-52d73ae03f2d success
INFO 07-23 16:20:52 server.py:188] Confirm GPU group 254 for meta-llama/Meta-Llama-3-8B_sllm-condense_1 replica b957ab74-de9e-48ca-a018-52d73ae03f2d success
INFO 07-23 16:20:52 server.py:188] Confirm GPU group 255 for meta-llama/Meta-Llama-3-8B_sllm-condense_1 replica b957ab74-de9e-48ca-a018-52d73ae03f2d success
INFO 07-23 16:20:52 server.py:188] Confirm GPU group 256 for meta-llama/Meta-Llama-3-8B_sllm-condense_1 replica b957ab74-de9e-48ca-a018-52d73ae03f2d success
INFO 07-23 16:20:52 server.py:188] Confirm GPU group 257 for meta-llama/Meta-Llama-3-8B_sllm-condense_1 replica b957ab74-de9e-48ca-a018-52d73ae03f2d success
INFO 07-23 16:20:52 server.py:188] Confirm GPU group 258 for meta-llama/Meta-Llama-3-8B_sllm-condense_1 replica b957ab74-de9e-48ca-a018-52d73ae03f2d success
INFO 07-23 16:20:52 server.py:188] Confirm GPU group 259 for meta-llama/Meta-Llama-3-8B_sllm-condense_1 replica b957ab74-de9e-48ca-a018-52d73ae03f2d success
INFO 07-23 16:20:52 server.py:188] Confirm GPU group 260 for meta-llama/Meta-Llama-3-8B_sllm-condense_1 replica b957ab74-de9e-48ca-a018-52d73ae03f2d success
INFO 07-23 16:20:52 server.py:188] Confirm GPU group 261 for meta-llama/Meta-Llama-3-8B_sllm-condense_1 replica b957ab74-de9e-48ca-a018-52d73ae03f2d success
INFO 07-23 16:20:52 server.py:188] Confirm GPU group 262 for meta-llama/Meta-Llama-3-8B_sllm-condense_1 replica b957ab74-de9e-48ca-a018-52d73ae03f2d success
INFO 07-23 16:20:52 server.py:188] Confirm GPU group 263 for meta-llama/Meta-Llama-3-8B_sllm-condense_1 replica b957ab74-de9e-48ca-a018-52d73ae03f2d success
INFO 07-23 16:20:52 server.py:188] Confirm GPU group 264 for meta-llama/Meta-Llama-3-8B_sllm-condense_1 replica b957ab74-de9e-48ca-a018-52d73ae03f2d success
INFO 07-23 16:20:52 server.py:188] Confirm GPU group 265 for meta-llama/Meta-Llama-3-8B_sllm-condense_1 replica b957ab74-de9e-48ca-a018-52d73ae03f2d success
INFO 07-23 16:20:52 server.py:188] Confirm GPU group 266 for meta-llama/Meta-Llama-3-8B_sllm-condense_1 replica b957ab74-de9e-48ca-a018-52d73ae03f2d success
INFO 07-23 16:20:52 server.py:188] Confirm GPU group 267 for meta-llama/Meta-Llama-3-8B_sllm-condense_1 replica b957ab74-de9e-48ca-a018-52d73ae03f2d success
INFO 07-23 16:20:52 server.py:188] Confirm GPU group 268 for meta-llama/Meta-Llama-3-8B_sllm-condense_1 replica b957ab74-de9e-48ca-a018-52d73ae03f2d success
INFO 07-23 16:20:52 server.py:188] Confirm GPU group 269 for meta-llama/Meta-Llama-3-8B_sllm-condense_1 replica b957ab74-de9e-48ca-a018-52d73ae03f2d success
INFO 07-23 16:20:52 server.py:188] Confirm GPU group 270 for meta-llama/Meta-Llama-3-8B_sllm-condense_1 replica b957ab74-de9e-48ca-a018-52d73ae03f2d success
INFO 07-23 16:20:52 server.py:188] Confirm GPU group 271 for meta-llama/Meta-Llama-3-8B_sllm-condense_1 replica b957ab74-de9e-48ca-a018-52d73ae03f2d success
INFO 07-23 16:20:52 server.py:188] Confirm GPU group 272 for meta-llama/Meta-Llama-3-8B_sllm-condense_1 replica b957ab74-de9e-48ca-a018-52d73ae03f2d success
INFO 07-23 16:20:52 server.py:188] Confirm GPU group 273 for meta-llama/Meta-Llama-3-8B_sllm-condense_1 replica b957ab74-de9e-48ca-a018-52d73ae03f2d success
INFO 07-23 16:20:52 server.py:188] Confirm GPU group 274 for meta-llama/Meta-Llama-3-8B_sllm-condense_1 replica b957ab74-de9e-48ca-a018-52d73ae03f2d success
INFO 07-23 16:20:52 server.py:188] Confirm GPU group 275 for meta-llama/Meta-Llama-3-8B_sllm-condense_1 replica b957ab74-de9e-48ca-a018-52d73ae03f2d success
INFO 07-23 16:20:52 server.py:188] Confirm GPU group 276 for meta-llama/Meta-Llama-3-8B_sllm-condense_1 replica b957ab74-de9e-48ca-a018-52d73ae03f2d success
INFO 07-23 16:20:52 server.py:188] Confirm GPU group 277 for meta-llama/Meta-Llama-3-8B_sllm-condense_1 replica b957ab74-de9e-48ca-a018-52d73ae03f2d success
INFO 07-23 16:20:52 server.py:188] Confirm GPU group 278 for meta-llama/Meta-Llama-3-8B_sllm-condense_1 replica b957ab74-de9e-48ca-a018-52d73ae03f2d success
INFO 07-23 16:20:52 server.py:188] Confirm GPU group 279 for meta-llama/Meta-Llama-3-8B_sllm-condense_1 replica b957ab74-de9e-48ca-a018-52d73ae03f2d success
INFO 07-23 16:20:52 server.py:188] Confirm GPU group 280 for meta-llama/Meta-Llama-3-8B_sllm-condense_1 replica b957ab74-de9e-48ca-a018-52d73ae03f2d success
INFO 07-23 16:20:52 server.py:188] Confirm GPU group 281 for meta-llama/Meta-Llama-3-8B_sllm-condense_1 replica b957ab74-de9e-48ca-a018-52d73ae03f2d success
INFO 07-23 16:20:52 server.py:188] Confirm GPU group 282 for meta-llama/Meta-Llama-3-8B_sllm-condense_1 replica b957ab74-de9e-48ca-a018-52d73ae03f2d success
INFO 07-23 16:20:52 server.py:188] Confirm GPU group 283 for meta-llama/Meta-Llama-3-8B_sllm-condense_1 replica b957ab74-de9e-48ca-a018-52d73ae03f2d success
INFO 07-23 16:20:52 server.py:188] Confirm GPU group 284 for meta-llama/Meta-Llama-3-8B_sllm-condense_1 replica b957ab74-de9e-48ca-a018-52d73ae03f2d success
INFO 07-23 16:20:52 server.py:188] Confirm GPU group 285 for meta-llama/Meta-Llama-3-8B_sllm-condense_1 replica b957ab74-de9e-48ca-a018-52d73ae03f2d success
INFO 07-23 16:20:52 server.py:188] Confirm GPU group 286 for meta-llama/Meta-Llama-3-8B_sllm-condense_1 replica b957ab74-de9e-48ca-a018-52d73ae03f2d success
INFO 07-23 16:20:52 server.py:188] Confirm GPU group 287 for meta-llama/Meta-Llama-3-8B_sllm-condense_1 replica b957ab74-de9e-48ca-a018-52d73ae03f2d success
INFO 07-23 16:20:52 server.py:188] Confirm GPU group 288 for meta-llama/Meta-Llama-3-8B_sllm-condense_1 replica b957ab74-de9e-48ca-a018-52d73ae03f2d success
INFO 07-23 16:20:52 server.py:188] Confirm GPU group 289 for meta-llama/Meta-Llama-3-8B_sllm-condense_1 replica b957ab74-de9e-48ca-a018-52d73ae03f2d success
INFO 07-23 16:20:52 server.py:188] Confirm GPU group 290 for meta-llama/Meta-Llama-3-8B_sllm-condense_1 replica b957ab74-de9e-48ca-a018-52d73ae03f2d success
INFO 07-23 16:20:52 server.py:138] Confirm model meta-llama/Meta-Llama-3-8B_sllm-condense_1 replica b957ab74-de9e-48ca-a018-52d73ae03f2d success
I20260723 16:20:55.234323 3727287 model.cpp:53] Tensor file "/mnt/data1/mechels/meta-llama/Meta-Llama-3-8B_sllm-condense_3/tensor.data_1" does not exist
I20260723 16:20:55.234391 3727287 checkpoint_store.cpp:106] Model meta-llama/Meta-Llama-3-8B_sllm-condense_3 is registered
INFO 07-23 16:20:55 server.py:115] LoadModel: success meta-llama/Meta-Llama-3-8B_sllm-condense_3 with target 1
I20260723 16:20:55.236286 3776021 pinned_memory_pool.cpp:78] PinnedMemoryPool Allocate 423 buffers free buffers 779 total buffers 2048
I20260723 16:20:55.236462 3776021 model.cpp:120] Loading model meta-llama/Meta-Llama-3-8B_sllm-condense_3 size 7080766208 to host
I20260723 16:20:55.236474 3776021 model.cpp:134] Loading model meta-llama/Meta-Llama-3-8B_sllm-condense_3 to host with 4 threads, 423 chunks, 16777216 chunk size, 106 chunks per thread
I20260723 16:20:55.236568 3776023 model.cpp:155] Thread 1 starting from partition 0 offset 1778384896
I20260723 16:20:55.236678 3776025 model.cpp:155] Thread 3 starting from partition 0 offset 5335154688
I20260723 16:20:55.236630 3776024 model.cpp:155] Thread 2 starting from partition 0 offset 3556769792
I20260723 16:20:55.236629 3776022 model.cpp:155] Thread 0 starting from partition 0 offset 0
I20260723 16:20:55.693291 3776026 checkpoint_store.cpp:209] Loading model meta-llama/Meta-Llama-3-8B_sllm-condense_3
INFO 07-23 16:20:55 server.py:115] LoadModel: success meta-llama/Meta-Llama-3-8B_sllm-condense_3 with target 2
I20260723 16:20:55.758801 3776026 model.cpp:269] Creating replica 6dea1fc4-c01e-427a-abe8-a49002319f05
I20260723 16:20:55.758878 3776026 model.cpp:273] Creating queue for device 0
I20260723 16:20:55.758915 3776026 model.cpp:285] Created replica 6dea1fc4-c01e-427a-abe8-a49002319f05
I20260723 16:20:55.759032 3776026 model.cpp:296] Dispatcher started for model meta-llama/Meta-Llama-3-8B_sllm-condense_3
I20260723 16:20:55.759070 3776026 model.cpp:363] Waiting for model meta-llama/Meta-Llama-3-8B_sllm-condense_3 num tasks 1 state 3
INFO 07-23 16:21:10 server.py:188] Confirm GPU group 0 for meta-llama/Meta-Llama-3-8B_sllm-condense_3 replica 6dea1fc4-c01e-427a-abe8-a49002319f05 success
INFO 07-23 16:21:10 server.py:188] Confirm GPU group 1 for meta-llama/Meta-Llama-3-8B_sllm-condense_3 replica 6dea1fc4-c01e-427a-abe8-a49002319f05 success
INFO 07-23 16:21:11 server.py:188] Confirm GPU group 2 for meta-llama/Meta-Llama-3-8B_sllm-condense_3 replica 6dea1fc4-c01e-427a-abe8-a49002319f05 success
INFO 07-23 16:21:11 server.py:188] Confirm GPU group 3 for meta-llama/Meta-Llama-3-8B_sllm-condense_3 replica 6dea1fc4-c01e-427a-abe8-a49002319f05 success
INFO 07-23 16:21:11 server.py:188] Confirm GPU group 4 for meta-llama/Meta-Llama-3-8B_sllm-condense_3 replica 6dea1fc4-c01e-427a-abe8-a49002319f05 success
INFO 07-23 16:21:13 server.py:188] Confirm GPU group 5 for meta-llama/Meta-Llama-3-8B_sllm-condense_3 replica 6dea1fc4-c01e-427a-abe8-a49002319f05 success
INFO 07-23 16:21:15 server.py:188] Confirm GPU group 6 for meta-llama/Meta-Llama-3-8B_sllm-condense_3 replica 6dea1fc4-c01e-427a-abe8-a49002319f05 success
INFO 07-23 16:21:16 server.py:188] Confirm GPU group 7 for meta-llama/Meta-Llama-3-8B_sllm-condense_3 replica 6dea1fc4-c01e-427a-abe8-a49002319f05 success
INFO 07-23 16:21:17 server.py:188] Confirm GPU group 8 for meta-llama/Meta-Llama-3-8B_sllm-condense_3 replica 6dea1fc4-c01e-427a-abe8-a49002319f05 success
INFO 07-23 16:21:17 server.py:188] Confirm GPU group 9 for meta-llama/Meta-Llama-3-8B_sllm-condense_3 replica 6dea1fc4-c01e-427a-abe8-a49002319f05 success
INFO 07-23 16:21:17 server.py:188] Confirm GPU group 10 for meta-llama/Meta-Llama-3-8B_sllm-condense_3 replica 6dea1fc4-c01e-427a-abe8-a49002319f05 success
INFO 07-23 16:21:17 server.py:188] Confirm GPU group 11 for meta-llama/Meta-Llama-3-8B_sllm-condense_3 replica 6dea1fc4-c01e-427a-abe8-a49002319f05 success
INFO 07-23 16:21:18 server.py:188] Confirm GPU group 12 for meta-llama/Meta-Llama-3-8B_sllm-condense_3 replica 6dea1fc4-c01e-427a-abe8-a49002319f05 success
INFO 07-23 16:21:18 server.py:188] Confirm GPU group 13 for meta-llama/Meta-Llama-3-8B_sllm-condense_3 replica 6dea1fc4-c01e-427a-abe8-a49002319f05 success
INFO 07-23 16:21:20 server.py:188] Confirm GPU group 14 for meta-llama/Meta-Llama-3-8B_sllm-condense_3 replica 6dea1fc4-c01e-427a-abe8-a49002319f05 success
INFO 07-23 16:21:22 server.py:188] Confirm GPU group 15 for meta-llama/Meta-Llama-3-8B_sllm-condense_3 replica 6dea1fc4-c01e-427a-abe8-a49002319f05 success
INFO 07-23 16:21:24 server.py:188] Confirm GPU group 16 for meta-llama/Meta-Llama-3-8B_sllm-condense_3 replica 6dea1fc4-c01e-427a-abe8-a49002319f05 success
INFO 07-23 16:21:24 server.py:188] Confirm GPU group 17 for meta-llama/Meta-Llama-3-8B_sllm-condense_3 replica 6dea1fc4-c01e-427a-abe8-a49002319f05 success
INFO 07-23 16:21:24 server.py:188] Confirm GPU group 18 for meta-llama/Meta-Llama-3-8B_sllm-condense_3 replica 6dea1fc4-c01e-427a-abe8-a49002319f05 success
INFO 07-23 16:21:24 server.py:188] Confirm GPU group 19 for meta-llama/Meta-Llama-3-8B_sllm-condense_3 replica 6dea1fc4-c01e-427a-abe8-a49002319f05 success
INFO 07-23 16:21:24 server.py:188] Confirm GPU group 20 for meta-llama/Meta-Llama-3-8B_sllm-condense_3 replica 6dea1fc4-c01e-427a-abe8-a49002319f05 success
INFO 07-23 16:21:25 server.py:188] Confirm GPU group 21 for meta-llama/Meta-Llama-3-8B_sllm-condense_3 replica 6dea1fc4-c01e-427a-abe8-a49002319f05 success
INFO 07-23 16:21:25 server.py:188] Confirm GPU group 22 for meta-llama/Meta-Llama-3-8B_sllm-condense_3 replica 6dea1fc4-c01e-427a-abe8-a49002319f05 success
INFO 07-23 16:21:27 server.py:188] Confirm GPU group 23 for meta-llama/Meta-Llama-3-8B_sllm-condense_3 replica 6dea1fc4-c01e-427a-abe8-a49002319f05 success
INFO 07-23 16:21:29 server.py:188] Confirm GPU group 24 for meta-llama/Meta-Llama-3-8B_sllm-condense_3 replica 6dea1fc4-c01e-427a-abe8-a49002319f05 success
INFO 07-23 16:21:31 server.py:188] Confirm GPU group 25 for meta-llama/Meta-Llama-3-8B_sllm-condense_3 replica 6dea1fc4-c01e-427a-abe8-a49002319f05 success
INFO 07-23 16:21:31 server.py:188] Confirm GPU group 26 for meta-llama/Meta-Llama-3-8B_sllm-condense_3 replica 6dea1fc4-c01e-427a-abe8-a49002319f05 success
INFO 07-23 16:21:31 server.py:188] Confirm GPU group 27 for meta-llama/Meta-Llama-3-8B_sllm-condense_3 replica 6dea1fc4-c01e-427a-abe8-a49002319f05 success
INFO 07-23 16:21:31 server.py:188] Confirm GPU group 28 for meta-llama/Meta-Llama-3-8B_sllm-condense_3 replica 6dea1fc4-c01e-427a-abe8-a49002319f05 success
INFO 07-23 16:21:31 server.py:188] Confirm GPU group 29 for meta-llama/Meta-Llama-3-8B_sllm-condense_3 replica 6dea1fc4-c01e-427a-abe8-a49002319f05 success
INFO 07-23 16:21:32 server.py:188] Confirm GPU group 30 for meta-llama/Meta-Llama-3-8B_sllm-condense_3 replica 6dea1fc4-c01e-427a-abe8-a49002319f05 success
INFO 07-23 16:21:32 server.py:188] Confirm GPU group 31 for meta-llama/Meta-Llama-3-8B_sllm-condense_3 replica 6dea1fc4-c01e-427a-abe8-a49002319f05 success
INFO 07-23 16:21:34 server.py:188] Confirm GPU group 32 for meta-llama/Meta-Llama-3-8B_sllm-condense_3 replica 6dea1fc4-c01e-427a-abe8-a49002319f05 success
INFO 07-23 16:21:36 server.py:188] Confirm GPU group 33 for meta-llama/Meta-Llama-3-8B_sllm-condense_3 replica 6dea1fc4-c01e-427a-abe8-a49002319f05 success
INFO 07-23 16:21:38 server.py:188] Confirm GPU group 34 for meta-llama/Meta-Llama-3-8B_sllm-condense_3 replica 6dea1fc4-c01e-427a-abe8-a49002319f05 success
INFO 07-23 16:21:38 server.py:188] Confirm GPU group 35 for meta-llama/Meta-Llama-3-8B_sllm-condense_3 replica 6dea1fc4-c01e-427a-abe8-a49002319f05 success
INFO 07-23 16:21:38 server.py:188] Confirm GPU group 36 for meta-llama/Meta-Llama-3-8B_sllm-condense_3 replica 6dea1fc4-c01e-427a-abe8-a49002319f05 success
INFO 07-23 16:21:38 server.py:188] Confirm GPU group 37 for meta-llama/Meta-Llama-3-8B_sllm-condense_3 replica 6dea1fc4-c01e-427a-abe8-a49002319f05 success
INFO 07-23 16:21:38 server.py:188] Confirm GPU group 38 for meta-llama/Meta-Llama-3-8B_sllm-condense_3 replica 6dea1fc4-c01e-427a-abe8-a49002319f05 success
INFO 07-23 16:21:38 server.py:188] Confirm GPU group 39 for meta-llama/Meta-Llama-3-8B_sllm-condense_3 replica 6dea1fc4-c01e-427a-abe8-a49002319f05 success
INFO 07-23 16:21:39 server.py:188] Confirm GPU group 40 for meta-llama/Meta-Llama-3-8B_sllm-condense_3 replica 6dea1fc4-c01e-427a-abe8-a49002319f05 success
INFO 07-23 16:21:41 server.py:188] Confirm GPU group 41 for meta-llama/Meta-Llama-3-8B_sllm-condense_3 replica 6dea1fc4-c01e-427a-abe8-a49002319f05 success
INFO 07-23 16:21:42 server.py:188] Confirm GPU group 42 for meta-llama/Meta-Llama-3-8B_sllm-condense_3 replica 6dea1fc4-c01e-427a-abe8-a49002319f05 success
INFO 07-23 16:21:45 server.py:188] Confirm GPU group 43 for meta-llama/Meta-Llama-3-8B_sllm-condense_3 replica 6dea1fc4-c01e-427a-abe8-a49002319f05 success
INFO 07-23 16:21:45 server.py:188] Confirm GPU group 44 for meta-llama/Meta-Llama-3-8B_sllm-condense_3 replica 6dea1fc4-c01e-427a-abe8-a49002319f05 success
INFO 07-23 16:21:45 server.py:188] Confirm GPU group 45 for meta-llama/Meta-Llama-3-8B_sllm-condense_3 replica 6dea1fc4-c01e-427a-abe8-a49002319f05 success
INFO 07-23 16:21:45 server.py:188] Confirm GPU group 46 for meta-llama/Meta-Llama-3-8B_sllm-condense_3 replica 6dea1fc4-c01e-427a-abe8-a49002319f05 success
INFO 07-23 16:21:45 server.py:188] Confirm GPU group 47 for meta-llama/Meta-Llama-3-8B_sllm-condense_3 replica 6dea1fc4-c01e-427a-abe8-a49002319f05 success
INFO 07-23 16:21:45 server.py:188] Confirm GPU group 48 for meta-llama/Meta-Llama-3-8B_sllm-condense_3 replica 6dea1fc4-c01e-427a-abe8-a49002319f05 success
INFO 07-23 16:21:46 server.py:188] Confirm GPU group 49 for meta-llama/Meta-Llama-3-8B_sllm-condense_3 replica 6dea1fc4-c01e-427a-abe8-a49002319f05 success
INFO 07-23 16:21:48 server.py:188] Confirm GPU group 50 for meta-llama/Meta-Llama-3-8B_sllm-condense_3 replica 6dea1fc4-c01e-427a-abe8-a49002319f05 success
INFO 07-23 16:21:50 server.py:188] Confirm GPU group 51 for meta-llama/Meta-Llama-3-8B_sllm-condense_3 replica 6dea1fc4-c01e-427a-abe8-a49002319f05 success
INFO 07-23 16:21:51 server.py:188] Confirm GPU group 52 for meta-llama/Meta-Llama-3-8B_sllm-condense_3 replica 6dea1fc4-c01e-427a-abe8-a49002319f05 success
INFO 07-23 16:21:51 server.py:188] Confirm GPU group 53 for meta-llama/Meta-Llama-3-8B_sllm-condense_3 replica 6dea1fc4-c01e-427a-abe8-a49002319f05 success
INFO 07-23 16:21:51 server.py:188] Confirm GPU group 54 for meta-llama/Meta-Llama-3-8B_sllm-condense_3 replica 6dea1fc4-c01e-427a-abe8-a49002319f05 success
INFO 07-23 16:21:52 server.py:188] Confirm GPU group 55 for meta-llama/Meta-Llama-3-8B_sllm-condense_3 replica 6dea1fc4-c01e-427a-abe8-a49002319f05 success
INFO 07-23 16:21:52 server.py:188] Confirm GPU group 56 for meta-llama/Meta-Llama-3-8B_sllm-condense_3 replica 6dea1fc4-c01e-427a-abe8-a49002319f05 success
INFO 07-23 16:21:53 server.py:188] Confirm GPU group 57 for meta-llama/Meta-Llama-3-8B_sllm-condense_3 replica 6dea1fc4-c01e-427a-abe8-a49002319f05 success
INFO 07-23 16:21:53 server.py:188] Confirm GPU group 58 for meta-llama/Meta-Llama-3-8B_sllm-condense_3 replica 6dea1fc4-c01e-427a-abe8-a49002319f05 success
INFO 07-23 16:21:55 server.py:188] Confirm GPU group 59 for meta-llama/Meta-Llama-3-8B_sllm-condense_3 replica 6dea1fc4-c01e-427a-abe8-a49002319f05 success
INFO 07-23 16:21:56 server.py:188] Confirm GPU group 60 for meta-llama/Meta-Llama-3-8B_sllm-condense_3 replica 6dea1fc4-c01e-427a-abe8-a49002319f05 success
I20260723 16:21:57.545435 3776028 model.cpp:356] Finished loading tensor from memory to device 0
INFO 07-23 16:21:57 server.py:188] Confirm GPU group 61 for meta-llama/Meta-Llama-3-8B_sllm-condense_3 replica 6dea1fc4-c01e-427a-abe8-a49002319f05 success
I20260723 16:21:57.557111 3776021 model.cpp:250] Finished loading model meta-llama/Meta-Llama-3-8B_sllm-condense_3 from disk
INFO 07-23 16:21:57 server.py:188] Confirm GPU group 62 for meta-llama/Meta-Llama-3-8B_sllm-condense_3 replica 6dea1fc4-c01e-427a-abe8-a49002319f05 success
INFO 07-23 16:21:57 server.py:188] Confirm GPU group 63 for meta-llama/Meta-Llama-3-8B_sllm-condense_3 replica 6dea1fc4-c01e-427a-abe8-a49002319f05 success
INFO 07-23 16:21:57 server.py:188] Confirm GPU group 64 for meta-llama/Meta-Llama-3-8B_sllm-condense_3 replica 6dea1fc4-c01e-427a-abe8-a49002319f05 success
INFO 07-23 16:21:57 server.py:188] Confirm GPU group 65 for meta-llama/Meta-Llama-3-8B_sllm-condense_3 replica 6dea1fc4-c01e-427a-abe8-a49002319f05 success
INFO 07-23 16:21:57 server.py:188] Confirm GPU group 66 for meta-llama/Meta-Llama-3-8B_sllm-condense_3 replica 6dea1fc4-c01e-427a-abe8-a49002319f05 success
INFO 07-23 16:21:57 server.py:188] Confirm GPU group 67 for meta-llama/Meta-Llama-3-8B_sllm-condense_3 replica 6dea1fc4-c01e-427a-abe8-a49002319f05 success
INFO 07-23 16:21:57 server.py:188] Confirm GPU group 68 for meta-llama/Meta-Llama-3-8B_sllm-condense_3 replica 6dea1fc4-c01e-427a-abe8-a49002319f05 success
INFO 07-23 16:21:57 server.py:188] Confirm GPU group 69 for meta-llama/Meta-Llama-3-8B_sllm-condense_3 replica 6dea1fc4-c01e-427a-abe8-a49002319f05 success
INFO 07-23 16:21:57 server.py:188] Confirm GPU group 70 for meta-llama/Meta-Llama-3-8B_sllm-condense_3 replica 6dea1fc4-c01e-427a-abe8-a49002319f05 success
INFO 07-23 16:21:57 server.py:188] Confirm GPU group 71 for meta-llama/Meta-Llama-3-8B_sllm-condense_3 replica 6dea1fc4-c01e-427a-abe8-a49002319f05 success
INFO 07-23 16:21:57 server.py:188] Confirm GPU group 72 for meta-llama/Meta-Llama-3-8B_sllm-condense_3 replica 6dea1fc4-c01e-427a-abe8-a49002319f05 success
INFO 07-23 16:21:57 server.py:188] Confirm GPU group 73 for meta-llama/Meta-Llama-3-8B_sllm-condense_3 replica 6dea1fc4-c01e-427a-abe8-a49002319f05 success
INFO 07-23 16:21:57 server.py:188] Confirm GPU group 74 for meta-llama/Meta-Llama-3-8B_sllm-condense_3 replica 6dea1fc4-c01e-427a-abe8-a49002319f05 success
INFO 07-23 16:21:57 server.py:188] Confirm GPU group 75 for meta-llama/Meta-Llama-3-8B_sllm-condense_3 replica 6dea1fc4-c01e-427a-abe8-a49002319f05 success
INFO 07-23 16:21:57 server.py:188] Confirm GPU group 76 for meta-llama/Meta-Llama-3-8B_sllm-condense_3 replica 6dea1fc4-c01e-427a-abe8-a49002319f05 success
INFO 07-23 16:21:57 server.py:188] Confirm GPU group 77 for meta-llama/Meta-Llama-3-8B_sllm-condense_3 replica 6dea1fc4-c01e-427a-abe8-a49002319f05 success
INFO 07-23 16:21:57 server.py:188] Confirm GPU group 78 for meta-llama/Meta-Llama-3-8B_sllm-condense_3 replica 6dea1fc4-c01e-427a-abe8-a49002319f05 success
INFO 07-23 16:21:57 server.py:188] Confirm GPU group 79 for meta-llama/Meta-Llama-3-8B_sllm-condense_3 replica 6dea1fc4-c01e-427a-abe8-a49002319f05 success
INFO 07-23 16:21:57 server.py:188] Confirm GPU group 80 for meta-llama/Meta-Llama-3-8B_sllm-condense_3 replica 6dea1fc4-c01e-427a-abe8-a49002319f05 success
INFO 07-23 16:21:57 server.py:188] Confirm GPU group 81 for meta-llama/Meta-Llama-3-8B_sllm-condense_3 replica 6dea1fc4-c01e-427a-abe8-a49002319f05 success
INFO 07-23 16:21:57 server.py:188] Confirm GPU group 82 for meta-llama/Meta-Llama-3-8B_sllm-condense_3 replica 6dea1fc4-c01e-427a-abe8-a49002319f05 success
INFO 07-23 16:21:57 server.py:188] Confirm GPU group 83 for meta-llama/Meta-Llama-3-8B_sllm-condense_3 replica 6dea1fc4-c01e-427a-abe8-a49002319f05 success
INFO 07-23 16:21:57 server.py:188] Confirm GPU group 84 for meta-llama/Meta-Llama-3-8B_sllm-condense_3 replica 6dea1fc4-c01e-427a-abe8-a49002319f05 success
INFO 07-23 16:21:57 server.py:188] Confirm GPU group 85 for meta-llama/Meta-Llama-3-8B_sllm-condense_3 replica 6dea1fc4-c01e-427a-abe8-a49002319f05 success
INFO 07-23 16:21:57 server.py:188] Confirm GPU group 86 for meta-llama/Meta-Llama-3-8B_sllm-condense_3 replica 6dea1fc4-c01e-427a-abe8-a49002319f05 success
INFO 07-23 16:21:57 server.py:188] Confirm GPU group 87 for meta-llama/Meta-Llama-3-8B_sllm-condense_3 replica 6dea1fc4-c01e-427a-abe8-a49002319f05 success
INFO 07-23 16:21:57 server.py:188] Confirm GPU group 88 for meta-llama/Meta-Llama-3-8B_sllm-condense_3 replica 6dea1fc4-c01e-427a-abe8-a49002319f05 success
INFO 07-23 16:21:57 server.py:188] Confirm GPU group 89 for meta-llama/Meta-Llama-3-8B_sllm-condense_3 replica 6dea1fc4-c01e-427a-abe8-a49002319f05 success
INFO 07-23 16:21:57 server.py:188] Confirm GPU group 90 for meta-llama/Meta-Llama-3-8B_sllm-condense_3 replica 6dea1fc4-c01e-427a-abe8-a49002319f05 success
INFO 07-23 16:21:57 server.py:188] Confirm GPU group 91 for meta-llama/Meta-Llama-3-8B_sllm-condense_3 replica 6dea1fc4-c01e-427a-abe8-a49002319f05 success
INFO 07-23 16:21:57 server.py:188] Confirm GPU group 92 for meta-llama/Meta-Llama-3-8B_sllm-condense_3 replica 6dea1fc4-c01e-427a-abe8-a49002319f05 success
INFO 07-23 16:21:57 server.py:188] Confirm GPU group 93 for meta-llama/Meta-Llama-3-8B_sllm-condense_3 replica 6dea1fc4-c01e-427a-abe8-a49002319f05 success
INFO 07-23 16:21:57 server.py:188] Confirm GPU group 94 for meta-llama/Meta-Llama-3-8B_sllm-condense_3 replica 6dea1fc4-c01e-427a-abe8-a49002319f05 success
INFO 07-23 16:21:57 server.py:188] Confirm GPU group 95 for meta-llama/Meta-Llama-3-8B_sllm-condense_3 replica 6dea1fc4-c01e-427a-abe8-a49002319f05 success
INFO 07-23 16:21:57 server.py:188] Confirm GPU group 96 for meta-llama/Meta-Llama-3-8B_sllm-condense_3 replica 6dea1fc4-c01e-427a-abe8-a49002319f05 success
INFO 07-23 16:21:57 server.py:188] Confirm GPU group 97 for meta-llama/Meta-Llama-3-8B_sllm-condense_3 replica 6dea1fc4-c01e-427a-abe8-a49002319f05 success
INFO 07-23 16:21:57 server.py:188] Confirm GPU group 98 for meta-llama/Meta-Llama-3-8B_sllm-condense_3 replica 6dea1fc4-c01e-427a-abe8-a49002319f05 success
INFO 07-23 16:21:57 server.py:188] Confirm GPU group 99 for meta-llama/Meta-Llama-3-8B_sllm-condense_3 replica 6dea1fc4-c01e-427a-abe8-a49002319f05 success
INFO 07-23 16:21:57 server.py:188] Confirm GPU group 100 for meta-llama/Meta-Llama-3-8B_sllm-condense_3 replica 6dea1fc4-c01e-427a-abe8-a49002319f05 success
INFO 07-23 16:21:57 server.py:188] Confirm GPU group 101 for meta-llama/Meta-Llama-3-8B_sllm-condense_3 replica 6dea1fc4-c01e-427a-abe8-a49002319f05 success
INFO 07-23 16:21:57 server.py:188] Confirm GPU group 102 for meta-llama/Meta-Llama-3-8B_sllm-condense_3 replica 6dea1fc4-c01e-427a-abe8-a49002319f05 success
INFO 07-23 16:21:57 server.py:188] Confirm GPU group 103 for meta-llama/Meta-Llama-3-8B_sllm-condense_3 replica 6dea1fc4-c01e-427a-abe8-a49002319f05 success
INFO 07-23 16:21:57 server.py:188] Confirm GPU group 104 for meta-llama/Meta-Llama-3-8B_sllm-condense_3 replica 6dea1fc4-c01e-427a-abe8-a49002319f05 success
INFO 07-23 16:21:57 server.py:188] Confirm GPU group 105 for meta-llama/Meta-Llama-3-8B_sllm-condense_3 replica 6dea1fc4-c01e-427a-abe8-a49002319f05 success
INFO 07-23 16:21:57 server.py:188] Confirm GPU group 106 for meta-llama/Meta-Llama-3-8B_sllm-condense_3 replica 6dea1fc4-c01e-427a-abe8-a49002319f05 success
INFO 07-23 16:21:57 server.py:188] Confirm GPU group 107 for meta-llama/Meta-Llama-3-8B_sllm-condense_3 replica 6dea1fc4-c01e-427a-abe8-a49002319f05 success
INFO 07-23 16:21:57 server.py:188] Confirm GPU group 108 for meta-llama/Meta-Llama-3-8B_sllm-condense_3 replica 6dea1fc4-c01e-427a-abe8-a49002319f05 success
INFO 07-23 16:21:57 server.py:188] Confirm GPU group 109 for meta-llama/Meta-Llama-3-8B_sllm-condense_3 replica 6dea1fc4-c01e-427a-abe8-a49002319f05 success
INFO 07-23 16:21:57 server.py:188] Confirm GPU group 110 for meta-llama/Meta-Llama-3-8B_sllm-condense_3 replica 6dea1fc4-c01e-427a-abe8-a49002319f05 success
INFO 07-23 16:21:57 server.py:188] Confirm GPU group 111 for meta-llama/Meta-Llama-3-8B_sllm-condense_3 replica 6dea1fc4-c01e-427a-abe8-a49002319f05 success
INFO 07-23 16:21:57 server.py:188] Confirm GPU group 112 for meta-llama/Meta-Llama-3-8B_sllm-condense_3 replica 6dea1fc4-c01e-427a-abe8-a49002319f05 success
INFO 07-23 16:21:57 server.py:188] Confirm GPU group 113 for meta-llama/Meta-Llama-3-8B_sllm-condense_3 replica 6dea1fc4-c01e-427a-abe8-a49002319f05 success
INFO 07-23 16:21:57 server.py:188] Confirm GPU group 114 for meta-llama/Meta-Llama-3-8B_sllm-condense_3 replica 6dea1fc4-c01e-427a-abe8-a49002319f05 success
INFO 07-23 16:21:57 server.py:188] Confirm GPU group 115 for meta-llama/Meta-Llama-3-8B_sllm-condense_3 replica 6dea1fc4-c01e-427a-abe8-a49002319f05 success
INFO 07-23 16:21:57 server.py:188] Confirm GPU group 116 for meta-llama/Meta-Llama-3-8B_sllm-condense_3 replica 6dea1fc4-c01e-427a-abe8-a49002319f05 success
INFO 07-23 16:21:57 server.py:188] Confirm GPU group 117 for meta-llama/Meta-Llama-3-8B_sllm-condense_3 replica 6dea1fc4-c01e-427a-abe8-a49002319f05 success
INFO 07-23 16:21:57 server.py:188] Confirm GPU group 118 for meta-llama/Meta-Llama-3-8B_sllm-condense_3 replica 6dea1fc4-c01e-427a-abe8-a49002319f05 success
INFO 07-23 16:21:57 server.py:188] Confirm GPU group 119 for meta-llama/Meta-Llama-3-8B_sllm-condense_3 replica 6dea1fc4-c01e-427a-abe8-a49002319f05 success
INFO 07-23 16:21:57 server.py:188] Confirm GPU group 120 for meta-llama/Meta-Llama-3-8B_sllm-condense_3 replica 6dea1fc4-c01e-427a-abe8-a49002319f05 success
INFO 07-23 16:21:57 server.py:188] Confirm GPU group 121 for meta-llama/Meta-Llama-3-8B_sllm-condense_3 replica 6dea1fc4-c01e-427a-abe8-a49002319f05 success
INFO 07-23 16:21:57 server.py:188] Confirm GPU group 122 for meta-llama/Meta-Llama-3-8B_sllm-condense_3 replica 6dea1fc4-c01e-427a-abe8-a49002319f05 success
INFO 07-23 16:21:57 server.py:188] Confirm GPU group 123 for meta-llama/Meta-Llama-3-8B_sllm-condense_3 replica 6dea1fc4-c01e-427a-abe8-a49002319f05 success
INFO 07-23 16:21:57 server.py:188] Confirm GPU group 124 for meta-llama/Meta-Llama-3-8B_sllm-condense_3 replica 6dea1fc4-c01e-427a-abe8-a49002319f05 success
INFO 07-23 16:21:57 server.py:188] Confirm GPU group 125 for meta-llama/Meta-Llama-3-8B_sllm-condense_3 replica 6dea1fc4-c01e-427a-abe8-a49002319f05 success
INFO 07-23 16:21:57 server.py:188] Confirm GPU group 126 for meta-llama/Meta-Llama-3-8B_sllm-condense_3 replica 6dea1fc4-c01e-427a-abe8-a49002319f05 success
INFO 07-23 16:21:57 server.py:188] Confirm GPU group 127 for meta-llama/Meta-Llama-3-8B_sllm-condense_3 replica 6dea1fc4-c01e-427a-abe8-a49002319f05 success
INFO 07-23 16:21:57 server.py:188] Confirm GPU group 128 for meta-llama/Meta-Llama-3-8B_sllm-condense_3 replica 6dea1fc4-c01e-427a-abe8-a49002319f05 success
INFO 07-23 16:21:57 server.py:188] Confirm GPU group 129 for meta-llama/Meta-Llama-3-8B_sllm-condense_3 replica 6dea1fc4-c01e-427a-abe8-a49002319f05 success
INFO 07-23 16:21:57 server.py:188] Confirm GPU group 130 for meta-llama/Meta-Llama-3-8B_sllm-condense_3 replica 6dea1fc4-c01e-427a-abe8-a49002319f05 success
INFO 07-23 16:21:57 server.py:188] Confirm GPU group 131 for meta-llama/Meta-Llama-3-8B_sllm-condense_3 replica 6dea1fc4-c01e-427a-abe8-a49002319f05 success
INFO 07-23 16:21:57 server.py:188] Confirm GPU group 132 for meta-llama/Meta-Llama-3-8B_sllm-condense_3 replica 6dea1fc4-c01e-427a-abe8-a49002319f05 success
INFO 07-23 16:21:57 server.py:188] Confirm GPU group 133 for meta-llama/Meta-Llama-3-8B_sllm-condense_3 replica 6dea1fc4-c01e-427a-abe8-a49002319f05 success
INFO 07-23 16:21:57 server.py:188] Confirm GPU group 134 for meta-llama/Meta-Llama-3-8B_sllm-condense_3 replica 6dea1fc4-c01e-427a-abe8-a49002319f05 success
INFO 07-23 16:21:57 server.py:188] Confirm GPU group 135 for meta-llama/Meta-Llama-3-8B_sllm-condense_3 replica 6dea1fc4-c01e-427a-abe8-a49002319f05 success
INFO 07-23 16:21:57 server.py:188] Confirm GPU group 136 for meta-llama/Meta-Llama-3-8B_sllm-condense_3 replica 6dea1fc4-c01e-427a-abe8-a49002319f05 success
INFO 07-23 16:21:57 server.py:188] Confirm GPU group 137 for meta-llama/Meta-Llama-3-8B_sllm-condense_3 replica 6dea1fc4-c01e-427a-abe8-a49002319f05 success
INFO 07-23 16:21:57 server.py:188] Confirm GPU group 138 for meta-llama/Meta-Llama-3-8B_sllm-condense_3 replica 6dea1fc4-c01e-427a-abe8-a49002319f05 success
INFO 07-23 16:21:57 server.py:188] Confirm GPU group 139 for meta-llama/Meta-Llama-3-8B_sllm-condense_3 replica 6dea1fc4-c01e-427a-abe8-a49002319f05 success
INFO 07-23 16:21:57 server.py:188] Confirm GPU group 140 for meta-llama/Meta-Llama-3-8B_sllm-condense_3 replica 6dea1fc4-c01e-427a-abe8-a49002319f05 success
INFO 07-23 16:21:57 server.py:188] Confirm GPU group 141 for meta-llama/Meta-Llama-3-8B_sllm-condense_3 replica 6dea1fc4-c01e-427a-abe8-a49002319f05 success
INFO 07-23 16:21:57 server.py:188] Confirm GPU group 142 for meta-llama/Meta-Llama-3-8B_sllm-condense_3 replica 6dea1fc4-c01e-427a-abe8-a49002319f05 success
INFO 07-23 16:21:57 server.py:188] Confirm GPU group 143 for meta-llama/Meta-Llama-3-8B_sllm-condense_3 replica 6dea1fc4-c01e-427a-abe8-a49002319f05 success
INFO 07-23 16:21:57 server.py:188] Confirm GPU group 144 for meta-llama/Meta-Llama-3-8B_sllm-condense_3 replica 6dea1fc4-c01e-427a-abe8-a49002319f05 success
INFO 07-23 16:21:57 server.py:188] Confirm GPU group 145 for meta-llama/Meta-Llama-3-8B_sllm-condense_3 replica 6dea1fc4-c01e-427a-abe8-a49002319f05 success
INFO 07-23 16:21:57 server.py:188] Confirm GPU group 146 for meta-llama/Meta-Llama-3-8B_sllm-condense_3 replica 6dea1fc4-c01e-427a-abe8-a49002319f05 success
INFO 07-23 16:21:57 server.py:188] Confirm GPU group 147 for meta-llama/Meta-Llama-3-8B_sllm-condense_3 replica 6dea1fc4-c01e-427a-abe8-a49002319f05 success
INFO 07-23 16:21:57 server.py:188] Confirm GPU group 148 for meta-llama/Meta-Llama-3-8B_sllm-condense_3 replica 6dea1fc4-c01e-427a-abe8-a49002319f05 success
INFO 07-23 16:21:57 server.py:188] Confirm GPU group 149 for meta-llama/Meta-Llama-3-8B_sllm-condense_3 replica 6dea1fc4-c01e-427a-abe8-a49002319f05 success
INFO 07-23 16:21:57 server.py:188] Confirm GPU group 150 for meta-llama/Meta-Llama-3-8B_sllm-condense_3 replica 6dea1fc4-c01e-427a-abe8-a49002319f05 success
INFO 07-23 16:21:57 server.py:188] Confirm GPU group 151 for meta-llama/Meta-Llama-3-8B_sllm-condense_3 replica 6dea1fc4-c01e-427a-abe8-a49002319f05 success
INFO 07-23 16:21:57 server.py:188] Confirm GPU group 152 for meta-llama/Meta-Llama-3-8B_sllm-condense_3 replica 6dea1fc4-c01e-427a-abe8-a49002319f05 success
INFO 07-23 16:21:57 server.py:188] Confirm GPU group 153 for meta-llama/Meta-Llama-3-8B_sllm-condense_3 replica 6dea1fc4-c01e-427a-abe8-a49002319f05 success
INFO 07-23 16:21:57 server.py:188] Confirm GPU group 154 for meta-llama/Meta-Llama-3-8B_sllm-condense_3 replica 6dea1fc4-c01e-427a-abe8-a49002319f05 success
INFO 07-23 16:21:57 server.py:188] Confirm GPU group 155 for meta-llama/Meta-Llama-3-8B_sllm-condense_3 replica 6dea1fc4-c01e-427a-abe8-a49002319f05 success
INFO 07-23 16:21:57 server.py:188] Confirm GPU group 156 for meta-llama/Meta-Llama-3-8B_sllm-condense_3 replica 6dea1fc4-c01e-427a-abe8-a49002319f05 success
INFO 07-23 16:21:57 server.py:188] Confirm GPU group 157 for meta-llama/Meta-Llama-3-8B_sllm-condense_3 replica 6dea1fc4-c01e-427a-abe8-a49002319f05 success
INFO 07-23 16:21:57 server.py:188] Confirm GPU group 158 for meta-llama/Meta-Llama-3-8B_sllm-condense_3 replica 6dea1fc4-c01e-427a-abe8-a49002319f05 success
INFO 07-23 16:21:57 server.py:188] Confirm GPU group 159 for meta-llama/Meta-Llama-3-8B_sllm-condense_3 replica 6dea1fc4-c01e-427a-abe8-a49002319f05 success
INFO 07-23 16:21:57 server.py:188] Confirm GPU group 160 for meta-llama/Meta-Llama-3-8B_sllm-condense_3 replica 6dea1fc4-c01e-427a-abe8-a49002319f05 success
INFO 07-23 16:21:57 server.py:188] Confirm GPU group 161 for meta-llama/Meta-Llama-3-8B_sllm-condense_3 replica 6dea1fc4-c01e-427a-abe8-a49002319f05 success
INFO 07-23 16:21:57 server.py:188] Confirm GPU group 162 for meta-llama/Meta-Llama-3-8B_sllm-condense_3 replica 6dea1fc4-c01e-427a-abe8-a49002319f05 success
INFO 07-23 16:21:57 server.py:188] Confirm GPU group 163 for meta-llama/Meta-Llama-3-8B_sllm-condense_3 replica 6dea1fc4-c01e-427a-abe8-a49002319f05 success
INFO 07-23 16:21:57 server.py:188] Confirm GPU group 164 for meta-llama/Meta-Llama-3-8B_sllm-condense_3 replica 6dea1fc4-c01e-427a-abe8-a49002319f05 success
INFO 07-23 16:21:57 server.py:188] Confirm GPU group 165 for meta-llama/Meta-Llama-3-8B_sllm-condense_3 replica 6dea1fc4-c01e-427a-abe8-a49002319f05 success
INFO 07-23 16:21:57 server.py:188] Confirm GPU group 166 for meta-llama/Meta-Llama-3-8B_sllm-condense_3 replica 6dea1fc4-c01e-427a-abe8-a49002319f05 success
INFO 07-23 16:21:57 server.py:188] Confirm GPU group 167 for meta-llama/Meta-Llama-3-8B_sllm-condense_3 replica 6dea1fc4-c01e-427a-abe8-a49002319f05 success
INFO 07-23 16:21:57 server.py:188] Confirm GPU group 168 for meta-llama/Meta-Llama-3-8B_sllm-condense_3 replica 6dea1fc4-c01e-427a-abe8-a49002319f05 success
INFO 07-23 16:21:57 server.py:188] Confirm GPU group 169 for meta-llama/Meta-Llama-3-8B_sllm-condense_3 replica 6dea1fc4-c01e-427a-abe8-a49002319f05 success
INFO 07-23 16:21:57 server.py:188] Confirm GPU group 170 for meta-llama/Meta-Llama-3-8B_sllm-condense_3 replica 6dea1fc4-c01e-427a-abe8-a49002319f05 success
INFO 07-23 16:21:57 server.py:188] Confirm GPU group 171 for meta-llama/Meta-Llama-3-8B_sllm-condense_3 replica 6dea1fc4-c01e-427a-abe8-a49002319f05 success
INFO 07-23 16:21:57 server.py:188] Confirm GPU group 172 for meta-llama/Meta-Llama-3-8B_sllm-condense_3 replica 6dea1fc4-c01e-427a-abe8-a49002319f05 success
INFO 07-23 16:21:57 server.py:188] Confirm GPU group 173 for meta-llama/Meta-Llama-3-8B_sllm-condense_3 replica 6dea1fc4-c01e-427a-abe8-a49002319f05 success
INFO 07-23 16:21:57 server.py:188] Confirm GPU group 174 for meta-llama/Meta-Llama-3-8B_sllm-condense_3 replica 6dea1fc4-c01e-427a-abe8-a49002319f05 success
INFO 07-23 16:21:57 server.py:188] Confirm GPU group 175 for meta-llama/Meta-Llama-3-8B_sllm-condense_3 replica 6dea1fc4-c01e-427a-abe8-a49002319f05 success
INFO 07-23 16:21:57 server.py:188] Confirm GPU group 176 for meta-llama/Meta-Llama-3-8B_sllm-condense_3 replica 6dea1fc4-c01e-427a-abe8-a49002319f05 success
INFO 07-23 16:21:57 server.py:188] Confirm GPU group 177 for meta-llama/Meta-Llama-3-8B_sllm-condense_3 replica 6dea1fc4-c01e-427a-abe8-a49002319f05 success
INFO 07-23 16:21:57 server.py:188] Confirm GPU group 178 for meta-llama/Meta-Llama-3-8B_sllm-condense_3 replica 6dea1fc4-c01e-427a-abe8-a49002319f05 success
INFO 07-23 16:21:57 server.py:188] Confirm GPU group 179 for meta-llama/Meta-Llama-3-8B_sllm-condense_3 replica 6dea1fc4-c01e-427a-abe8-a49002319f05 success
INFO 07-23 16:21:57 server.py:188] Confirm GPU group 180 for meta-llama/Meta-Llama-3-8B_sllm-condense_3 replica 6dea1fc4-c01e-427a-abe8-a49002319f05 success
INFO 07-23 16:21:57 server.py:188] Confirm GPU group 181 for meta-llama/Meta-Llama-3-8B_sllm-condense_3 replica 6dea1fc4-c01e-427a-abe8-a49002319f05 success
INFO 07-23 16:21:57 server.py:188] Confirm GPU group 182 for meta-llama/Meta-Llama-3-8B_sllm-condense_3 replica 6dea1fc4-c01e-427a-abe8-a49002319f05 success
INFO 07-23 16:21:57 server.py:188] Confirm GPU group 183 for meta-llama/Meta-Llama-3-8B_sllm-condense_3 replica 6dea1fc4-c01e-427a-abe8-a49002319f05 success
INFO 07-23 16:21:57 server.py:188] Confirm GPU group 184 for meta-llama/Meta-Llama-3-8B_sllm-condense_3 replica 6dea1fc4-c01e-427a-abe8-a49002319f05 success
INFO 07-23 16:21:57 server.py:188] Confirm GPU group 185 for meta-llama/Meta-Llama-3-8B_sllm-condense_3 replica 6dea1fc4-c01e-427a-abe8-a49002319f05 success
INFO 07-23 16:21:57 server.py:188] Confirm GPU group 186 for meta-llama/Meta-Llama-3-8B_sllm-condense_3 replica 6dea1fc4-c01e-427a-abe8-a49002319f05 success
INFO 07-23 16:21:57 server.py:188] Confirm GPU group 187 for meta-llama/Meta-Llama-3-8B_sllm-condense_3 replica 6dea1fc4-c01e-427a-abe8-a49002319f05 success
INFO 07-23 16:21:57 server.py:188] Confirm GPU group 188 for meta-llama/Meta-Llama-3-8B_sllm-condense_3 replica 6dea1fc4-c01e-427a-abe8-a49002319f05 success
INFO 07-23 16:21:57 server.py:188] Confirm GPU group 189 for meta-llama/Meta-Llama-3-8B_sllm-condense_3 replica 6dea1fc4-c01e-427a-abe8-a49002319f05 success
INFO 07-23 16:21:57 server.py:188] Confirm GPU group 190 for meta-llama/Meta-Llama-3-8B_sllm-condense_3 replica 6dea1fc4-c01e-427a-abe8-a49002319f05 success
INFO 07-23 16:21:57 server.py:188] Confirm GPU group 191 for meta-llama/Meta-Llama-3-8B_sllm-condense_3 replica 6dea1fc4-c01e-427a-abe8-a49002319f05 success
INFO 07-23 16:21:57 server.py:188] Confirm GPU group 192 for meta-llama/Meta-Llama-3-8B_sllm-condense_3 replica 6dea1fc4-c01e-427a-abe8-a49002319f05 success
INFO 07-23 16:21:58 server.py:188] Confirm GPU group 193 for meta-llama/Meta-Llama-3-8B_sllm-condense_3 replica 6dea1fc4-c01e-427a-abe8-a49002319f05 success
INFO 07-23 16:21:58 server.py:188] Confirm GPU group 194 for meta-llama/Meta-Llama-3-8B_sllm-condense_3 replica 6dea1fc4-c01e-427a-abe8-a49002319f05 success
INFO 07-23 16:21:58 server.py:188] Confirm GPU group 195 for meta-llama/Meta-Llama-3-8B_sllm-condense_3 replica 6dea1fc4-c01e-427a-abe8-a49002319f05 success
INFO 07-23 16:21:58 server.py:188] Confirm GPU group 196 for meta-llama/Meta-Llama-3-8B_sllm-condense_3 replica 6dea1fc4-c01e-427a-abe8-a49002319f05 success
INFO 07-23 16:21:58 server.py:188] Confirm GPU group 197 for meta-llama/Meta-Llama-3-8B_sllm-condense_3 replica 6dea1fc4-c01e-427a-abe8-a49002319f05 success
INFO 07-23 16:21:58 server.py:188] Confirm GPU group 198 for meta-llama/Meta-Llama-3-8B_sllm-condense_3 replica 6dea1fc4-c01e-427a-abe8-a49002319f05 success
INFO 07-23 16:21:58 server.py:188] Confirm GPU group 199 for meta-llama/Meta-Llama-3-8B_sllm-condense_3 replica 6dea1fc4-c01e-427a-abe8-a49002319f05 success
INFO 07-23 16:21:58 server.py:188] Confirm GPU group 200 for meta-llama/Meta-Llama-3-8B_sllm-condense_3 replica 6dea1fc4-c01e-427a-abe8-a49002319f05 success
INFO 07-23 16:21:58 server.py:188] Confirm GPU group 201 for meta-llama/Meta-Llama-3-8B_sllm-condense_3 replica 6dea1fc4-c01e-427a-abe8-a49002319f05 success
INFO 07-23 16:21:58 server.py:188] Confirm GPU group 202 for meta-llama/Meta-Llama-3-8B_sllm-condense_3 replica 6dea1fc4-c01e-427a-abe8-a49002319f05 success
INFO 07-23 16:21:58 server.py:188] Confirm GPU group 203 for meta-llama/Meta-Llama-3-8B_sllm-condense_3 replica 6dea1fc4-c01e-427a-abe8-a49002319f05 success
INFO 07-23 16:21:58 server.py:188] Confirm GPU group 204 for meta-llama/Meta-Llama-3-8B_sllm-condense_3 replica 6dea1fc4-c01e-427a-abe8-a49002319f05 success
INFO 07-23 16:21:58 server.py:188] Confirm GPU group 205 for meta-llama/Meta-Llama-3-8B_sllm-condense_3 replica 6dea1fc4-c01e-427a-abe8-a49002319f05 success
INFO 07-23 16:21:58 server.py:188] Confirm GPU group 206 for meta-llama/Meta-Llama-3-8B_sllm-condense_3 replica 6dea1fc4-c01e-427a-abe8-a49002319f05 success
INFO 07-23 16:21:58 server.py:188] Confirm GPU group 207 for meta-llama/Meta-Llama-3-8B_sllm-condense_3 replica 6dea1fc4-c01e-427a-abe8-a49002319f05 success
INFO 07-23 16:21:58 server.py:188] Confirm GPU group 208 for meta-llama/Meta-Llama-3-8B_sllm-condense_3 replica 6dea1fc4-c01e-427a-abe8-a49002319f05 success
INFO 07-23 16:21:58 server.py:188] Confirm GPU group 209 for meta-llama/Meta-Llama-3-8B_sllm-condense_3 replica 6dea1fc4-c01e-427a-abe8-a49002319f05 success
INFO 07-23 16:21:58 server.py:188] Confirm GPU group 210 for meta-llama/Meta-Llama-3-8B_sllm-condense_3 replica 6dea1fc4-c01e-427a-abe8-a49002319f05 success
INFO 07-23 16:21:58 server.py:188] Confirm GPU group 211 for meta-llama/Meta-Llama-3-8B_sllm-condense_3 replica 6dea1fc4-c01e-427a-abe8-a49002319f05 success
INFO 07-23 16:21:58 server.py:188] Confirm GPU group 212 for meta-llama/Meta-Llama-3-8B_sllm-condense_3 replica 6dea1fc4-c01e-427a-abe8-a49002319f05 success
INFO 07-23 16:21:58 server.py:188] Confirm GPU group 213 for meta-llama/Meta-Llama-3-8B_sllm-condense_3 replica 6dea1fc4-c01e-427a-abe8-a49002319f05 success
INFO 07-23 16:21:58 server.py:188] Confirm GPU group 214 for meta-llama/Meta-Llama-3-8B_sllm-condense_3 replica 6dea1fc4-c01e-427a-abe8-a49002319f05 success
INFO 07-23 16:21:58 server.py:188] Confirm GPU group 215 for meta-llama/Meta-Llama-3-8B_sllm-condense_3 replica 6dea1fc4-c01e-427a-abe8-a49002319f05 success
INFO 07-23 16:21:58 server.py:188] Confirm GPU group 216 for meta-llama/Meta-Llama-3-8B_sllm-condense_3 replica 6dea1fc4-c01e-427a-abe8-a49002319f05 success
INFO 07-23 16:21:58 server.py:188] Confirm GPU group 217 for meta-llama/Meta-Llama-3-8B_sllm-condense_3 replica 6dea1fc4-c01e-427a-abe8-a49002319f05 success
INFO 07-23 16:21:58 server.py:188] Confirm GPU group 218 for meta-llama/Meta-Llama-3-8B_sllm-condense_3 replica 6dea1fc4-c01e-427a-abe8-a49002319f05 success
INFO 07-23 16:21:58 server.py:188] Confirm GPU group 219 for meta-llama/Meta-Llama-3-8B_sllm-condense_3 replica 6dea1fc4-c01e-427a-abe8-a49002319f05 success
INFO 07-23 16:21:58 server.py:188] Confirm GPU group 220 for meta-llama/Meta-Llama-3-8B_sllm-condense_3 replica 6dea1fc4-c01e-427a-abe8-a49002319f05 success
INFO 07-23 16:21:58 server.py:188] Confirm GPU group 221 for meta-llama/Meta-Llama-3-8B_sllm-condense_3 replica 6dea1fc4-c01e-427a-abe8-a49002319f05 success
INFO 07-23 16:21:58 server.py:188] Confirm GPU group 222 for meta-llama/Meta-Llama-3-8B_sllm-condense_3 replica 6dea1fc4-c01e-427a-abe8-a49002319f05 success
INFO 07-23 16:21:58 server.py:188] Confirm GPU group 223 for meta-llama/Meta-Llama-3-8B_sllm-condense_3 replica 6dea1fc4-c01e-427a-abe8-a49002319f05 success
INFO 07-23 16:21:58 server.py:188] Confirm GPU group 224 for meta-llama/Meta-Llama-3-8B_sllm-condense_3 replica 6dea1fc4-c01e-427a-abe8-a49002319f05 success
INFO 07-23 16:21:58 server.py:188] Confirm GPU group 225 for meta-llama/Meta-Llama-3-8B_sllm-condense_3 replica 6dea1fc4-c01e-427a-abe8-a49002319f05 success
INFO 07-23 16:21:58 server.py:188] Confirm GPU group 226 for meta-llama/Meta-Llama-3-8B_sllm-condense_3 replica 6dea1fc4-c01e-427a-abe8-a49002319f05 success
INFO 07-23 16:21:58 server.py:188] Confirm GPU group 227 for meta-llama/Meta-Llama-3-8B_sllm-condense_3 replica 6dea1fc4-c01e-427a-abe8-a49002319f05 success
INFO 07-23 16:21:58 server.py:188] Confirm GPU group 228 for meta-llama/Meta-Llama-3-8B_sllm-condense_3 replica 6dea1fc4-c01e-427a-abe8-a49002319f05 success
INFO 07-23 16:21:58 server.py:188] Confirm GPU group 229 for meta-llama/Meta-Llama-3-8B_sllm-condense_3 replica 6dea1fc4-c01e-427a-abe8-a49002319f05 success
INFO 07-23 16:21:58 server.py:188] Confirm GPU group 230 for meta-llama/Meta-Llama-3-8B_sllm-condense_3 replica 6dea1fc4-c01e-427a-abe8-a49002319f05 success
INFO 07-23 16:21:58 server.py:188] Confirm GPU group 231 for meta-llama/Meta-Llama-3-8B_sllm-condense_3 replica 6dea1fc4-c01e-427a-abe8-a49002319f05 success
INFO 07-23 16:21:58 server.py:188] Confirm GPU group 232 for meta-llama/Meta-Llama-3-8B_sllm-condense_3 replica 6dea1fc4-c01e-427a-abe8-a49002319f05 success
INFO 07-23 16:21:58 server.py:188] Confirm GPU group 233 for meta-llama/Meta-Llama-3-8B_sllm-condense_3 replica 6dea1fc4-c01e-427a-abe8-a49002319f05 success
INFO 07-23 16:21:58 server.py:188] Confirm GPU group 234 for meta-llama/Meta-Llama-3-8B_sllm-condense_3 replica 6dea1fc4-c01e-427a-abe8-a49002319f05 success
INFO 07-23 16:21:58 server.py:188] Confirm GPU group 235 for meta-llama/Meta-Llama-3-8B_sllm-condense_3 replica 6dea1fc4-c01e-427a-abe8-a49002319f05 success
INFO 07-23 16:21:58 server.py:188] Confirm GPU group 236 for meta-llama/Meta-Llama-3-8B_sllm-condense_3 replica 6dea1fc4-c01e-427a-abe8-a49002319f05 success
INFO 07-23 16:21:58 server.py:188] Confirm GPU group 237 for meta-llama/Meta-Llama-3-8B_sllm-condense_3 replica 6dea1fc4-c01e-427a-abe8-a49002319f05 success
INFO 07-23 16:21:58 server.py:188] Confirm GPU group 238 for meta-llama/Meta-Llama-3-8B_sllm-condense_3 replica 6dea1fc4-c01e-427a-abe8-a49002319f05 success
INFO 07-23 16:21:58 server.py:188] Confirm GPU group 239 for meta-llama/Meta-Llama-3-8B_sllm-condense_3 replica 6dea1fc4-c01e-427a-abe8-a49002319f05 success
INFO 07-23 16:21:58 server.py:188] Confirm GPU group 240 for meta-llama/Meta-Llama-3-8B_sllm-condense_3 replica 6dea1fc4-c01e-427a-abe8-a49002319f05 success
INFO 07-23 16:21:58 server.py:188] Confirm GPU group 241 for meta-llama/Meta-Llama-3-8B_sllm-condense_3 replica 6dea1fc4-c01e-427a-abe8-a49002319f05 success
INFO 07-23 16:21:58 server.py:188] Confirm GPU group 242 for meta-llama/Meta-Llama-3-8B_sllm-condense_3 replica 6dea1fc4-c01e-427a-abe8-a49002319f05 success
INFO 07-23 16:21:58 server.py:188] Confirm GPU group 243 for meta-llama/Meta-Llama-3-8B_sllm-condense_3 replica 6dea1fc4-c01e-427a-abe8-a49002319f05 success
INFO 07-23 16:21:58 server.py:188] Confirm GPU group 244 for meta-llama/Meta-Llama-3-8B_sllm-condense_3 replica 6dea1fc4-c01e-427a-abe8-a49002319f05 success
INFO 07-23 16:21:58 server.py:188] Confirm GPU group 245 for meta-llama/Meta-Llama-3-8B_sllm-condense_3 replica 6dea1fc4-c01e-427a-abe8-a49002319f05 success
INFO 07-23 16:21:58 server.py:188] Confirm GPU group 246 for meta-llama/Meta-Llama-3-8B_sllm-condense_3 replica 6dea1fc4-c01e-427a-abe8-a49002319f05 success
INFO 07-23 16:21:58 server.py:188] Confirm GPU group 247 for meta-llama/Meta-Llama-3-8B_sllm-condense_3 replica 6dea1fc4-c01e-427a-abe8-a49002319f05 success
INFO 07-23 16:21:58 server.py:188] Confirm GPU group 248 for meta-llama/Meta-Llama-3-8B_sllm-condense_3 replica 6dea1fc4-c01e-427a-abe8-a49002319f05 success
INFO 07-23 16:21:58 server.py:188] Confirm GPU group 249 for meta-llama/Meta-Llama-3-8B_sllm-condense_3 replica 6dea1fc4-c01e-427a-abe8-a49002319f05 success
INFO 07-23 16:21:58 server.py:188] Confirm GPU group 250 for meta-llama/Meta-Llama-3-8B_sllm-condense_3 replica 6dea1fc4-c01e-427a-abe8-a49002319f05 success
INFO 07-23 16:21:58 server.py:188] Confirm GPU group 251 for meta-llama/Meta-Llama-3-8B_sllm-condense_3 replica 6dea1fc4-c01e-427a-abe8-a49002319f05 success
INFO 07-23 16:21:58 server.py:188] Confirm GPU group 252 for meta-llama/Meta-Llama-3-8B_sllm-condense_3 replica 6dea1fc4-c01e-427a-abe8-a49002319f05 success
INFO 07-23 16:21:58 server.py:188] Confirm GPU group 253 for meta-llama/Meta-Llama-3-8B_sllm-condense_3 replica 6dea1fc4-c01e-427a-abe8-a49002319f05 success
INFO 07-23 16:21:58 server.py:188] Confirm GPU group 254 for meta-llama/Meta-Llama-3-8B_sllm-condense_3 replica 6dea1fc4-c01e-427a-abe8-a49002319f05 success
INFO 07-23 16:21:58 server.py:188] Confirm GPU group 255 for meta-llama/Meta-Llama-3-8B_sllm-condense_3 replica 6dea1fc4-c01e-427a-abe8-a49002319f05 success
INFO 07-23 16:21:58 server.py:188] Confirm GPU group 256 for meta-llama/Meta-Llama-3-8B_sllm-condense_3 replica 6dea1fc4-c01e-427a-abe8-a49002319f05 success
INFO 07-23 16:21:58 server.py:188] Confirm GPU group 257 for meta-llama/Meta-Llama-3-8B_sllm-condense_3 replica 6dea1fc4-c01e-427a-abe8-a49002319f05 success
INFO 07-23 16:21:58 server.py:188] Confirm GPU group 258 for meta-llama/Meta-Llama-3-8B_sllm-condense_3 replica 6dea1fc4-c01e-427a-abe8-a49002319f05 success
INFO 07-23 16:21:58 server.py:188] Confirm GPU group 259 for meta-llama/Meta-Llama-3-8B_sllm-condense_3 replica 6dea1fc4-c01e-427a-abe8-a49002319f05 success
INFO 07-23 16:21:58 server.py:188] Confirm GPU group 260 for meta-llama/Meta-Llama-3-8B_sllm-condense_3 replica 6dea1fc4-c01e-427a-abe8-a49002319f05 success
INFO 07-23 16:21:58 server.py:188] Confirm GPU group 261 for meta-llama/Meta-Llama-3-8B_sllm-condense_3 replica 6dea1fc4-c01e-427a-abe8-a49002319f05 success
INFO 07-23 16:21:58 server.py:188] Confirm GPU group 262 for meta-llama/Meta-Llama-3-8B_sllm-condense_3 replica 6dea1fc4-c01e-427a-abe8-a49002319f05 success
INFO 07-23 16:21:58 server.py:188] Confirm GPU group 263 for meta-llama/Meta-Llama-3-8B_sllm-condense_3 replica 6dea1fc4-c01e-427a-abe8-a49002319f05 success
INFO 07-23 16:21:58 server.py:188] Confirm GPU group 264 for meta-llama/Meta-Llama-3-8B_sllm-condense_3 replica 6dea1fc4-c01e-427a-abe8-a49002319f05 success
INFO 07-23 16:21:58 server.py:188] Confirm GPU group 265 for meta-llama/Meta-Llama-3-8B_sllm-condense_3 replica 6dea1fc4-c01e-427a-abe8-a49002319f05 success
INFO 07-23 16:21:58 server.py:188] Confirm GPU group 266 for meta-llama/Meta-Llama-3-8B_sllm-condense_3 replica 6dea1fc4-c01e-427a-abe8-a49002319f05 success
INFO 07-23 16:21:58 server.py:188] Confirm GPU group 267 for meta-llama/Meta-Llama-3-8B_sllm-condense_3 replica 6dea1fc4-c01e-427a-abe8-a49002319f05 success
INFO 07-23 16:21:58 server.py:188] Confirm GPU group 268 for meta-llama/Meta-Llama-3-8B_sllm-condense_3 replica 6dea1fc4-c01e-427a-abe8-a49002319f05 success
INFO 07-23 16:21:58 server.py:188] Confirm GPU group 269 for meta-llama/Meta-Llama-3-8B_sllm-condense_3 replica 6dea1fc4-c01e-427a-abe8-a49002319f05 success
INFO 07-23 16:21:58 server.py:188] Confirm GPU group 270 for meta-llama/Meta-Llama-3-8B_sllm-condense_3 replica 6dea1fc4-c01e-427a-abe8-a49002319f05 success
INFO 07-23 16:21:58 server.py:188] Confirm GPU group 271 for meta-llama/Meta-Llama-3-8B_sllm-condense_3 replica 6dea1fc4-c01e-427a-abe8-a49002319f05 success
INFO 07-23 16:21:58 server.py:188] Confirm GPU group 272 for meta-llama/Meta-Llama-3-8B_sllm-condense_3 replica 6dea1fc4-c01e-427a-abe8-a49002319f05 success
INFO 07-23 16:21:58 server.py:188] Confirm GPU group 273 for meta-llama/Meta-Llama-3-8B_sllm-condense_3 replica 6dea1fc4-c01e-427a-abe8-a49002319f05 success
INFO 07-23 16:21:58 server.py:188] Confirm GPU group 274 for meta-llama/Meta-Llama-3-8B_sllm-condense_3 replica 6dea1fc4-c01e-427a-abe8-a49002319f05 success
INFO 07-23 16:21:58 server.py:188] Confirm GPU group 275 for meta-llama/Meta-Llama-3-8B_sllm-condense_3 replica 6dea1fc4-c01e-427a-abe8-a49002319f05 success
INFO 07-23 16:21:58 server.py:188] Confirm GPU group 276 for meta-llama/Meta-Llama-3-8B_sllm-condense_3 replica 6dea1fc4-c01e-427a-abe8-a49002319f05 success
INFO 07-23 16:21:58 server.py:188] Confirm GPU group 277 for meta-llama/Meta-Llama-3-8B_sllm-condense_3 replica 6dea1fc4-c01e-427a-abe8-a49002319f05 success
INFO 07-23 16:21:58 server.py:188] Confirm GPU group 278 for meta-llama/Meta-Llama-3-8B_sllm-condense_3 replica 6dea1fc4-c01e-427a-abe8-a49002319f05 success
INFO 07-23 16:21:58 server.py:188] Confirm GPU group 279 for meta-llama/Meta-Llama-3-8B_sllm-condense_3 replica 6dea1fc4-c01e-427a-abe8-a49002319f05 success
INFO 07-23 16:21:58 server.py:188] Confirm GPU group 280 for meta-llama/Meta-Llama-3-8B_sllm-condense_3 replica 6dea1fc4-c01e-427a-abe8-a49002319f05 success
INFO 07-23 16:21:58 server.py:188] Confirm GPU group 281 for meta-llama/Meta-Llama-3-8B_sllm-condense_3 replica 6dea1fc4-c01e-427a-abe8-a49002319f05 success
INFO 07-23 16:21:58 server.py:188] Confirm GPU group 282 for meta-llama/Meta-Llama-3-8B_sllm-condense_3 replica 6dea1fc4-c01e-427a-abe8-a49002319f05 success
INFO 07-23 16:21:58 server.py:188] Confirm GPU group 283 for meta-llama/Meta-Llama-3-8B_sllm-condense_3 replica 6dea1fc4-c01e-427a-abe8-a49002319f05 success
INFO 07-23 16:21:58 server.py:188] Confirm GPU group 284 for meta-llama/Meta-Llama-3-8B_sllm-condense_3 replica 6dea1fc4-c01e-427a-abe8-a49002319f05 success
INFO 07-23 16:21:58 server.py:188] Confirm GPU group 285 for meta-llama/Meta-Llama-3-8B_sllm-condense_3 replica 6dea1fc4-c01e-427a-abe8-a49002319f05 success
INFO 07-23 16:21:58 server.py:188] Confirm GPU group 286 for meta-llama/Meta-Llama-3-8B_sllm-condense_3 replica 6dea1fc4-c01e-427a-abe8-a49002319f05 success
INFO 07-23 16:21:58 server.py:188] Confirm GPU group 287 for meta-llama/Meta-Llama-3-8B_sllm-condense_3 replica 6dea1fc4-c01e-427a-abe8-a49002319f05 success
INFO 07-23 16:21:58 server.py:188] Confirm GPU group 288 for meta-llama/Meta-Llama-3-8B_sllm-condense_3 replica 6dea1fc4-c01e-427a-abe8-a49002319f05 success
INFO 07-23 16:21:58 server.py:188] Confirm GPU group 289 for meta-llama/Meta-Llama-3-8B_sllm-condense_3 replica 6dea1fc4-c01e-427a-abe8-a49002319f05 success
INFO 07-23 16:21:58 server.py:188] Confirm GPU group 290 for meta-llama/Meta-Llama-3-8B_sllm-condense_3 replica 6dea1fc4-c01e-427a-abe8-a49002319f05 success
INFO 07-23 16:21:58 server.py:138] Confirm model meta-llama/Meta-Llama-3-8B_sllm-condense_3 replica 6dea1fc4-c01e-427a-abe8-a49002319f05 success
I20260723 16:22:00.805299 3727287 model.cpp:53] Tensor file "/mnt/data1/mechels/meta-llama/Meta-Llama-3-8B_sllm-condense_0/tensor.data_1" does not exist
I20260723 16:22:00.805357 3727287 checkpoint_store.cpp:106] Model meta-llama/Meta-Llama-3-8B_sllm-condense_0 is registered
INFO 07-23 16:22:00 server.py:115] LoadModel: success meta-llama/Meta-Llama-3-8B_sllm-condense_0 with target 1
I20260723 16:22:00.807446 3778084 pinned_memory_pool.cpp:78] PinnedMemoryPool Allocate 423 buffers free buffers 356 total buffers 2048
I20260723 16:22:00.809978 3778084 model.cpp:120] Loading model meta-llama/Meta-Llama-3-8B_sllm-condense_0 size 7080766208 to host
I20260723 16:22:00.810001 3778084 model.cpp:134] Loading model meta-llama/Meta-Llama-3-8B_sllm-condense_0 to host with 4 threads, 423 chunks, 16777216 chunk size, 106 chunks per thread
I20260723 16:22:00.810106 3778088 model.cpp:155] Thread 1 starting from partition 0 offset 1778384896
I20260723 16:22:00.810204 3778090 model.cpp:155] Thread 3 starting from partition 0 offset 5335154688
I20260723 16:22:00.810161 3778087 model.cpp:155] Thread 0 starting from partition 0 offset 0
I20260723 16:22:00.810221 3778089 model.cpp:155] Thread 2 starting from partition 0 offset 3556769792
I20260723 16:22:01.248862 3778098 checkpoint_store.cpp:209] Loading model meta-llama/Meta-Llama-3-8B_sllm-condense_0
INFO 07-23 16:22:01 server.py:115] LoadModel: success meta-llama/Meta-Llama-3-8B_sllm-condense_0 with target 2
I20260723 16:22:01.309579 3778098 model.cpp:269] Creating replica c8075f5f-1c82-4279-bcfa-2720e9499910
I20260723 16:22:01.309640 3778098 model.cpp:273] Creating queue for device 0
I20260723 16:22:01.309662 3778098 model.cpp:285] Created replica c8075f5f-1c82-4279-bcfa-2720e9499910
I20260723 16:22:01.309777 3778098 model.cpp:296] Dispatcher started for model meta-llama/Meta-Llama-3-8B_sllm-condense_0
I20260723 16:22:01.309809 3778098 model.cpp:363] Waiting for model meta-llama/Meta-Llama-3-8B_sllm-condense_0 num tasks 1 state 3
INFO 07-23 16:22:16 server.py:188] Confirm GPU group 0 for meta-llama/Meta-Llama-3-8B_sllm-condense_0 replica c8075f5f-1c82-4279-bcfa-2720e9499910 success
INFO 07-23 16:22:16 server.py:188] Confirm GPU group 1 for meta-llama/Meta-Llama-3-8B_sllm-condense_0 replica c8075f5f-1c82-4279-bcfa-2720e9499910 success
INFO 07-23 16:22:16 server.py:188] Confirm GPU group 2 for meta-llama/Meta-Llama-3-8B_sllm-condense_0 replica c8075f5f-1c82-4279-bcfa-2720e9499910 success
INFO 07-23 16:22:16 server.py:188] Confirm GPU group 3 for meta-llama/Meta-Llama-3-8B_sllm-condense_0 replica c8075f5f-1c82-4279-bcfa-2720e9499910 success
INFO 07-23 16:22:16 server.py:188] Confirm GPU group 4 for meta-llama/Meta-Llama-3-8B_sllm-condense_0 replica c8075f5f-1c82-4279-bcfa-2720e9499910 success
INFO 07-23 16:22:19 server.py:188] Confirm GPU group 5 for meta-llama/Meta-Llama-3-8B_sllm-condense_0 replica c8075f5f-1c82-4279-bcfa-2720e9499910 success
INFO 07-23 16:22:20 server.py:188] Confirm GPU group 6 for meta-llama/Meta-Llama-3-8B_sllm-condense_0 replica c8075f5f-1c82-4279-bcfa-2720e9499910 success
INFO 07-23 16:22:22 server.py:188] Confirm GPU group 7 for meta-llama/Meta-Llama-3-8B_sllm-condense_0 replica c8075f5f-1c82-4279-bcfa-2720e9499910 success
INFO 07-23 16:22:22 server.py:188] Confirm GPU group 8 for meta-llama/Meta-Llama-3-8B_sllm-condense_0 replica c8075f5f-1c82-4279-bcfa-2720e9499910 success
INFO 07-23 16:22:22 server.py:188] Confirm GPU group 9 for meta-llama/Meta-Llama-3-8B_sllm-condense_0 replica c8075f5f-1c82-4279-bcfa-2720e9499910 success
INFO 07-23 16:22:23 server.py:188] Confirm GPU group 10 for meta-llama/Meta-Llama-3-8B_sllm-condense_0 replica c8075f5f-1c82-4279-bcfa-2720e9499910 success
INFO 07-23 16:22:23 server.py:188] Confirm GPU group 11 for meta-llama/Meta-Llama-3-8B_sllm-condense_0 replica c8075f5f-1c82-4279-bcfa-2720e9499910 success
INFO 07-23 16:22:23 server.py:188] Confirm GPU group 12 for meta-llama/Meta-Llama-3-8B_sllm-condense_0 replica c8075f5f-1c82-4279-bcfa-2720e9499910 success
INFO 07-23 16:22:24 server.py:188] Confirm GPU group 13 for meta-llama/Meta-Llama-3-8B_sllm-condense_0 replica c8075f5f-1c82-4279-bcfa-2720e9499910 success
INFO 07-23 16:22:26 server.py:188] Confirm GPU group 14 for meta-llama/Meta-Llama-3-8B_sllm-condense_0 replica c8075f5f-1c82-4279-bcfa-2720e9499910 success
INFO 07-23 16:22:27 server.py:188] Confirm GPU group 15 for meta-llama/Meta-Llama-3-8B_sllm-condense_0 replica c8075f5f-1c82-4279-bcfa-2720e9499910 success
INFO 07-23 16:22:29 server.py:188] Confirm GPU group 16 for meta-llama/Meta-Llama-3-8B_sllm-condense_0 replica c8075f5f-1c82-4279-bcfa-2720e9499910 success
INFO 07-23 16:22:29 server.py:188] Confirm GPU group 17 for meta-llama/Meta-Llama-3-8B_sllm-condense_0 replica c8075f5f-1c82-4279-bcfa-2720e9499910 success
INFO 07-23 16:22:29 server.py:188] Confirm GPU group 18 for meta-llama/Meta-Llama-3-8B_sllm-condense_0 replica c8075f5f-1c82-4279-bcfa-2720e9499910 success
INFO 07-23 16:22:30 server.py:188] Confirm GPU group 19 for meta-llama/Meta-Llama-3-8B_sllm-condense_0 replica c8075f5f-1c82-4279-bcfa-2720e9499910 success
INFO 07-23 16:22:30 server.py:188] Confirm GPU group 20 for meta-llama/Meta-Llama-3-8B_sllm-condense_0 replica c8075f5f-1c82-4279-bcfa-2720e9499910 success
INFO 07-23 16:22:31 server.py:188] Confirm GPU group 21 for meta-llama/Meta-Llama-3-8B_sllm-condense_0 replica c8075f5f-1c82-4279-bcfa-2720e9499910 success
INFO 07-23 16:22:31 server.py:188] Confirm GPU group 22 for meta-llama/Meta-Llama-3-8B_sllm-condense_0 replica c8075f5f-1c82-4279-bcfa-2720e9499910 success
INFO 07-23 16:22:33 server.py:188] Confirm GPU group 23 for meta-llama/Meta-Llama-3-8B_sllm-condense_0 replica c8075f5f-1c82-4279-bcfa-2720e9499910 success
INFO 07-23 16:22:35 server.py:188] Confirm GPU group 24 for meta-llama/Meta-Llama-3-8B_sllm-condense_0 replica c8075f5f-1c82-4279-bcfa-2720e9499910 success
INFO 07-23 16:22:36 server.py:188] Confirm GPU group 25 for meta-llama/Meta-Llama-3-8B_sllm-condense_0 replica c8075f5f-1c82-4279-bcfa-2720e9499910 success
INFO 07-23 16:22:36 server.py:188] Confirm GPU group 26 for meta-llama/Meta-Llama-3-8B_sllm-condense_0 replica c8075f5f-1c82-4279-bcfa-2720e9499910 success
INFO 07-23 16:22:36 server.py:188] Confirm GPU group 27 for meta-llama/Meta-Llama-3-8B_sllm-condense_0 replica c8075f5f-1c82-4279-bcfa-2720e9499910 success
INFO 07-23 16:22:37 server.py:188] Confirm GPU group 28 for meta-llama/Meta-Llama-3-8B_sllm-condense_0 replica c8075f5f-1c82-4279-bcfa-2720e9499910 success
INFO 07-23 16:22:37 server.py:188] Confirm GPU group 29 for meta-llama/Meta-Llama-3-8B_sllm-condense_0 replica c8075f5f-1c82-4279-bcfa-2720e9499910 success
INFO 07-23 16:22:38 server.py:188] Confirm GPU group 30 for meta-llama/Meta-Llama-3-8B_sllm-condense_0 replica c8075f5f-1c82-4279-bcfa-2720e9499910 success
INFO 07-23 16:22:38 server.py:188] Confirm GPU group 31 for meta-llama/Meta-Llama-3-8B_sllm-condense_0 replica c8075f5f-1c82-4279-bcfa-2720e9499910 success
INFO 07-23 16:22:40 server.py:188] Confirm GPU group 32 for meta-llama/Meta-Llama-3-8B_sllm-condense_0 replica c8075f5f-1c82-4279-bcfa-2720e9499910 success
INFO 07-23 16:22:42 server.py:188] Confirm GPU group 33 for meta-llama/Meta-Llama-3-8B_sllm-condense_0 replica c8075f5f-1c82-4279-bcfa-2720e9499910 success
INFO 07-23 16:22:43 server.py:188] Confirm GPU group 34 for meta-llama/Meta-Llama-3-8B_sllm-condense_0 replica c8075f5f-1c82-4279-bcfa-2720e9499910 success
INFO 07-23 16:22:43 server.py:188] Confirm GPU group 35 for meta-llama/Meta-Llama-3-8B_sllm-condense_0 replica c8075f5f-1c82-4279-bcfa-2720e9499910 success
INFO 07-23 16:22:43 server.py:188] Confirm GPU group 36 for meta-llama/Meta-Llama-3-8B_sllm-condense_0 replica c8075f5f-1c82-4279-bcfa-2720e9499910 success
INFO 07-23 16:22:44 server.py:188] Confirm GPU group 37 for meta-llama/Meta-Llama-3-8B_sllm-condense_0 replica c8075f5f-1c82-4279-bcfa-2720e9499910 success
INFO 07-23 16:22:44 server.py:188] Confirm GPU group 38 for meta-llama/Meta-Llama-3-8B_sllm-condense_0 replica c8075f5f-1c82-4279-bcfa-2720e9499910 success
INFO 07-23 16:22:44 server.py:188] Confirm GPU group 39 for meta-llama/Meta-Llama-3-8B_sllm-condense_0 replica c8075f5f-1c82-4279-bcfa-2720e9499910 success
INFO 07-23 16:22:45 server.py:188] Confirm GPU group 40 for meta-llama/Meta-Llama-3-8B_sllm-condense_0 replica c8075f5f-1c82-4279-bcfa-2720e9499910 success
INFO 07-23 16:22:47 server.py:188] Confirm GPU group 41 for meta-llama/Meta-Llama-3-8B_sllm-condense_0 replica c8075f5f-1c82-4279-bcfa-2720e9499910 success
INFO 07-23 16:22:48 server.py:188] Confirm GPU group 42 for meta-llama/Meta-Llama-3-8B_sllm-condense_0 replica c8075f5f-1c82-4279-bcfa-2720e9499910 success
INFO 07-23 16:22:51 server.py:188] Confirm GPU group 43 for meta-llama/Meta-Llama-3-8B_sllm-condense_0 replica c8075f5f-1c82-4279-bcfa-2720e9499910 success
INFO 07-23 16:22:51 server.py:188] Confirm GPU group 44 for meta-llama/Meta-Llama-3-8B_sllm-condense_0 replica c8075f5f-1c82-4279-bcfa-2720e9499910 success
INFO 07-23 16:22:51 server.py:188] Confirm GPU group 45 for meta-llama/Meta-Llama-3-8B_sllm-condense_0 replica c8075f5f-1c82-4279-bcfa-2720e9499910 success
INFO 07-23 16:22:51 server.py:188] Confirm GPU group 46 for meta-llama/Meta-Llama-3-8B_sllm-condense_0 replica c8075f5f-1c82-4279-bcfa-2720e9499910 success
INFO 07-23 16:22:51 server.py:188] Confirm GPU group 47 for meta-llama/Meta-Llama-3-8B_sllm-condense_0 replica c8075f5f-1c82-4279-bcfa-2720e9499910 success
INFO 07-23 16:22:51 server.py:188] Confirm GPU group 48 for meta-llama/Meta-Llama-3-8B_sllm-condense_0 replica c8075f5f-1c82-4279-bcfa-2720e9499910 success
INFO 07-23 16:22:52 server.py:188] Confirm GPU group 49 for meta-llama/Meta-Llama-3-8B_sllm-condense_0 replica c8075f5f-1c82-4279-bcfa-2720e9499910 success
INFO 07-23 16:22:53 server.py:188] Confirm GPU group 50 for meta-llama/Meta-Llama-3-8B_sllm-condense_0 replica c8075f5f-1c82-4279-bcfa-2720e9499910 success
INFO 07-23 16:22:55 server.py:188] Confirm GPU group 51 for meta-llama/Meta-Llama-3-8B_sllm-condense_0 replica c8075f5f-1c82-4279-bcfa-2720e9499910 success
INFO 07-23 16:22:57 server.py:188] Confirm GPU group 52 for meta-llama/Meta-Llama-3-8B_sllm-condense_0 replica c8075f5f-1c82-4279-bcfa-2720e9499910 success
INFO 07-23 16:22:57 server.py:188] Confirm GPU group 53 for meta-llama/Meta-Llama-3-8B_sllm-condense_0 replica c8075f5f-1c82-4279-bcfa-2720e9499910 success
INFO 07-23 16:22:57 server.py:188] Confirm GPU group 54 for meta-llama/Meta-Llama-3-8B_sllm-condense_0 replica c8075f5f-1c82-4279-bcfa-2720e9499910 success
INFO 07-23 16:22:58 server.py:188] Confirm GPU group 55 for meta-llama/Meta-Llama-3-8B_sllm-condense_0 replica c8075f5f-1c82-4279-bcfa-2720e9499910 success
INFO 07-23 16:22:58 server.py:188] Confirm GPU group 56 for meta-llama/Meta-Llama-3-8B_sllm-condense_0 replica c8075f5f-1c82-4279-bcfa-2720e9499910 success
INFO 07-23 16:22:58 server.py:188] Confirm GPU group 57 for meta-llama/Meta-Llama-3-8B_sllm-condense_0 replica c8075f5f-1c82-4279-bcfa-2720e9499910 success
INFO 07-23 16:22:58 server.py:188] Confirm GPU group 58 for meta-llama/Meta-Llama-3-8B_sllm-condense_0 replica c8075f5f-1c82-4279-bcfa-2720e9499910 success
INFO 07-23 16:23:01 server.py:188] Confirm GPU group 59 for meta-llama/Meta-Llama-3-8B_sllm-condense_0 replica c8075f5f-1c82-4279-bcfa-2720e9499910 success
INFO 07-23 16:23:02 server.py:188] Confirm GPU group 60 for meta-llama/Meta-Llama-3-8B_sllm-condense_0 replica c8075f5f-1c82-4279-bcfa-2720e9499910 success
I20260723 16:23:03.202265 3778100 model.cpp:356] Finished loading tensor from memory to device 0
INFO 07-23 16:23:03 server.py:188] Confirm GPU group 61 for meta-llama/Meta-Llama-3-8B_sllm-condense_0 replica c8075f5f-1c82-4279-bcfa-2720e9499910 success
I20260723 16:23:03.223227 3778084 model.cpp:250] Finished loading model meta-llama/Meta-Llama-3-8B_sllm-condense_0 from disk
INFO 07-23 16:23:03 server.py:188] Confirm GPU group 62 for meta-llama/Meta-Llama-3-8B_sllm-condense_0 replica c8075f5f-1c82-4279-bcfa-2720e9499910 success
INFO 07-23 16:23:03 server.py:188] Confirm GPU group 63 for meta-llama/Meta-Llama-3-8B_sllm-condense_0 replica c8075f5f-1c82-4279-bcfa-2720e9499910 success
INFO 07-23 16:23:03 server.py:188] Confirm GPU group 64 for meta-llama/Meta-Llama-3-8B_sllm-condense_0 replica c8075f5f-1c82-4279-bcfa-2720e9499910 success
INFO 07-23 16:23:03 server.py:188] Confirm GPU group 65 for meta-llama/Meta-Llama-3-8B_sllm-condense_0 replica c8075f5f-1c82-4279-bcfa-2720e9499910 success
INFO 07-23 16:23:03 server.py:188] Confirm GPU group 66 for meta-llama/Meta-Llama-3-8B_sllm-condense_0 replica c8075f5f-1c82-4279-bcfa-2720e9499910 success
INFO 07-23 16:23:03 server.py:188] Confirm GPU group 67 for meta-llama/Meta-Llama-3-8B_sllm-condense_0 replica c8075f5f-1c82-4279-bcfa-2720e9499910 success
INFO 07-23 16:23:03 server.py:188] Confirm GPU group 68 for meta-llama/Meta-Llama-3-8B_sllm-condense_0 replica c8075f5f-1c82-4279-bcfa-2720e9499910 success
INFO 07-23 16:23:03 server.py:188] Confirm GPU group 69 for meta-llama/Meta-Llama-3-8B_sllm-condense_0 replica c8075f5f-1c82-4279-bcfa-2720e9499910 success
INFO 07-23 16:23:03 server.py:188] Confirm GPU group 70 for meta-llama/Meta-Llama-3-8B_sllm-condense_0 replica c8075f5f-1c82-4279-bcfa-2720e9499910 success
INFO 07-23 16:23:03 server.py:188] Confirm GPU group 71 for meta-llama/Meta-Llama-3-8B_sllm-condense_0 replica c8075f5f-1c82-4279-bcfa-2720e9499910 success
INFO 07-23 16:23:03 server.py:188] Confirm GPU group 72 for meta-llama/Meta-Llama-3-8B_sllm-condense_0 replica c8075f5f-1c82-4279-bcfa-2720e9499910 success
INFO 07-23 16:23:03 server.py:188] Confirm GPU group 73 for meta-llama/Meta-Llama-3-8B_sllm-condense_0 replica c8075f5f-1c82-4279-bcfa-2720e9499910 success
INFO 07-23 16:23:03 server.py:188] Confirm GPU group 74 for meta-llama/Meta-Llama-3-8B_sllm-condense_0 replica c8075f5f-1c82-4279-bcfa-2720e9499910 success
INFO 07-23 16:23:03 server.py:188] Confirm GPU group 75 for meta-llama/Meta-Llama-3-8B_sllm-condense_0 replica c8075f5f-1c82-4279-bcfa-2720e9499910 success
INFO 07-23 16:23:03 server.py:188] Confirm GPU group 76 for meta-llama/Meta-Llama-3-8B_sllm-condense_0 replica c8075f5f-1c82-4279-bcfa-2720e9499910 success
INFO 07-23 16:23:03 server.py:188] Confirm GPU group 77 for meta-llama/Meta-Llama-3-8B_sllm-condense_0 replica c8075f5f-1c82-4279-bcfa-2720e9499910 success
INFO 07-23 16:23:03 server.py:188] Confirm GPU group 78 for meta-llama/Meta-Llama-3-8B_sllm-condense_0 replica c8075f5f-1c82-4279-bcfa-2720e9499910 success
INFO 07-23 16:23:03 server.py:188] Confirm GPU group 79 for meta-llama/Meta-Llama-3-8B_sllm-condense_0 replica c8075f5f-1c82-4279-bcfa-2720e9499910 success
INFO 07-23 16:23:03 server.py:188] Confirm GPU group 80 for meta-llama/Meta-Llama-3-8B_sllm-condense_0 replica c8075f5f-1c82-4279-bcfa-2720e9499910 success
INFO 07-23 16:23:03 server.py:188] Confirm GPU group 81 for meta-llama/Meta-Llama-3-8B_sllm-condense_0 replica c8075f5f-1c82-4279-bcfa-2720e9499910 success
INFO 07-23 16:23:03 server.py:188] Confirm GPU group 82 for meta-llama/Meta-Llama-3-8B_sllm-condense_0 replica c8075f5f-1c82-4279-bcfa-2720e9499910 success
INFO 07-23 16:23:03 server.py:188] Confirm GPU group 83 for meta-llama/Meta-Llama-3-8B_sllm-condense_0 replica c8075f5f-1c82-4279-bcfa-2720e9499910 success
INFO 07-23 16:23:03 server.py:188] Confirm GPU group 84 for meta-llama/Meta-Llama-3-8B_sllm-condense_0 replica c8075f5f-1c82-4279-bcfa-2720e9499910 success
INFO 07-23 16:23:03 server.py:188] Confirm GPU group 85 for meta-llama/Meta-Llama-3-8B_sllm-condense_0 replica c8075f5f-1c82-4279-bcfa-2720e9499910 success
INFO 07-23 16:23:03 server.py:188] Confirm GPU group 86 for meta-llama/Meta-Llama-3-8B_sllm-condense_0 replica c8075f5f-1c82-4279-bcfa-2720e9499910 success
INFO 07-23 16:23:03 server.py:188] Confirm GPU group 87 for meta-llama/Meta-Llama-3-8B_sllm-condense_0 replica c8075f5f-1c82-4279-bcfa-2720e9499910 success
INFO 07-23 16:23:03 server.py:188] Confirm GPU group 88 for meta-llama/Meta-Llama-3-8B_sllm-condense_0 replica c8075f5f-1c82-4279-bcfa-2720e9499910 success
INFO 07-23 16:23:03 server.py:188] Confirm GPU group 89 for meta-llama/Meta-Llama-3-8B_sllm-condense_0 replica c8075f5f-1c82-4279-bcfa-2720e9499910 success
INFO 07-23 16:23:03 server.py:188] Confirm GPU group 90 for meta-llama/Meta-Llama-3-8B_sllm-condense_0 replica c8075f5f-1c82-4279-bcfa-2720e9499910 success
INFO 07-23 16:23:03 server.py:188] Confirm GPU group 91 for meta-llama/Meta-Llama-3-8B_sllm-condense_0 replica c8075f5f-1c82-4279-bcfa-2720e9499910 success
INFO 07-23 16:23:03 server.py:188] Confirm GPU group 92 for meta-llama/Meta-Llama-3-8B_sllm-condense_0 replica c8075f5f-1c82-4279-bcfa-2720e9499910 success
INFO 07-23 16:23:03 server.py:188] Confirm GPU group 93 for meta-llama/Meta-Llama-3-8B_sllm-condense_0 replica c8075f5f-1c82-4279-bcfa-2720e9499910 success
INFO 07-23 16:23:03 server.py:188] Confirm GPU group 94 for meta-llama/Meta-Llama-3-8B_sllm-condense_0 replica c8075f5f-1c82-4279-bcfa-2720e9499910 success
INFO 07-23 16:23:03 server.py:188] Confirm GPU group 95 for meta-llama/Meta-Llama-3-8B_sllm-condense_0 replica c8075f5f-1c82-4279-bcfa-2720e9499910 success
INFO 07-23 16:23:03 server.py:188] Confirm GPU group 96 for meta-llama/Meta-Llama-3-8B_sllm-condense_0 replica c8075f5f-1c82-4279-bcfa-2720e9499910 success
INFO 07-23 16:23:03 server.py:188] Confirm GPU group 97 for meta-llama/Meta-Llama-3-8B_sllm-condense_0 replica c8075f5f-1c82-4279-bcfa-2720e9499910 success
INFO 07-23 16:23:03 server.py:188] Confirm GPU group 98 for meta-llama/Meta-Llama-3-8B_sllm-condense_0 replica c8075f5f-1c82-4279-bcfa-2720e9499910 success
INFO 07-23 16:23:03 server.py:188] Confirm GPU group 99 for meta-llama/Meta-Llama-3-8B_sllm-condense_0 replica c8075f5f-1c82-4279-bcfa-2720e9499910 success
INFO 07-23 16:23:03 server.py:188] Confirm GPU group 100 for meta-llama/Meta-Llama-3-8B_sllm-condense_0 replica c8075f5f-1c82-4279-bcfa-2720e9499910 success
INFO 07-23 16:23:03 server.py:188] Confirm GPU group 101 for meta-llama/Meta-Llama-3-8B_sllm-condense_0 replica c8075f5f-1c82-4279-bcfa-2720e9499910 success
INFO 07-23 16:23:03 server.py:188] Confirm GPU group 102 for meta-llama/Meta-Llama-3-8B_sllm-condense_0 replica c8075f5f-1c82-4279-bcfa-2720e9499910 success
INFO 07-23 16:23:03 server.py:188] Confirm GPU group 103 for meta-llama/Meta-Llama-3-8B_sllm-condense_0 replica c8075f5f-1c82-4279-bcfa-2720e9499910 success
INFO 07-23 16:23:03 server.py:188] Confirm GPU group 104 for meta-llama/Meta-Llama-3-8B_sllm-condense_0 replica c8075f5f-1c82-4279-bcfa-2720e9499910 success
INFO 07-23 16:23:03 server.py:188] Confirm GPU group 105 for meta-llama/Meta-Llama-3-8B_sllm-condense_0 replica c8075f5f-1c82-4279-bcfa-2720e9499910 success
INFO 07-23 16:23:03 server.py:188] Confirm GPU group 106 for meta-llama/Meta-Llama-3-8B_sllm-condense_0 replica c8075f5f-1c82-4279-bcfa-2720e9499910 success
INFO 07-23 16:23:03 server.py:188] Confirm GPU group 107 for meta-llama/Meta-Llama-3-8B_sllm-condense_0 replica c8075f5f-1c82-4279-bcfa-2720e9499910 success
INFO 07-23 16:23:03 server.py:188] Confirm GPU group 108 for meta-llama/Meta-Llama-3-8B_sllm-condense_0 replica c8075f5f-1c82-4279-bcfa-2720e9499910 success
INFO 07-23 16:23:03 server.py:188] Confirm GPU group 109 for meta-llama/Meta-Llama-3-8B_sllm-condense_0 replica c8075f5f-1c82-4279-bcfa-2720e9499910 success
INFO 07-23 16:23:03 server.py:188] Confirm GPU group 110 for meta-llama/Meta-Llama-3-8B_sllm-condense_0 replica c8075f5f-1c82-4279-bcfa-2720e9499910 success
INFO 07-23 16:23:03 server.py:188] Confirm GPU group 111 for meta-llama/Meta-Llama-3-8B_sllm-condense_0 replica c8075f5f-1c82-4279-bcfa-2720e9499910 success
INFO 07-23 16:23:03 server.py:188] Confirm GPU group 112 for meta-llama/Meta-Llama-3-8B_sllm-condense_0 replica c8075f5f-1c82-4279-bcfa-2720e9499910 success
INFO 07-23 16:23:03 server.py:188] Confirm GPU group 113 for meta-llama/Meta-Llama-3-8B_sllm-condense_0 replica c8075f5f-1c82-4279-bcfa-2720e9499910 success
INFO 07-23 16:23:03 server.py:188] Confirm GPU group 114 for meta-llama/Meta-Llama-3-8B_sllm-condense_0 replica c8075f5f-1c82-4279-bcfa-2720e9499910 success
INFO 07-23 16:23:03 server.py:188] Confirm GPU group 115 for meta-llama/Meta-Llama-3-8B_sllm-condense_0 replica c8075f5f-1c82-4279-bcfa-2720e9499910 success
INFO 07-23 16:23:03 server.py:188] Confirm GPU group 116 for meta-llama/Meta-Llama-3-8B_sllm-condense_0 replica c8075f5f-1c82-4279-bcfa-2720e9499910 success
INFO 07-23 16:23:03 server.py:188] Confirm GPU group 117 for meta-llama/Meta-Llama-3-8B_sllm-condense_0 replica c8075f5f-1c82-4279-bcfa-2720e9499910 success
INFO 07-23 16:23:03 server.py:188] Confirm GPU group 118 for meta-llama/Meta-Llama-3-8B_sllm-condense_0 replica c8075f5f-1c82-4279-bcfa-2720e9499910 success
INFO 07-23 16:23:03 server.py:188] Confirm GPU group 119 for meta-llama/Meta-Llama-3-8B_sllm-condense_0 replica c8075f5f-1c82-4279-bcfa-2720e9499910 success
INFO 07-23 16:23:03 server.py:188] Confirm GPU group 120 for meta-llama/Meta-Llama-3-8B_sllm-condense_0 replica c8075f5f-1c82-4279-bcfa-2720e9499910 success
INFO 07-23 16:23:03 server.py:188] Confirm GPU group 121 for meta-llama/Meta-Llama-3-8B_sllm-condense_0 replica c8075f5f-1c82-4279-bcfa-2720e9499910 success
INFO 07-23 16:23:03 server.py:188] Confirm GPU group 122 for meta-llama/Meta-Llama-3-8B_sllm-condense_0 replica c8075f5f-1c82-4279-bcfa-2720e9499910 success
INFO 07-23 16:23:03 server.py:188] Confirm GPU group 123 for meta-llama/Meta-Llama-3-8B_sllm-condense_0 replica c8075f5f-1c82-4279-bcfa-2720e9499910 success
INFO 07-23 16:23:03 server.py:188] Confirm GPU group 124 for meta-llama/Meta-Llama-3-8B_sllm-condense_0 replica c8075f5f-1c82-4279-bcfa-2720e9499910 success
INFO 07-23 16:23:03 server.py:188] Confirm GPU group 125 for meta-llama/Meta-Llama-3-8B_sllm-condense_0 replica c8075f5f-1c82-4279-bcfa-2720e9499910 success
INFO 07-23 16:23:03 server.py:188] Confirm GPU group 126 for meta-llama/Meta-Llama-3-8B_sllm-condense_0 replica c8075f5f-1c82-4279-bcfa-2720e9499910 success
INFO 07-23 16:23:03 server.py:188] Confirm GPU group 127 for meta-llama/Meta-Llama-3-8B_sllm-condense_0 replica c8075f5f-1c82-4279-bcfa-2720e9499910 success
INFO 07-23 16:23:03 server.py:188] Confirm GPU group 128 for meta-llama/Meta-Llama-3-8B_sllm-condense_0 replica c8075f5f-1c82-4279-bcfa-2720e9499910 success
INFO 07-23 16:23:03 server.py:188] Confirm GPU group 129 for meta-llama/Meta-Llama-3-8B_sllm-condense_0 replica c8075f5f-1c82-4279-bcfa-2720e9499910 success
INFO 07-23 16:23:03 server.py:188] Confirm GPU group 130 for meta-llama/Meta-Llama-3-8B_sllm-condense_0 replica c8075f5f-1c82-4279-bcfa-2720e9499910 success
INFO 07-23 16:23:03 server.py:188] Confirm GPU group 131 for meta-llama/Meta-Llama-3-8B_sllm-condense_0 replica c8075f5f-1c82-4279-bcfa-2720e9499910 success
INFO 07-23 16:23:03 server.py:188] Confirm GPU group 132 for meta-llama/Meta-Llama-3-8B_sllm-condense_0 replica c8075f5f-1c82-4279-bcfa-2720e9499910 success
INFO 07-23 16:23:03 server.py:188] Confirm GPU group 133 for meta-llama/Meta-Llama-3-8B_sllm-condense_0 replica c8075f5f-1c82-4279-bcfa-2720e9499910 success
INFO 07-23 16:23:03 server.py:188] Confirm GPU group 134 for meta-llama/Meta-Llama-3-8B_sllm-condense_0 replica c8075f5f-1c82-4279-bcfa-2720e9499910 success
INFO 07-23 16:23:03 server.py:188] Confirm GPU group 135 for meta-llama/Meta-Llama-3-8B_sllm-condense_0 replica c8075f5f-1c82-4279-bcfa-2720e9499910 success
INFO 07-23 16:23:03 server.py:188] Confirm GPU group 136 for meta-llama/Meta-Llama-3-8B_sllm-condense_0 replica c8075f5f-1c82-4279-bcfa-2720e9499910 success
INFO 07-23 16:23:03 server.py:188] Confirm GPU group 137 for meta-llama/Meta-Llama-3-8B_sllm-condense_0 replica c8075f5f-1c82-4279-bcfa-2720e9499910 success
INFO 07-23 16:23:03 server.py:188] Confirm GPU group 138 for meta-llama/Meta-Llama-3-8B_sllm-condense_0 replica c8075f5f-1c82-4279-bcfa-2720e9499910 success
INFO 07-23 16:23:03 server.py:188] Confirm GPU group 139 for meta-llama/Meta-Llama-3-8B_sllm-condense_0 replica c8075f5f-1c82-4279-bcfa-2720e9499910 success
INFO 07-23 16:23:03 server.py:188] Confirm GPU group 140 for meta-llama/Meta-Llama-3-8B_sllm-condense_0 replica c8075f5f-1c82-4279-bcfa-2720e9499910 success
INFO 07-23 16:23:03 server.py:188] Confirm GPU group 141 for meta-llama/Meta-Llama-3-8B_sllm-condense_0 replica c8075f5f-1c82-4279-bcfa-2720e9499910 success
INFO 07-23 16:23:03 server.py:188] Confirm GPU group 142 for meta-llama/Meta-Llama-3-8B_sllm-condense_0 replica c8075f5f-1c82-4279-bcfa-2720e9499910 success
INFO 07-23 16:23:03 server.py:188] Confirm GPU group 143 for meta-llama/Meta-Llama-3-8B_sllm-condense_0 replica c8075f5f-1c82-4279-bcfa-2720e9499910 success
INFO 07-23 16:23:03 server.py:188] Confirm GPU group 144 for meta-llama/Meta-Llama-3-8B_sllm-condense_0 replica c8075f5f-1c82-4279-bcfa-2720e9499910 success
INFO 07-23 16:23:03 server.py:188] Confirm GPU group 145 for meta-llama/Meta-Llama-3-8B_sllm-condense_0 replica c8075f5f-1c82-4279-bcfa-2720e9499910 success
INFO 07-23 16:23:03 server.py:188] Confirm GPU group 146 for meta-llama/Meta-Llama-3-8B_sllm-condense_0 replica c8075f5f-1c82-4279-bcfa-2720e9499910 success
INFO 07-23 16:23:03 server.py:188] Confirm GPU group 147 for meta-llama/Meta-Llama-3-8B_sllm-condense_0 replica c8075f5f-1c82-4279-bcfa-2720e9499910 success
INFO 07-23 16:23:03 server.py:188] Confirm GPU group 148 for meta-llama/Meta-Llama-3-8B_sllm-condense_0 replica c8075f5f-1c82-4279-bcfa-2720e9499910 success
INFO 07-23 16:23:03 server.py:188] Confirm GPU group 149 for meta-llama/Meta-Llama-3-8B_sllm-condense_0 replica c8075f5f-1c82-4279-bcfa-2720e9499910 success
INFO 07-23 16:23:03 server.py:188] Confirm GPU group 150 for meta-llama/Meta-Llama-3-8B_sllm-condense_0 replica c8075f5f-1c82-4279-bcfa-2720e9499910 success
INFO 07-23 16:23:03 server.py:188] Confirm GPU group 151 for meta-llama/Meta-Llama-3-8B_sllm-condense_0 replica c8075f5f-1c82-4279-bcfa-2720e9499910 success
INFO 07-23 16:23:03 server.py:188] Confirm GPU group 152 for meta-llama/Meta-Llama-3-8B_sllm-condense_0 replica c8075f5f-1c82-4279-bcfa-2720e9499910 success
INFO 07-23 16:23:03 server.py:188] Confirm GPU group 153 for meta-llama/Meta-Llama-3-8B_sllm-condense_0 replica c8075f5f-1c82-4279-bcfa-2720e9499910 success
INFO 07-23 16:23:03 server.py:188] Confirm GPU group 154 for meta-llama/Meta-Llama-3-8B_sllm-condense_0 replica c8075f5f-1c82-4279-bcfa-2720e9499910 success
INFO 07-23 16:23:03 server.py:188] Confirm GPU group 155 for meta-llama/Meta-Llama-3-8B_sllm-condense_0 replica c8075f5f-1c82-4279-bcfa-2720e9499910 success
INFO 07-23 16:23:03 server.py:188] Confirm GPU group 156 for meta-llama/Meta-Llama-3-8B_sllm-condense_0 replica c8075f5f-1c82-4279-bcfa-2720e9499910 success
INFO 07-23 16:23:03 server.py:188] Confirm GPU group 157 for meta-llama/Meta-Llama-3-8B_sllm-condense_0 replica c8075f5f-1c82-4279-bcfa-2720e9499910 success
INFO 07-23 16:23:03 server.py:188] Confirm GPU group 158 for meta-llama/Meta-Llama-3-8B_sllm-condense_0 replica c8075f5f-1c82-4279-bcfa-2720e9499910 success
INFO 07-23 16:23:03 server.py:188] Confirm GPU group 159 for meta-llama/Meta-Llama-3-8B_sllm-condense_0 replica c8075f5f-1c82-4279-bcfa-2720e9499910 success
INFO 07-23 16:23:03 server.py:188] Confirm GPU group 160 for meta-llama/Meta-Llama-3-8B_sllm-condense_0 replica c8075f5f-1c82-4279-bcfa-2720e9499910 success
INFO 07-23 16:23:03 server.py:188] Confirm GPU group 161 for meta-llama/Meta-Llama-3-8B_sllm-condense_0 replica c8075f5f-1c82-4279-bcfa-2720e9499910 success
INFO 07-23 16:23:03 server.py:188] Confirm GPU group 162 for meta-llama/Meta-Llama-3-8B_sllm-condense_0 replica c8075f5f-1c82-4279-bcfa-2720e9499910 success
INFO 07-23 16:23:03 server.py:188] Confirm GPU group 163 for meta-llama/Meta-Llama-3-8B_sllm-condense_0 replica c8075f5f-1c82-4279-bcfa-2720e9499910 success
INFO 07-23 16:23:03 server.py:188] Confirm GPU group 164 for meta-llama/Meta-Llama-3-8B_sllm-condense_0 replica c8075f5f-1c82-4279-bcfa-2720e9499910 success
INFO 07-23 16:23:03 server.py:188] Confirm GPU group 165 for meta-llama/Meta-Llama-3-8B_sllm-condense_0 replica c8075f5f-1c82-4279-bcfa-2720e9499910 success
INFO 07-23 16:23:03 server.py:188] Confirm GPU group 166 for meta-llama/Meta-Llama-3-8B_sllm-condense_0 replica c8075f5f-1c82-4279-bcfa-2720e9499910 success
INFO 07-23 16:23:03 server.py:188] Confirm GPU group 167 for meta-llama/Meta-Llama-3-8B_sllm-condense_0 replica c8075f5f-1c82-4279-bcfa-2720e9499910 success
INFO 07-23 16:23:04 server.py:188] Confirm GPU group 168 for meta-llama/Meta-Llama-3-8B_sllm-condense_0 replica c8075f5f-1c82-4279-bcfa-2720e9499910 success
INFO 07-23 16:23:04 server.py:188] Confirm GPU group 169 for meta-llama/Meta-Llama-3-8B_sllm-condense_0 replica c8075f5f-1c82-4279-bcfa-2720e9499910 success
INFO 07-23 16:23:04 server.py:188] Confirm GPU group 170 for meta-llama/Meta-Llama-3-8B_sllm-condense_0 replica c8075f5f-1c82-4279-bcfa-2720e9499910 success
INFO 07-23 16:23:04 server.py:188] Confirm GPU group 171 for meta-llama/Meta-Llama-3-8B_sllm-condense_0 replica c8075f5f-1c82-4279-bcfa-2720e9499910 success
INFO 07-23 16:23:04 server.py:188] Confirm GPU group 172 for meta-llama/Meta-Llama-3-8B_sllm-condense_0 replica c8075f5f-1c82-4279-bcfa-2720e9499910 success
INFO 07-23 16:23:04 server.py:188] Confirm GPU group 173 for meta-llama/Meta-Llama-3-8B_sllm-condense_0 replica c8075f5f-1c82-4279-bcfa-2720e9499910 success
INFO 07-23 16:23:04 server.py:188] Confirm GPU group 174 for meta-llama/Meta-Llama-3-8B_sllm-condense_0 replica c8075f5f-1c82-4279-bcfa-2720e9499910 success
INFO 07-23 16:23:04 server.py:188] Confirm GPU group 175 for meta-llama/Meta-Llama-3-8B_sllm-condense_0 replica c8075f5f-1c82-4279-bcfa-2720e9499910 success
INFO 07-23 16:23:04 server.py:188] Confirm GPU group 176 for meta-llama/Meta-Llama-3-8B_sllm-condense_0 replica c8075f5f-1c82-4279-bcfa-2720e9499910 success
INFO 07-23 16:23:04 server.py:188] Confirm GPU group 177 for meta-llama/Meta-Llama-3-8B_sllm-condense_0 replica c8075f5f-1c82-4279-bcfa-2720e9499910 success
INFO 07-23 16:23:04 server.py:188] Confirm GPU group 178 for meta-llama/Meta-Llama-3-8B_sllm-condense_0 replica c8075f5f-1c82-4279-bcfa-2720e9499910 success
INFO 07-23 16:23:04 server.py:188] Confirm GPU group 179 for meta-llama/Meta-Llama-3-8B_sllm-condense_0 replica c8075f5f-1c82-4279-bcfa-2720e9499910 success
INFO 07-23 16:23:04 server.py:188] Confirm GPU group 180 for meta-llama/Meta-Llama-3-8B_sllm-condense_0 replica c8075f5f-1c82-4279-bcfa-2720e9499910 success
INFO 07-23 16:23:04 server.py:188] Confirm GPU group 181 for meta-llama/Meta-Llama-3-8B_sllm-condense_0 replica c8075f5f-1c82-4279-bcfa-2720e9499910 success
INFO 07-23 16:23:04 server.py:188] Confirm GPU group 182 for meta-llama/Meta-Llama-3-8B_sllm-condense_0 replica c8075f5f-1c82-4279-bcfa-2720e9499910 success
INFO 07-23 16:23:04 server.py:188] Confirm GPU group 183 for meta-llama/Meta-Llama-3-8B_sllm-condense_0 replica c8075f5f-1c82-4279-bcfa-2720e9499910 success
INFO 07-23 16:23:04 server.py:188] Confirm GPU group 184 for meta-llama/Meta-Llama-3-8B_sllm-condense_0 replica c8075f5f-1c82-4279-bcfa-2720e9499910 success
INFO 07-23 16:23:04 server.py:188] Confirm GPU group 185 for meta-llama/Meta-Llama-3-8B_sllm-condense_0 replica c8075f5f-1c82-4279-bcfa-2720e9499910 success
INFO 07-23 16:23:04 server.py:188] Confirm GPU group 186 for meta-llama/Meta-Llama-3-8B_sllm-condense_0 replica c8075f5f-1c82-4279-bcfa-2720e9499910 success
INFO 07-23 16:23:04 server.py:188] Confirm GPU group 187 for meta-llama/Meta-Llama-3-8B_sllm-condense_0 replica c8075f5f-1c82-4279-bcfa-2720e9499910 success
INFO 07-23 16:23:04 server.py:188] Confirm GPU group 188 for meta-llama/Meta-Llama-3-8B_sllm-condense_0 replica c8075f5f-1c82-4279-bcfa-2720e9499910 success
INFO 07-23 16:23:04 server.py:188] Confirm GPU group 189 for meta-llama/Meta-Llama-3-8B_sllm-condense_0 replica c8075f5f-1c82-4279-bcfa-2720e9499910 success
INFO 07-23 16:23:04 server.py:188] Confirm GPU group 190 for meta-llama/Meta-Llama-3-8B_sllm-condense_0 replica c8075f5f-1c82-4279-bcfa-2720e9499910 success
INFO 07-23 16:23:04 server.py:188] Confirm GPU group 191 for meta-llama/Meta-Llama-3-8B_sllm-condense_0 replica c8075f5f-1c82-4279-bcfa-2720e9499910 success
INFO 07-23 16:23:04 server.py:188] Confirm GPU group 192 for meta-llama/Meta-Llama-3-8B_sllm-condense_0 replica c8075f5f-1c82-4279-bcfa-2720e9499910 success
INFO 07-23 16:23:04 server.py:188] Confirm GPU group 193 for meta-llama/Meta-Llama-3-8B_sllm-condense_0 replica c8075f5f-1c82-4279-bcfa-2720e9499910 success
INFO 07-23 16:23:04 server.py:188] Confirm GPU group 194 for meta-llama/Meta-Llama-3-8B_sllm-condense_0 replica c8075f5f-1c82-4279-bcfa-2720e9499910 success
INFO 07-23 16:23:04 server.py:188] Confirm GPU group 195 for meta-llama/Meta-Llama-3-8B_sllm-condense_0 replica c8075f5f-1c82-4279-bcfa-2720e9499910 success
INFO 07-23 16:23:04 server.py:188] Confirm GPU group 196 for meta-llama/Meta-Llama-3-8B_sllm-condense_0 replica c8075f5f-1c82-4279-bcfa-2720e9499910 success
INFO 07-23 16:23:04 server.py:188] Confirm GPU group 197 for meta-llama/Meta-Llama-3-8B_sllm-condense_0 replica c8075f5f-1c82-4279-bcfa-2720e9499910 success
INFO 07-23 16:23:04 server.py:188] Confirm GPU group 198 for meta-llama/Meta-Llama-3-8B_sllm-condense_0 replica c8075f5f-1c82-4279-bcfa-2720e9499910 success
INFO 07-23 16:23:04 server.py:188] Confirm GPU group 199 for meta-llama/Meta-Llama-3-8B_sllm-condense_0 replica c8075f5f-1c82-4279-bcfa-2720e9499910 success
INFO 07-23 16:23:04 server.py:188] Confirm GPU group 200 for meta-llama/Meta-Llama-3-8B_sllm-condense_0 replica c8075f5f-1c82-4279-bcfa-2720e9499910 success
INFO 07-23 16:23:04 server.py:188] Confirm GPU group 201 for meta-llama/Meta-Llama-3-8B_sllm-condense_0 replica c8075f5f-1c82-4279-bcfa-2720e9499910 success
INFO 07-23 16:23:04 server.py:188] Confirm GPU group 202 for meta-llama/Meta-Llama-3-8B_sllm-condense_0 replica c8075f5f-1c82-4279-bcfa-2720e9499910 success
INFO 07-23 16:23:04 server.py:188] Confirm GPU group 203 for meta-llama/Meta-Llama-3-8B_sllm-condense_0 replica c8075f5f-1c82-4279-bcfa-2720e9499910 success
INFO 07-23 16:23:04 server.py:188] Confirm GPU group 204 for meta-llama/Meta-Llama-3-8B_sllm-condense_0 replica c8075f5f-1c82-4279-bcfa-2720e9499910 success
INFO 07-23 16:23:04 server.py:188] Confirm GPU group 205 for meta-llama/Meta-Llama-3-8B_sllm-condense_0 replica c8075f5f-1c82-4279-bcfa-2720e9499910 success
INFO 07-23 16:23:04 server.py:188] Confirm GPU group 206 for meta-llama/Meta-Llama-3-8B_sllm-condense_0 replica c8075f5f-1c82-4279-bcfa-2720e9499910 success
INFO 07-23 16:23:04 server.py:188] Confirm GPU group 207 for meta-llama/Meta-Llama-3-8B_sllm-condense_0 replica c8075f5f-1c82-4279-bcfa-2720e9499910 success
INFO 07-23 16:23:04 server.py:188] Confirm GPU group 208 for meta-llama/Meta-Llama-3-8B_sllm-condense_0 replica c8075f5f-1c82-4279-bcfa-2720e9499910 success
INFO 07-23 16:23:04 server.py:188] Confirm GPU group 209 for meta-llama/Meta-Llama-3-8B_sllm-condense_0 replica c8075f5f-1c82-4279-bcfa-2720e9499910 success
INFO 07-23 16:23:04 server.py:188] Confirm GPU group 210 for meta-llama/Meta-Llama-3-8B_sllm-condense_0 replica c8075f5f-1c82-4279-bcfa-2720e9499910 success
INFO 07-23 16:23:04 server.py:188] Confirm GPU group 211 for meta-llama/Meta-Llama-3-8B_sllm-condense_0 replica c8075f5f-1c82-4279-bcfa-2720e9499910 success
INFO 07-23 16:23:05 server.py:188] Confirm GPU group 212 for meta-llama/Meta-Llama-3-8B_sllm-condense_0 replica c8075f5f-1c82-4279-bcfa-2720e9499910 success
INFO 07-23 16:23:05 server.py:188] Confirm GPU group 213 for meta-llama/Meta-Llama-3-8B_sllm-condense_0 replica c8075f5f-1c82-4279-bcfa-2720e9499910 success
INFO 07-23 16:23:05 server.py:188] Confirm GPU group 214 for meta-llama/Meta-Llama-3-8B_sllm-condense_0 replica c8075f5f-1c82-4279-bcfa-2720e9499910 success
INFO 07-23 16:23:05 server.py:188] Confirm GPU group 215 for meta-llama/Meta-Llama-3-8B_sllm-condense_0 replica c8075f5f-1c82-4279-bcfa-2720e9499910 success
INFO 07-23 16:23:05 server.py:188] Confirm GPU group 216 for meta-llama/Meta-Llama-3-8B_sllm-condense_0 replica c8075f5f-1c82-4279-bcfa-2720e9499910 success
INFO 07-23 16:23:05 server.py:188] Confirm GPU group 217 for meta-llama/Meta-Llama-3-8B_sllm-condense_0 replica c8075f5f-1c82-4279-bcfa-2720e9499910 success
INFO 07-23 16:23:05 server.py:188] Confirm GPU group 218 for meta-llama/Meta-Llama-3-8B_sllm-condense_0 replica c8075f5f-1c82-4279-bcfa-2720e9499910 success
INFO 07-23 16:23:05 server.py:188] Confirm GPU group 219 for meta-llama/Meta-Llama-3-8B_sllm-condense_0 replica c8075f5f-1c82-4279-bcfa-2720e9499910 success
INFO 07-23 16:23:05 server.py:188] Confirm GPU group 220 for meta-llama/Meta-Llama-3-8B_sllm-condense_0 replica c8075f5f-1c82-4279-bcfa-2720e9499910 success
INFO 07-23 16:23:05 server.py:188] Confirm GPU group 221 for meta-llama/Meta-Llama-3-8B_sllm-condense_0 replica c8075f5f-1c82-4279-bcfa-2720e9499910 success
INFO 07-23 16:23:05 server.py:188] Confirm GPU group 222 for meta-llama/Meta-Llama-3-8B_sllm-condense_0 replica c8075f5f-1c82-4279-bcfa-2720e9499910 success
INFO 07-23 16:23:05 server.py:188] Confirm GPU group 223 for meta-llama/Meta-Llama-3-8B_sllm-condense_0 replica c8075f5f-1c82-4279-bcfa-2720e9499910 success
INFO 07-23 16:23:05 server.py:188] Confirm GPU group 224 for meta-llama/Meta-Llama-3-8B_sllm-condense_0 replica c8075f5f-1c82-4279-bcfa-2720e9499910 success
INFO 07-23 16:23:05 server.py:188] Confirm GPU group 225 for meta-llama/Meta-Llama-3-8B_sllm-condense_0 replica c8075f5f-1c82-4279-bcfa-2720e9499910 success
INFO 07-23 16:23:05 server.py:188] Confirm GPU group 226 for meta-llama/Meta-Llama-3-8B_sllm-condense_0 replica c8075f5f-1c82-4279-bcfa-2720e9499910 success
INFO 07-23 16:23:05 server.py:188] Confirm GPU group 227 for meta-llama/Meta-Llama-3-8B_sllm-condense_0 replica c8075f5f-1c82-4279-bcfa-2720e9499910 success
INFO 07-23 16:23:05 server.py:188] Confirm GPU group 228 for meta-llama/Meta-Llama-3-8B_sllm-condense_0 replica c8075f5f-1c82-4279-bcfa-2720e9499910 success
INFO 07-23 16:23:05 server.py:188] Confirm GPU group 229 for meta-llama/Meta-Llama-3-8B_sllm-condense_0 replica c8075f5f-1c82-4279-bcfa-2720e9499910 success
INFO 07-23 16:23:05 server.py:188] Confirm GPU group 230 for meta-llama/Meta-Llama-3-8B_sllm-condense_0 replica c8075f5f-1c82-4279-bcfa-2720e9499910 success
INFO 07-23 16:23:05 server.py:188] Confirm GPU group 231 for meta-llama/Meta-Llama-3-8B_sllm-condense_0 replica c8075f5f-1c82-4279-bcfa-2720e9499910 success
INFO 07-23 16:23:05 server.py:188] Confirm GPU group 232 for meta-llama/Meta-Llama-3-8B_sllm-condense_0 replica c8075f5f-1c82-4279-bcfa-2720e9499910 success
INFO 07-23 16:23:05 server.py:188] Confirm GPU group 233 for meta-llama/Meta-Llama-3-8B_sllm-condense_0 replica c8075f5f-1c82-4279-bcfa-2720e9499910 success
INFO 07-23 16:23:05 server.py:188] Confirm GPU group 234 for meta-llama/Meta-Llama-3-8B_sllm-condense_0 replica c8075f5f-1c82-4279-bcfa-2720e9499910 success
INFO 07-23 16:23:05 server.py:188] Confirm GPU group 235 for meta-llama/Meta-Llama-3-8B_sllm-condense_0 replica c8075f5f-1c82-4279-bcfa-2720e9499910 success
INFO 07-23 16:23:05 server.py:188] Confirm GPU group 236 for meta-llama/Meta-Llama-3-8B_sllm-condense_0 replica c8075f5f-1c82-4279-bcfa-2720e9499910 success
INFO 07-23 16:23:05 server.py:188] Confirm GPU group 237 for meta-llama/Meta-Llama-3-8B_sllm-condense_0 replica c8075f5f-1c82-4279-bcfa-2720e9499910 success
INFO 07-23 16:23:05 server.py:188] Confirm GPU group 238 for meta-llama/Meta-Llama-3-8B_sllm-condense_0 replica c8075f5f-1c82-4279-bcfa-2720e9499910 success
INFO 07-23 16:23:05 server.py:188] Confirm GPU group 239 for meta-llama/Meta-Llama-3-8B_sllm-condense_0 replica c8075f5f-1c82-4279-bcfa-2720e9499910 success
INFO 07-23 16:23:05 server.py:188] Confirm GPU group 240 for meta-llama/Meta-Llama-3-8B_sllm-condense_0 replica c8075f5f-1c82-4279-bcfa-2720e9499910 success
INFO 07-23 16:23:05 server.py:188] Confirm GPU group 241 for meta-llama/Meta-Llama-3-8B_sllm-condense_0 replica c8075f5f-1c82-4279-bcfa-2720e9499910 success
INFO 07-23 16:23:05 server.py:188] Confirm GPU group 242 for meta-llama/Meta-Llama-3-8B_sllm-condense_0 replica c8075f5f-1c82-4279-bcfa-2720e9499910 success
INFO 07-23 16:23:05 server.py:188] Confirm GPU group 243 for meta-llama/Meta-Llama-3-8B_sllm-condense_0 replica c8075f5f-1c82-4279-bcfa-2720e9499910 success
INFO 07-23 16:23:05 server.py:188] Confirm GPU group 244 for meta-llama/Meta-Llama-3-8B_sllm-condense_0 replica c8075f5f-1c82-4279-bcfa-2720e9499910 success
INFO 07-23 16:23:05 server.py:188] Confirm GPU group 245 for meta-llama/Meta-Llama-3-8B_sllm-condense_0 replica c8075f5f-1c82-4279-bcfa-2720e9499910 success
INFO 07-23 16:23:05 server.py:188] Confirm GPU group 246 for meta-llama/Meta-Llama-3-8B_sllm-condense_0 replica c8075f5f-1c82-4279-bcfa-2720e9499910 success
INFO 07-23 16:23:05 server.py:188] Confirm GPU group 247 for meta-llama/Meta-Llama-3-8B_sllm-condense_0 replica c8075f5f-1c82-4279-bcfa-2720e9499910 success
INFO 07-23 16:23:05 server.py:188] Confirm GPU group 248 for meta-llama/Meta-Llama-3-8B_sllm-condense_0 replica c8075f5f-1c82-4279-bcfa-2720e9499910 success
INFO 07-23 16:23:05 server.py:188] Confirm GPU group 249 for meta-llama/Meta-Llama-3-8B_sllm-condense_0 replica c8075f5f-1c82-4279-bcfa-2720e9499910 success
INFO 07-23 16:23:05 server.py:188] Confirm GPU group 250 for meta-llama/Meta-Llama-3-8B_sllm-condense_0 replica c8075f5f-1c82-4279-bcfa-2720e9499910 success
INFO 07-23 16:23:05 server.py:188] Confirm GPU group 251 for meta-llama/Meta-Llama-3-8B_sllm-condense_0 replica c8075f5f-1c82-4279-bcfa-2720e9499910 success
INFO 07-23 16:23:05 server.py:188] Confirm GPU group 252 for meta-llama/Meta-Llama-3-8B_sllm-condense_0 replica c8075f5f-1c82-4279-bcfa-2720e9499910 success
INFO 07-23 16:23:05 server.py:188] Confirm GPU group 253 for meta-llama/Meta-Llama-3-8B_sllm-condense_0 replica c8075f5f-1c82-4279-bcfa-2720e9499910 success
INFO 07-23 16:23:05 server.py:188] Confirm GPU group 254 for meta-llama/Meta-Llama-3-8B_sllm-condense_0 replica c8075f5f-1c82-4279-bcfa-2720e9499910 success
INFO 07-23 16:23:05 server.py:188] Confirm GPU group 255 for meta-llama/Meta-Llama-3-8B_sllm-condense_0 replica c8075f5f-1c82-4279-bcfa-2720e9499910 success
INFO 07-23 16:23:05 server.py:188] Confirm GPU group 256 for meta-llama/Meta-Llama-3-8B_sllm-condense_0 replica c8075f5f-1c82-4279-bcfa-2720e9499910 success
INFO 07-23 16:23:05 server.py:188] Confirm GPU group 257 for meta-llama/Meta-Llama-3-8B_sllm-condense_0 replica c8075f5f-1c82-4279-bcfa-2720e9499910 success
INFO 07-23 16:23:05 server.py:188] Confirm GPU group 258 for meta-llama/Meta-Llama-3-8B_sllm-condense_0 replica c8075f5f-1c82-4279-bcfa-2720e9499910 success
INFO 07-23 16:23:05 server.py:188] Confirm GPU group 259 for meta-llama/Meta-Llama-3-8B_sllm-condense_0 replica c8075f5f-1c82-4279-bcfa-2720e9499910 success
INFO 07-23 16:23:05 server.py:188] Confirm GPU group 260 for meta-llama/Meta-Llama-3-8B_sllm-condense_0 replica c8075f5f-1c82-4279-bcfa-2720e9499910 success
INFO 07-23 16:23:05 server.py:188] Confirm GPU group 261 for meta-llama/Meta-Llama-3-8B_sllm-condense_0 replica c8075f5f-1c82-4279-bcfa-2720e9499910 success
INFO 07-23 16:23:05 server.py:188] Confirm GPU group 262 for meta-llama/Meta-Llama-3-8B_sllm-condense_0 replica c8075f5f-1c82-4279-bcfa-2720e9499910 success
INFO 07-23 16:23:05 server.py:188] Confirm GPU group 263 for meta-llama/Meta-Llama-3-8B_sllm-condense_0 replica c8075f5f-1c82-4279-bcfa-2720e9499910 success
INFO 07-23 16:23:05 server.py:188] Confirm GPU group 264 for meta-llama/Meta-Llama-3-8B_sllm-condense_0 replica c8075f5f-1c82-4279-bcfa-2720e9499910 success
INFO 07-23 16:23:05 server.py:188] Confirm GPU group 265 for meta-llama/Meta-Llama-3-8B_sllm-condense_0 replica c8075f5f-1c82-4279-bcfa-2720e9499910 success
INFO 07-23 16:23:05 server.py:188] Confirm GPU group 266 for meta-llama/Meta-Llama-3-8B_sllm-condense_0 replica c8075f5f-1c82-4279-bcfa-2720e9499910 success
INFO 07-23 16:23:05 server.py:188] Confirm GPU group 267 for meta-llama/Meta-Llama-3-8B_sllm-condense_0 replica c8075f5f-1c82-4279-bcfa-2720e9499910 success
INFO 07-23 16:23:05 server.py:188] Confirm GPU group 268 for meta-llama/Meta-Llama-3-8B_sllm-condense_0 replica c8075f5f-1c82-4279-bcfa-2720e9499910 success
INFO 07-23 16:23:05 server.py:188] Confirm GPU group 269 for meta-llama/Meta-Llama-3-8B_sllm-condense_0 replica c8075f5f-1c82-4279-bcfa-2720e9499910 success
INFO 07-23 16:23:05 server.py:188] Confirm GPU group 270 for meta-llama/Meta-Llama-3-8B_sllm-condense_0 replica c8075f5f-1c82-4279-bcfa-2720e9499910 success
INFO 07-23 16:23:05 server.py:188] Confirm GPU group 271 for meta-llama/Meta-Llama-3-8B_sllm-condense_0 replica c8075f5f-1c82-4279-bcfa-2720e9499910 success
INFO 07-23 16:23:05 server.py:188] Confirm GPU group 272 for meta-llama/Meta-Llama-3-8B_sllm-condense_0 replica c8075f5f-1c82-4279-bcfa-2720e9499910 success
INFO 07-23 16:23:05 server.py:188] Confirm GPU group 273 for meta-llama/Meta-Llama-3-8B_sllm-condense_0 replica c8075f5f-1c82-4279-bcfa-2720e9499910 success
INFO 07-23 16:23:05 server.py:188] Confirm GPU group 274 for meta-llama/Meta-Llama-3-8B_sllm-condense_0 replica c8075f5f-1c82-4279-bcfa-2720e9499910 success
INFO 07-23 16:23:05 server.py:188] Confirm GPU group 275 for meta-llama/Meta-Llama-3-8B_sllm-condense_0 replica c8075f5f-1c82-4279-bcfa-2720e9499910 success
INFO 07-23 16:23:05 server.py:188] Confirm GPU group 276 for meta-llama/Meta-Llama-3-8B_sllm-condense_0 replica c8075f5f-1c82-4279-bcfa-2720e9499910 success
INFO 07-23 16:23:06 server.py:188] Confirm GPU group 277 for meta-llama/Meta-Llama-3-8B_sllm-condense_0 replica c8075f5f-1c82-4279-bcfa-2720e9499910 success
INFO 07-23 16:23:06 server.py:188] Confirm GPU group 278 for meta-llama/Meta-Llama-3-8B_sllm-condense_0 replica c8075f5f-1c82-4279-bcfa-2720e9499910 success
INFO 07-23 16:23:06 server.py:188] Confirm GPU group 279 for meta-llama/Meta-Llama-3-8B_sllm-condense_0 replica c8075f5f-1c82-4279-bcfa-2720e9499910 success
INFO 07-23 16:23:06 server.py:188] Confirm GPU group 280 for meta-llama/Meta-Llama-3-8B_sllm-condense_0 replica c8075f5f-1c82-4279-bcfa-2720e9499910 success
INFO 07-23 16:23:06 server.py:188] Confirm GPU group 281 for meta-llama/Meta-Llama-3-8B_sllm-condense_0 replica c8075f5f-1c82-4279-bcfa-2720e9499910 success
INFO 07-23 16:23:06 server.py:188] Confirm GPU group 282 for meta-llama/Meta-Llama-3-8B_sllm-condense_0 replica c8075f5f-1c82-4279-bcfa-2720e9499910 success
INFO 07-23 16:23:06 server.py:188] Confirm GPU group 283 for meta-llama/Meta-Llama-3-8B_sllm-condense_0 replica c8075f5f-1c82-4279-bcfa-2720e9499910 success
INFO 07-23 16:23:06 server.py:188] Confirm GPU group 284 for meta-llama/Meta-Llama-3-8B_sllm-condense_0 replica c8075f5f-1c82-4279-bcfa-2720e9499910 success
INFO 07-23 16:23:06 server.py:188] Confirm GPU group 285 for meta-llama/Meta-Llama-3-8B_sllm-condense_0 replica c8075f5f-1c82-4279-bcfa-2720e9499910 success
INFO 07-23 16:23:06 server.py:188] Confirm GPU group 286 for meta-llama/Meta-Llama-3-8B_sllm-condense_0 replica c8075f5f-1c82-4279-bcfa-2720e9499910 success
INFO 07-23 16:23:06 server.py:188] Confirm GPU group 287 for meta-llama/Meta-Llama-3-8B_sllm-condense_0 replica c8075f5f-1c82-4279-bcfa-2720e9499910 success
INFO 07-23 16:23:06 server.py:188] Confirm GPU group 288 for meta-llama/Meta-Llama-3-8B_sllm-condense_0 replica c8075f5f-1c82-4279-bcfa-2720e9499910 success
INFO 07-23 16:23:06 server.py:188] Confirm GPU group 289 for meta-llama/Meta-Llama-3-8B_sllm-condense_0 replica c8075f5f-1c82-4279-bcfa-2720e9499910 success
INFO 07-23 16:23:06 server.py:188] Confirm GPU group 290 for meta-llama/Meta-Llama-3-8B_sllm-condense_0 replica c8075f5f-1c82-4279-bcfa-2720e9499910 success
INFO 07-23 16:23:06 server.py:138] Confirm model meta-llama/Meta-Llama-3-8B_sllm-condense_0 replica c8075f5f-1c82-4279-bcfa-2720e9499910 success
