INFO 07-24 07:13:20 cli.py:211] Starting gRPC server
INFO 07-24 07:13:20 server.py:40] StorageServicer: storage_path=/home/ben046/projects/SLLM/storage, mem_pool_size=34359738368, num_thread=4, chunk_size=16777216, registration_required=False
WARNING: Logging before InitGoogleLogging() is written to STDERR
I20260724 07:13:22.780367 2179186 checkpoint_store.cpp:41] Number of GPUs: 1
I20260724 07:13:22.780435 2179186 checkpoint_store.cpp:43] I/O threads: 4, chunk size: 16MB
I20260724 07:13:22.780445 2179186 checkpoint_store.cpp:45] Storage path: "/home/ben046/projects/SLLM/storage"
I20260724 07:13:23.330960 2179186 checkpoint_store.cpp:71] GPU 0 UUID: e9482ee1-13ab-0005-7cbe-a97606f182fe
I20260724 07:13:23.331110 2179186 pinned_memory_pool.cpp:29] Creating PinnedMemoryPool with 2048 buffers of 16777216 bytes
I20260724 07:13:53.972219 2179186 checkpoint_store.cpp:83] Memory pool created with 32GB
INFO 07-24 07:13:53 server.py:288] Starting gRPC server on 0.0.0.0:8073
I20260724 07:15:05.398878 2179186 model.cpp:53] Tensor file "/home/ben046/projects/SLLM/storage/meta-llama/Meta-Llama-3-8B_sllm-condense_2/tensor.data_1" does not exist
I20260724 07:15:05.398977 2179186 checkpoint_store.cpp:106] Model meta-llama/Meta-Llama-3-8B_sllm-condense_2 is registered
INFO 07-24 07:15:05 server.py:115] LoadModel: success meta-llama/Meta-Llama-3-8B_sllm-condense_2 with target 1
I20260724 07:15:05.399312 2186917 pinned_memory_pool.cpp:78] PinnedMemoryPool Allocate 423 buffers free buffers 1625 total buffers 2048
I20260724 07:15:05.399447 2186917 model.cpp:120] Loading model meta-llama/Meta-Llama-3-8B_sllm-condense_2 size 7080803840 to host
I20260724 07:15:05.399483 2186917 model.cpp:134] Loading model meta-llama/Meta-Llama-3-8B_sllm-condense_2 to host with 4 threads, 423 chunks, 16777216 chunk size, 106 chunks per thread
I20260724 07:15:05.399668 2186918 model.cpp:155] Thread 0 starting from partition 0 offset 0
I20260724 07:15:05.399791 2186919 model.cpp:155] Thread 1 starting from partition 0 offset 1778384896
I20260724 07:15:05.399811 2186920 model.cpp:155] Thread 2 starting from partition 0 offset 3556769792
I20260724 07:15:05.399890 2186921 model.cpp:155] Thread 3 starting from partition 0 offset 5335154688
INFO 07-24 07:15:05 server.py:115] LoadModel: success meta-llama/Meta-Llama-3-8B_sllm-condense_2 with target 2
I20260724 07:15:05.572357 2186959 checkpoint_store.cpp:209] Loading model meta-llama/Meta-Llama-3-8B_sllm-condense_2
I20260724 07:15:06.529834 2186959 model.cpp:269] Creating replica 09305228-6cb2-4290-8288-102cd6bcaf98
I20260724 07:15:06.529973 2186959 model.cpp:273] Creating queue for device 0
I20260724 07:15:06.530056 2186959 model.cpp:285] Created replica 09305228-6cb2-4290-8288-102cd6bcaf98
I20260724 07:15:06.530254 2186959 model.cpp:296] Dispatcher started for model meta-llama/Meta-Llama-3-8B_sllm-condense_2
I20260724 07:15:06.530429 2186959 model.cpp:363] Waiting for model meta-llama/Meta-Llama-3-8B_sllm-condense_2 num tasks 1 state 3
INFO 07-24 07:15:06 server.py:188] Confirm GPU group 0 for meta-llama/Meta-Llama-3-8B_sllm-condense_2 replica 09305228-6cb2-4290-8288-102cd6bcaf98 success
INFO 07-24 07:15:06 server.py:188] Confirm GPU group 1 for meta-llama/Meta-Llama-3-8B_sllm-condense_2 replica 09305228-6cb2-4290-8288-102cd6bcaf98 success
INFO 07-24 07:15:06 server.py:188] Confirm GPU group 2 for meta-llama/Meta-Llama-3-8B_sllm-condense_2 replica 09305228-6cb2-4290-8288-102cd6bcaf98 success
INFO 07-24 07:15:06 server.py:188] Confirm GPU group 3 for meta-llama/Meta-Llama-3-8B_sllm-condense_2 replica 09305228-6cb2-4290-8288-102cd6bcaf98 success
INFO 07-24 07:15:06 server.py:188] Confirm GPU group 4 for meta-llama/Meta-Llama-3-8B_sllm-condense_2 replica 09305228-6cb2-4290-8288-102cd6bcaf98 success
INFO 07-24 07:15:06 server.py:188] Confirm GPU group 5 for meta-llama/Meta-Llama-3-8B_sllm-condense_2 replica 09305228-6cb2-4290-8288-102cd6bcaf98 success
INFO 07-24 07:15:07 server.py:188] Confirm GPU group 6 for meta-llama/Meta-Llama-3-8B_sllm-condense_2 replica 09305228-6cb2-4290-8288-102cd6bcaf98 success
INFO 07-24 07:15:07 server.py:188] Confirm GPU group 7 for meta-llama/Meta-Llama-3-8B_sllm-condense_2 replica 09305228-6cb2-4290-8288-102cd6bcaf98 success
INFO 07-24 07:15:07 server.py:188] Confirm GPU group 8 for meta-llama/Meta-Llama-3-8B_sllm-condense_2 replica 09305228-6cb2-4290-8288-102cd6bcaf98 success
INFO 07-24 07:15:07 server.py:188] Confirm GPU group 9 for meta-llama/Meta-Llama-3-8B_sllm-condense_2 replica 09305228-6cb2-4290-8288-102cd6bcaf98 success
INFO 07-24 07:15:07 server.py:188] Confirm GPU group 10 for meta-llama/Meta-Llama-3-8B_sllm-condense_2 replica 09305228-6cb2-4290-8288-102cd6bcaf98 success
INFO 07-24 07:15:07 server.py:188] Confirm GPU group 11 for meta-llama/Meta-Llama-3-8B_sllm-condense_2 replica 09305228-6cb2-4290-8288-102cd6bcaf98 success
INFO 07-24 07:15:07 server.py:188] Confirm GPU group 12 for meta-llama/Meta-Llama-3-8B_sllm-condense_2 replica 09305228-6cb2-4290-8288-102cd6bcaf98 success
I20260724 07:15:07.303431 2186917 model.cpp:250] Finished loading model meta-llama/Meta-Llama-3-8B_sllm-condense_2 from disk
I20260724 07:15:07.303638 2187026 model.cpp:356] Finished loading tensor from memory to device 0
INFO 07-24 07:15:07 server.py:188] Confirm GPU group 13 for meta-llama/Meta-Llama-3-8B_sllm-condense_2 replica 09305228-6cb2-4290-8288-102cd6bcaf98 success
INFO 07-24 07:15:07 server.py:188] Confirm GPU group 14 for meta-llama/Meta-Llama-3-8B_sllm-condense_2 replica 09305228-6cb2-4290-8288-102cd6bcaf98 success
INFO 07-24 07:15:07 server.py:188] Confirm GPU group 15 for meta-llama/Meta-Llama-3-8B_sllm-condense_2 replica 09305228-6cb2-4290-8288-102cd6bcaf98 success
INFO 07-24 07:15:07 server.py:188] Confirm GPU group 16 for meta-llama/Meta-Llama-3-8B_sllm-condense_2 replica 09305228-6cb2-4290-8288-102cd6bcaf98 success
INFO 07-24 07:15:07 server.py:188] Confirm GPU group 17 for meta-llama/Meta-Llama-3-8B_sllm-condense_2 replica 09305228-6cb2-4290-8288-102cd6bcaf98 success
INFO 07-24 07:15:07 server.py:188] Confirm GPU group 18 for meta-llama/Meta-Llama-3-8B_sllm-condense_2 replica 09305228-6cb2-4290-8288-102cd6bcaf98 success
INFO 07-24 07:15:07 server.py:188] Confirm GPU group 19 for meta-llama/Meta-Llama-3-8B_sllm-condense_2 replica 09305228-6cb2-4290-8288-102cd6bcaf98 success
INFO 07-24 07:15:07 server.py:188] Confirm GPU group 20 for meta-llama/Meta-Llama-3-8B_sllm-condense_2 replica 09305228-6cb2-4290-8288-102cd6bcaf98 success
INFO 07-24 07:15:07 server.py:188] Confirm GPU group 21 for meta-llama/Meta-Llama-3-8B_sllm-condense_2 replica 09305228-6cb2-4290-8288-102cd6bcaf98 success
INFO 07-24 07:15:07 server.py:188] Confirm GPU group 22 for meta-llama/Meta-Llama-3-8B_sllm-condense_2 replica 09305228-6cb2-4290-8288-102cd6bcaf98 success
INFO 07-24 07:15:08 server.py:188] Confirm GPU group 23 for meta-llama/Meta-Llama-3-8B_sllm-condense_2 replica 09305228-6cb2-4290-8288-102cd6bcaf98 success
INFO 07-24 07:15:08 server.py:188] Confirm GPU group 24 for meta-llama/Meta-Llama-3-8B_sllm-condense_2 replica 09305228-6cb2-4290-8288-102cd6bcaf98 success
INFO 07-24 07:15:08 server.py:188] Confirm GPU group 25 for meta-llama/Meta-Llama-3-8B_sllm-condense_2 replica 09305228-6cb2-4290-8288-102cd6bcaf98 success
INFO 07-24 07:15:08 server.py:188] Confirm GPU group 26 for meta-llama/Meta-Llama-3-8B_sllm-condense_2 replica 09305228-6cb2-4290-8288-102cd6bcaf98 success
INFO 07-24 07:15:08 server.py:188] Confirm GPU group 27 for meta-llama/Meta-Llama-3-8B_sllm-condense_2 replica 09305228-6cb2-4290-8288-102cd6bcaf98 success
INFO 07-24 07:15:08 server.py:188] Confirm GPU group 28 for meta-llama/Meta-Llama-3-8B_sllm-condense_2 replica 09305228-6cb2-4290-8288-102cd6bcaf98 success
INFO 07-24 07:15:08 server.py:188] Confirm GPU group 29 for meta-llama/Meta-Llama-3-8B_sllm-condense_2 replica 09305228-6cb2-4290-8288-102cd6bcaf98 success
INFO 07-24 07:15:08 server.py:188] Confirm GPU group 30 for meta-llama/Meta-Llama-3-8B_sllm-condense_2 replica 09305228-6cb2-4290-8288-102cd6bcaf98 success
INFO 07-24 07:15:08 server.py:188] Confirm GPU group 31 for meta-llama/Meta-Llama-3-8B_sllm-condense_2 replica 09305228-6cb2-4290-8288-102cd6bcaf98 success
INFO 07-24 07:15:08 server.py:188] Confirm GPU group 32 for meta-llama/Meta-Llama-3-8B_sllm-condense_2 replica 09305228-6cb2-4290-8288-102cd6bcaf98 success
INFO 07-24 07:15:08 server.py:188] Confirm GPU group 33 for meta-llama/Meta-Llama-3-8B_sllm-condense_2 replica 09305228-6cb2-4290-8288-102cd6bcaf98 success
INFO 07-24 07:15:08 server.py:188] Confirm GPU group 34 for meta-llama/Meta-Llama-3-8B_sllm-condense_2 replica 09305228-6cb2-4290-8288-102cd6bcaf98 success
INFO 07-24 07:15:08 server.py:188] Confirm GPU group 35 for meta-llama/Meta-Llama-3-8B_sllm-condense_2 replica 09305228-6cb2-4290-8288-102cd6bcaf98 success
INFO 07-24 07:15:08 server.py:188] Confirm GPU group 36 for meta-llama/Meta-Llama-3-8B_sllm-condense_2 replica 09305228-6cb2-4290-8288-102cd6bcaf98 success
INFO 07-24 07:15:08 server.py:188] Confirm GPU group 37 for meta-llama/Meta-Llama-3-8B_sllm-condense_2 replica 09305228-6cb2-4290-8288-102cd6bcaf98 success
INFO 07-24 07:15:08 server.py:188] Confirm GPU group 38 for meta-llama/Meta-Llama-3-8B_sllm-condense_2 replica 09305228-6cb2-4290-8288-102cd6bcaf98 success
INFO 07-24 07:15:08 server.py:188] Confirm GPU group 39 for meta-llama/Meta-Llama-3-8B_sllm-condense_2 replica 09305228-6cb2-4290-8288-102cd6bcaf98 success
INFO 07-24 07:15:08 server.py:188] Confirm GPU group 40 for meta-llama/Meta-Llama-3-8B_sllm-condense_2 replica 09305228-6cb2-4290-8288-102cd6bcaf98 success
INFO 07-24 07:15:08 server.py:188] Confirm GPU group 41 for meta-llama/Meta-Llama-3-8B_sllm-condense_2 replica 09305228-6cb2-4290-8288-102cd6bcaf98 success
INFO 07-24 07:15:08 server.py:188] Confirm GPU group 42 for meta-llama/Meta-Llama-3-8B_sllm-condense_2 replica 09305228-6cb2-4290-8288-102cd6bcaf98 success
INFO 07-24 07:15:08 server.py:188] Confirm GPU group 43 for meta-llama/Meta-Llama-3-8B_sllm-condense_2 replica 09305228-6cb2-4290-8288-102cd6bcaf98 success
INFO 07-24 07:15:08 server.py:188] Confirm GPU group 44 for meta-llama/Meta-Llama-3-8B_sllm-condense_2 replica 09305228-6cb2-4290-8288-102cd6bcaf98 success
INFO 07-24 07:15:08 server.py:188] Confirm GPU group 45 for meta-llama/Meta-Llama-3-8B_sllm-condense_2 replica 09305228-6cb2-4290-8288-102cd6bcaf98 success
INFO 07-24 07:15:08 server.py:188] Confirm GPU group 46 for meta-llama/Meta-Llama-3-8B_sllm-condense_2 replica 09305228-6cb2-4290-8288-102cd6bcaf98 success
INFO 07-24 07:15:08 server.py:188] Confirm GPU group 47 for meta-llama/Meta-Llama-3-8B_sllm-condense_2 replica 09305228-6cb2-4290-8288-102cd6bcaf98 success
INFO 07-24 07:15:09 server.py:188] Confirm GPU group 48 for meta-llama/Meta-Llama-3-8B_sllm-condense_2 replica 09305228-6cb2-4290-8288-102cd6bcaf98 success
INFO 07-24 07:15:09 server.py:188] Confirm GPU group 49 for meta-llama/Meta-Llama-3-8B_sllm-condense_2 replica 09305228-6cb2-4290-8288-102cd6bcaf98 success
INFO 07-24 07:15:09 server.py:188] Confirm GPU group 50 for meta-llama/Meta-Llama-3-8B_sllm-condense_2 replica 09305228-6cb2-4290-8288-102cd6bcaf98 success
INFO 07-24 07:15:09 server.py:188] Confirm GPU group 51 for meta-llama/Meta-Llama-3-8B_sllm-condense_2 replica 09305228-6cb2-4290-8288-102cd6bcaf98 success
INFO 07-24 07:15:09 server.py:188] Confirm GPU group 52 for meta-llama/Meta-Llama-3-8B_sllm-condense_2 replica 09305228-6cb2-4290-8288-102cd6bcaf98 success
INFO 07-24 07:15:09 server.py:188] Confirm GPU group 53 for meta-llama/Meta-Llama-3-8B_sllm-condense_2 replica 09305228-6cb2-4290-8288-102cd6bcaf98 success
INFO 07-24 07:15:09 server.py:188] Confirm GPU group 54 for meta-llama/Meta-Llama-3-8B_sllm-condense_2 replica 09305228-6cb2-4290-8288-102cd6bcaf98 success
INFO 07-24 07:15:09 server.py:188] Confirm GPU group 55 for meta-llama/Meta-Llama-3-8B_sllm-condense_2 replica 09305228-6cb2-4290-8288-102cd6bcaf98 success
INFO 07-24 07:15:09 server.py:188] Confirm GPU group 56 for meta-llama/Meta-Llama-3-8B_sllm-condense_2 replica 09305228-6cb2-4290-8288-102cd6bcaf98 success
INFO 07-24 07:15:09 server.py:188] Confirm GPU group 57 for meta-llama/Meta-Llama-3-8B_sllm-condense_2 replica 09305228-6cb2-4290-8288-102cd6bcaf98 success
INFO 07-24 07:15:09 server.py:188] Confirm GPU group 58 for meta-llama/Meta-Llama-3-8B_sllm-condense_2 replica 09305228-6cb2-4290-8288-102cd6bcaf98 success
INFO 07-24 07:15:09 server.py:188] Confirm GPU group 59 for meta-llama/Meta-Llama-3-8B_sllm-condense_2 replica 09305228-6cb2-4290-8288-102cd6bcaf98 success
INFO 07-24 07:15:09 server.py:188] Confirm GPU group 60 for meta-llama/Meta-Llama-3-8B_sllm-condense_2 replica 09305228-6cb2-4290-8288-102cd6bcaf98 success
INFO 07-24 07:15:09 server.py:188] Confirm GPU group 61 for meta-llama/Meta-Llama-3-8B_sllm-condense_2 replica 09305228-6cb2-4290-8288-102cd6bcaf98 success
INFO 07-24 07:15:09 server.py:188] Confirm GPU group 62 for meta-llama/Meta-Llama-3-8B_sllm-condense_2 replica 09305228-6cb2-4290-8288-102cd6bcaf98 success
INFO 07-24 07:15:09 server.py:188] Confirm GPU group 63 for meta-llama/Meta-Llama-3-8B_sllm-condense_2 replica 09305228-6cb2-4290-8288-102cd6bcaf98 success
INFO 07-24 07:15:09 server.py:188] Confirm GPU group 64 for meta-llama/Meta-Llama-3-8B_sllm-condense_2 replica 09305228-6cb2-4290-8288-102cd6bcaf98 success
INFO 07-24 07:15:09 server.py:188] Confirm GPU group 65 for meta-llama/Meta-Llama-3-8B_sllm-condense_2 replica 09305228-6cb2-4290-8288-102cd6bcaf98 success
INFO 07-24 07:15:09 server.py:188] Confirm GPU group 66 for meta-llama/Meta-Llama-3-8B_sllm-condense_2 replica 09305228-6cb2-4290-8288-102cd6bcaf98 success
INFO 07-24 07:15:09 server.py:188] Confirm GPU group 67 for meta-llama/Meta-Llama-3-8B_sllm-condense_2 replica 09305228-6cb2-4290-8288-102cd6bcaf98 success
INFO 07-24 07:15:09 server.py:188] Confirm GPU group 68 for meta-llama/Meta-Llama-3-8B_sllm-condense_2 replica 09305228-6cb2-4290-8288-102cd6bcaf98 success
INFO 07-24 07:15:09 server.py:188] Confirm GPU group 69 for meta-llama/Meta-Llama-3-8B_sllm-condense_2 replica 09305228-6cb2-4290-8288-102cd6bcaf98 success
INFO 07-24 07:15:09 server.py:188] Confirm GPU group 70 for meta-llama/Meta-Llama-3-8B_sllm-condense_2 replica 09305228-6cb2-4290-8288-102cd6bcaf98 success
INFO 07-24 07:15:09 server.py:188] Confirm GPU group 71 for meta-llama/Meta-Llama-3-8B_sllm-condense_2 replica 09305228-6cb2-4290-8288-102cd6bcaf98 success
INFO 07-24 07:15:09 server.py:188] Confirm GPU group 72 for meta-llama/Meta-Llama-3-8B_sllm-condense_2 replica 09305228-6cb2-4290-8288-102cd6bcaf98 success
INFO 07-24 07:15:09 server.py:188] Confirm GPU group 73 for meta-llama/Meta-Llama-3-8B_sllm-condense_2 replica 09305228-6cb2-4290-8288-102cd6bcaf98 success
INFO 07-24 07:15:09 server.py:188] Confirm GPU group 74 for meta-llama/Meta-Llama-3-8B_sllm-condense_2 replica 09305228-6cb2-4290-8288-102cd6bcaf98 success
INFO 07-24 07:15:09 server.py:188] Confirm GPU group 75 for meta-llama/Meta-Llama-3-8B_sllm-condense_2 replica 09305228-6cb2-4290-8288-102cd6bcaf98 success
INFO 07-24 07:15:09 server.py:188] Confirm GPU group 76 for meta-llama/Meta-Llama-3-8B_sllm-condense_2 replica 09305228-6cb2-4290-8288-102cd6bcaf98 success
INFO 07-24 07:15:09 server.py:188] Confirm GPU group 77 for meta-llama/Meta-Llama-3-8B_sllm-condense_2 replica 09305228-6cb2-4290-8288-102cd6bcaf98 success
INFO 07-24 07:15:09 server.py:188] Confirm GPU group 78 for meta-llama/Meta-Llama-3-8B_sllm-condense_2 replica 09305228-6cb2-4290-8288-102cd6bcaf98 success
INFO 07-24 07:15:10 server.py:188] Confirm GPU group 79 for meta-llama/Meta-Llama-3-8B_sllm-condense_2 replica 09305228-6cb2-4290-8288-102cd6bcaf98 success
INFO 07-24 07:15:10 server.py:188] Confirm GPU group 80 for meta-llama/Meta-Llama-3-8B_sllm-condense_2 replica 09305228-6cb2-4290-8288-102cd6bcaf98 success
INFO 07-24 07:15:10 server.py:188] Confirm GPU group 81 for meta-llama/Meta-Llama-3-8B_sllm-condense_2 replica 09305228-6cb2-4290-8288-102cd6bcaf98 success
INFO 07-24 07:15:10 server.py:188] Confirm GPU group 82 for meta-llama/Meta-Llama-3-8B_sllm-condense_2 replica 09305228-6cb2-4290-8288-102cd6bcaf98 success
INFO 07-24 07:15:10 server.py:188] Confirm GPU group 83 for meta-llama/Meta-Llama-3-8B_sllm-condense_2 replica 09305228-6cb2-4290-8288-102cd6bcaf98 success
INFO 07-24 07:15:10 server.py:188] Confirm GPU group 84 for meta-llama/Meta-Llama-3-8B_sllm-condense_2 replica 09305228-6cb2-4290-8288-102cd6bcaf98 success
INFO 07-24 07:15:10 server.py:188] Confirm GPU group 85 for meta-llama/Meta-Llama-3-8B_sllm-condense_2 replica 09305228-6cb2-4290-8288-102cd6bcaf98 success
INFO 07-24 07:15:10 server.py:188] Confirm GPU group 86 for meta-llama/Meta-Llama-3-8B_sllm-condense_2 replica 09305228-6cb2-4290-8288-102cd6bcaf98 success
INFO 07-24 07:15:10 server.py:188] Confirm GPU group 87 for meta-llama/Meta-Llama-3-8B_sllm-condense_2 replica 09305228-6cb2-4290-8288-102cd6bcaf98 success
INFO 07-24 07:15:10 server.py:188] Confirm GPU group 88 for meta-llama/Meta-Llama-3-8B_sllm-condense_2 replica 09305228-6cb2-4290-8288-102cd6bcaf98 success
INFO 07-24 07:15:10 server.py:188] Confirm GPU group 89 for meta-llama/Meta-Llama-3-8B_sllm-condense_2 replica 09305228-6cb2-4290-8288-102cd6bcaf98 success
INFO 07-24 07:15:10 server.py:188] Confirm GPU group 90 for meta-llama/Meta-Llama-3-8B_sllm-condense_2 replica 09305228-6cb2-4290-8288-102cd6bcaf98 success
INFO 07-24 07:15:10 server.py:188] Confirm GPU group 91 for meta-llama/Meta-Llama-3-8B_sllm-condense_2 replica 09305228-6cb2-4290-8288-102cd6bcaf98 success
INFO 07-24 07:15:10 server.py:188] Confirm GPU group 92 for meta-llama/Meta-Llama-3-8B_sllm-condense_2 replica 09305228-6cb2-4290-8288-102cd6bcaf98 success
INFO 07-24 07:15:10 server.py:188] Confirm GPU group 93 for meta-llama/Meta-Llama-3-8B_sllm-condense_2 replica 09305228-6cb2-4290-8288-102cd6bcaf98 success
INFO 07-24 07:15:10 server.py:188] Confirm GPU group 94 for meta-llama/Meta-Llama-3-8B_sllm-condense_2 replica 09305228-6cb2-4290-8288-102cd6bcaf98 success
INFO 07-24 07:15:10 server.py:188] Confirm GPU group 95 for meta-llama/Meta-Llama-3-8B_sllm-condense_2 replica 09305228-6cb2-4290-8288-102cd6bcaf98 success
INFO 07-24 07:15:10 server.py:188] Confirm GPU group 96 for meta-llama/Meta-Llama-3-8B_sllm-condense_2 replica 09305228-6cb2-4290-8288-102cd6bcaf98 success
INFO 07-24 07:15:10 server.py:188] Confirm GPU group 97 for meta-llama/Meta-Llama-3-8B_sllm-condense_2 replica 09305228-6cb2-4290-8288-102cd6bcaf98 success
INFO 07-24 07:15:10 server.py:188] Confirm GPU group 98 for meta-llama/Meta-Llama-3-8B_sllm-condense_2 replica 09305228-6cb2-4290-8288-102cd6bcaf98 success
INFO 07-24 07:15:10 server.py:188] Confirm GPU group 99 for meta-llama/Meta-Llama-3-8B_sllm-condense_2 replica 09305228-6cb2-4290-8288-102cd6bcaf98 success
INFO 07-24 07:15:10 server.py:188] Confirm GPU group 100 for meta-llama/Meta-Llama-3-8B_sllm-condense_2 replica 09305228-6cb2-4290-8288-102cd6bcaf98 success
INFO 07-24 07:15:10 server.py:188] Confirm GPU group 101 for meta-llama/Meta-Llama-3-8B_sllm-condense_2 replica 09305228-6cb2-4290-8288-102cd6bcaf98 success
INFO 07-24 07:15:10 server.py:188] Confirm GPU group 102 for meta-llama/Meta-Llama-3-8B_sllm-condense_2 replica 09305228-6cb2-4290-8288-102cd6bcaf98 success
INFO 07-24 07:15:10 server.py:188] Confirm GPU group 103 for meta-llama/Meta-Llama-3-8B_sllm-condense_2 replica 09305228-6cb2-4290-8288-102cd6bcaf98 success
INFO 07-24 07:15:10 server.py:188] Confirm GPU group 104 for meta-llama/Meta-Llama-3-8B_sllm-condense_2 replica 09305228-6cb2-4290-8288-102cd6bcaf98 success
INFO 07-24 07:15:10 server.py:188] Confirm GPU group 105 for meta-llama/Meta-Llama-3-8B_sllm-condense_2 replica 09305228-6cb2-4290-8288-102cd6bcaf98 success
INFO 07-24 07:15:10 server.py:188] Confirm GPU group 106 for meta-llama/Meta-Llama-3-8B_sllm-condense_2 replica 09305228-6cb2-4290-8288-102cd6bcaf98 success
INFO 07-24 07:15:10 server.py:188] Confirm GPU group 107 for meta-llama/Meta-Llama-3-8B_sllm-condense_2 replica 09305228-6cb2-4290-8288-102cd6bcaf98 success
INFO 07-24 07:15:10 server.py:188] Confirm GPU group 108 for meta-llama/Meta-Llama-3-8B_sllm-condense_2 replica 09305228-6cb2-4290-8288-102cd6bcaf98 success
INFO 07-24 07:15:10 server.py:188] Confirm GPU group 109 for meta-llama/Meta-Llama-3-8B_sllm-condense_2 replica 09305228-6cb2-4290-8288-102cd6bcaf98 success
INFO 07-24 07:15:10 server.py:188] Confirm GPU group 110 for meta-llama/Meta-Llama-3-8B_sllm-condense_2 replica 09305228-6cb2-4290-8288-102cd6bcaf98 success
INFO 07-24 07:15:11 server.py:188] Confirm GPU group 111 for meta-llama/Meta-Llama-3-8B_sllm-condense_2 replica 09305228-6cb2-4290-8288-102cd6bcaf98 success
INFO 07-24 07:15:11 server.py:188] Confirm GPU group 112 for meta-llama/Meta-Llama-3-8B_sllm-condense_2 replica 09305228-6cb2-4290-8288-102cd6bcaf98 success
INFO 07-24 07:15:11 server.py:188] Confirm GPU group 113 for meta-llama/Meta-Llama-3-8B_sllm-condense_2 replica 09305228-6cb2-4290-8288-102cd6bcaf98 success
INFO 07-24 07:15:11 server.py:188] Confirm GPU group 114 for meta-llama/Meta-Llama-3-8B_sllm-condense_2 replica 09305228-6cb2-4290-8288-102cd6bcaf98 success
INFO 07-24 07:15:11 server.py:188] Confirm GPU group 115 for meta-llama/Meta-Llama-3-8B_sllm-condense_2 replica 09305228-6cb2-4290-8288-102cd6bcaf98 success
INFO 07-24 07:15:11 server.py:188] Confirm GPU group 116 for meta-llama/Meta-Llama-3-8B_sllm-condense_2 replica 09305228-6cb2-4290-8288-102cd6bcaf98 success
INFO 07-24 07:15:11 server.py:188] Confirm GPU group 117 for meta-llama/Meta-Llama-3-8B_sllm-condense_2 replica 09305228-6cb2-4290-8288-102cd6bcaf98 success
INFO 07-24 07:15:11 server.py:188] Confirm GPU group 118 for meta-llama/Meta-Llama-3-8B_sllm-condense_2 replica 09305228-6cb2-4290-8288-102cd6bcaf98 success
INFO 07-24 07:15:11 server.py:188] Confirm GPU group 119 for meta-llama/Meta-Llama-3-8B_sllm-condense_2 replica 09305228-6cb2-4290-8288-102cd6bcaf98 success
INFO 07-24 07:15:11 server.py:188] Confirm GPU group 120 for meta-llama/Meta-Llama-3-8B_sllm-condense_2 replica 09305228-6cb2-4290-8288-102cd6bcaf98 success
INFO 07-24 07:15:11 server.py:188] Confirm GPU group 121 for meta-llama/Meta-Llama-3-8B_sllm-condense_2 replica 09305228-6cb2-4290-8288-102cd6bcaf98 success
INFO 07-24 07:15:11 server.py:188] Confirm GPU group 122 for meta-llama/Meta-Llama-3-8B_sllm-condense_2 replica 09305228-6cb2-4290-8288-102cd6bcaf98 success
INFO 07-24 07:15:11 server.py:188] Confirm GPU group 123 for meta-llama/Meta-Llama-3-8B_sllm-condense_2 replica 09305228-6cb2-4290-8288-102cd6bcaf98 success
INFO 07-24 07:15:11 server.py:188] Confirm GPU group 124 for meta-llama/Meta-Llama-3-8B_sllm-condense_2 replica 09305228-6cb2-4290-8288-102cd6bcaf98 success
INFO 07-24 07:15:11 server.py:188] Confirm GPU group 125 for meta-llama/Meta-Llama-3-8B_sllm-condense_2 replica 09305228-6cb2-4290-8288-102cd6bcaf98 success
INFO 07-24 07:15:11 server.py:188] Confirm GPU group 126 for meta-llama/Meta-Llama-3-8B_sllm-condense_2 replica 09305228-6cb2-4290-8288-102cd6bcaf98 success
INFO 07-24 07:15:11 server.py:188] Confirm GPU group 127 for meta-llama/Meta-Llama-3-8B_sllm-condense_2 replica 09305228-6cb2-4290-8288-102cd6bcaf98 success
INFO 07-24 07:15:11 server.py:188] Confirm GPU group 128 for meta-llama/Meta-Llama-3-8B_sllm-condense_2 replica 09305228-6cb2-4290-8288-102cd6bcaf98 success
INFO 07-24 07:15:11 server.py:188] Confirm GPU group 129 for meta-llama/Meta-Llama-3-8B_sllm-condense_2 replica 09305228-6cb2-4290-8288-102cd6bcaf98 success
INFO 07-24 07:15:11 server.py:188] Confirm GPU group 130 for meta-llama/Meta-Llama-3-8B_sllm-condense_2 replica 09305228-6cb2-4290-8288-102cd6bcaf98 success
INFO 07-24 07:15:11 server.py:188] Confirm GPU group 131 for meta-llama/Meta-Llama-3-8B_sllm-condense_2 replica 09305228-6cb2-4290-8288-102cd6bcaf98 success
INFO 07-24 07:15:11 server.py:188] Confirm GPU group 132 for meta-llama/Meta-Llama-3-8B_sllm-condense_2 replica 09305228-6cb2-4290-8288-102cd6bcaf98 success
INFO 07-24 07:15:11 server.py:188] Confirm GPU group 133 for meta-llama/Meta-Llama-3-8B_sllm-condense_2 replica 09305228-6cb2-4290-8288-102cd6bcaf98 success
INFO 07-24 07:15:11 server.py:188] Confirm GPU group 134 for meta-llama/Meta-Llama-3-8B_sllm-condense_2 replica 09305228-6cb2-4290-8288-102cd6bcaf98 success
INFO 07-24 07:15:11 server.py:188] Confirm GPU group 135 for meta-llama/Meta-Llama-3-8B_sllm-condense_2 replica 09305228-6cb2-4290-8288-102cd6bcaf98 success
INFO 07-24 07:15:11 server.py:188] Confirm GPU group 136 for meta-llama/Meta-Llama-3-8B_sllm-condense_2 replica 09305228-6cb2-4290-8288-102cd6bcaf98 success
INFO 07-24 07:15:11 server.py:188] Confirm GPU group 137 for meta-llama/Meta-Llama-3-8B_sllm-condense_2 replica 09305228-6cb2-4290-8288-102cd6bcaf98 success
INFO 07-24 07:15:11 server.py:188] Confirm GPU group 138 for meta-llama/Meta-Llama-3-8B_sllm-condense_2 replica 09305228-6cb2-4290-8288-102cd6bcaf98 success
INFO 07-24 07:15:12 server.py:188] Confirm GPU group 139 for meta-llama/Meta-Llama-3-8B_sllm-condense_2 replica 09305228-6cb2-4290-8288-102cd6bcaf98 success
INFO 07-24 07:15:12 server.py:188] Confirm GPU group 140 for meta-llama/Meta-Llama-3-8B_sllm-condense_2 replica 09305228-6cb2-4290-8288-102cd6bcaf98 success
INFO 07-24 07:15:12 server.py:188] Confirm GPU group 141 for meta-llama/Meta-Llama-3-8B_sllm-condense_2 replica 09305228-6cb2-4290-8288-102cd6bcaf98 success
INFO 07-24 07:15:12 server.py:188] Confirm GPU group 142 for meta-llama/Meta-Llama-3-8B_sllm-condense_2 replica 09305228-6cb2-4290-8288-102cd6bcaf98 success
INFO 07-24 07:15:12 server.py:188] Confirm GPU group 143 for meta-llama/Meta-Llama-3-8B_sllm-condense_2 replica 09305228-6cb2-4290-8288-102cd6bcaf98 success
INFO 07-24 07:15:12 server.py:188] Confirm GPU group 144 for meta-llama/Meta-Llama-3-8B_sllm-condense_2 replica 09305228-6cb2-4290-8288-102cd6bcaf98 success
INFO 07-24 07:15:12 server.py:188] Confirm GPU group 145 for meta-llama/Meta-Llama-3-8B_sllm-condense_2 replica 09305228-6cb2-4290-8288-102cd6bcaf98 success
INFO 07-24 07:15:12 server.py:188] Confirm GPU group 146 for meta-llama/Meta-Llama-3-8B_sllm-condense_2 replica 09305228-6cb2-4290-8288-102cd6bcaf98 success
INFO 07-24 07:15:12 server.py:188] Confirm GPU group 147 for meta-llama/Meta-Llama-3-8B_sllm-condense_2 replica 09305228-6cb2-4290-8288-102cd6bcaf98 success
INFO 07-24 07:15:12 server.py:188] Confirm GPU group 148 for meta-llama/Meta-Llama-3-8B_sllm-condense_2 replica 09305228-6cb2-4290-8288-102cd6bcaf98 success
INFO 07-24 07:15:12 server.py:188] Confirm GPU group 149 for meta-llama/Meta-Llama-3-8B_sllm-condense_2 replica 09305228-6cb2-4290-8288-102cd6bcaf98 success
INFO 07-24 07:15:12 server.py:188] Confirm GPU group 150 for meta-llama/Meta-Llama-3-8B_sllm-condense_2 replica 09305228-6cb2-4290-8288-102cd6bcaf98 success
INFO 07-24 07:15:12 server.py:188] Confirm GPU group 151 for meta-llama/Meta-Llama-3-8B_sllm-condense_2 replica 09305228-6cb2-4290-8288-102cd6bcaf98 success
INFO 07-24 07:15:12 server.py:188] Confirm GPU group 152 for meta-llama/Meta-Llama-3-8B_sllm-condense_2 replica 09305228-6cb2-4290-8288-102cd6bcaf98 success
INFO 07-24 07:15:12 server.py:188] Confirm GPU group 153 for meta-llama/Meta-Llama-3-8B_sllm-condense_2 replica 09305228-6cb2-4290-8288-102cd6bcaf98 success
INFO 07-24 07:15:12 server.py:188] Confirm GPU group 154 for meta-llama/Meta-Llama-3-8B_sllm-condense_2 replica 09305228-6cb2-4290-8288-102cd6bcaf98 success
INFO 07-24 07:15:12 server.py:188] Confirm GPU group 155 for meta-llama/Meta-Llama-3-8B_sllm-condense_2 replica 09305228-6cb2-4290-8288-102cd6bcaf98 success
INFO 07-24 07:15:12 server.py:188] Confirm GPU group 156 for meta-llama/Meta-Llama-3-8B_sllm-condense_2 replica 09305228-6cb2-4290-8288-102cd6bcaf98 success
INFO 07-24 07:15:12 server.py:188] Confirm GPU group 157 for meta-llama/Meta-Llama-3-8B_sllm-condense_2 replica 09305228-6cb2-4290-8288-102cd6bcaf98 success
INFO 07-24 07:15:12 server.py:188] Confirm GPU group 158 for meta-llama/Meta-Llama-3-8B_sllm-condense_2 replica 09305228-6cb2-4290-8288-102cd6bcaf98 success
INFO 07-24 07:15:12 server.py:188] Confirm GPU group 159 for meta-llama/Meta-Llama-3-8B_sllm-condense_2 replica 09305228-6cb2-4290-8288-102cd6bcaf98 success
INFO 07-24 07:15:12 server.py:188] Confirm GPU group 160 for meta-llama/Meta-Llama-3-8B_sllm-condense_2 replica 09305228-6cb2-4290-8288-102cd6bcaf98 success
INFO 07-24 07:15:12 server.py:188] Confirm GPU group 161 for meta-llama/Meta-Llama-3-8B_sllm-condense_2 replica 09305228-6cb2-4290-8288-102cd6bcaf98 success
INFO 07-24 07:15:12 server.py:188] Confirm GPU group 162 for meta-llama/Meta-Llama-3-8B_sllm-condense_2 replica 09305228-6cb2-4290-8288-102cd6bcaf98 success
INFO 07-24 07:15:12 server.py:188] Confirm GPU group 163 for meta-llama/Meta-Llama-3-8B_sllm-condense_2 replica 09305228-6cb2-4290-8288-102cd6bcaf98 success
INFO 07-24 07:15:12 server.py:188] Confirm GPU group 164 for meta-llama/Meta-Llama-3-8B_sllm-condense_2 replica 09305228-6cb2-4290-8288-102cd6bcaf98 success
INFO 07-24 07:15:12 server.py:188] Confirm GPU group 165 for meta-llama/Meta-Llama-3-8B_sllm-condense_2 replica 09305228-6cb2-4290-8288-102cd6bcaf98 success
INFO 07-24 07:15:12 server.py:188] Confirm GPU group 166 for meta-llama/Meta-Llama-3-8B_sllm-condense_2 replica 09305228-6cb2-4290-8288-102cd6bcaf98 success
INFO 07-24 07:15:12 server.py:188] Confirm GPU group 167 for meta-llama/Meta-Llama-3-8B_sllm-condense_2 replica 09305228-6cb2-4290-8288-102cd6bcaf98 success
INFO 07-24 07:15:12 server.py:188] Confirm GPU group 168 for meta-llama/Meta-Llama-3-8B_sllm-condense_2 replica 09305228-6cb2-4290-8288-102cd6bcaf98 success
INFO 07-24 07:15:12 server.py:188] Confirm GPU group 169 for meta-llama/Meta-Llama-3-8B_sllm-condense_2 replica 09305228-6cb2-4290-8288-102cd6bcaf98 success
INFO 07-24 07:15:12 server.py:188] Confirm GPU group 170 for meta-llama/Meta-Llama-3-8B_sllm-condense_2 replica 09305228-6cb2-4290-8288-102cd6bcaf98 success
INFO 07-24 07:15:12 server.py:188] Confirm GPU group 171 for meta-llama/Meta-Llama-3-8B_sllm-condense_2 replica 09305228-6cb2-4290-8288-102cd6bcaf98 success
INFO 07-24 07:15:12 server.py:188] Confirm GPU group 172 for meta-llama/Meta-Llama-3-8B_sllm-condense_2 replica 09305228-6cb2-4290-8288-102cd6bcaf98 success
INFO 07-24 07:15:12 server.py:188] Confirm GPU group 173 for meta-llama/Meta-Llama-3-8B_sllm-condense_2 replica 09305228-6cb2-4290-8288-102cd6bcaf98 success
INFO 07-24 07:15:12 server.py:188] Confirm GPU group 174 for meta-llama/Meta-Llama-3-8B_sllm-condense_2 replica 09305228-6cb2-4290-8288-102cd6bcaf98 success
INFO 07-24 07:15:12 server.py:188] Confirm GPU group 175 for meta-llama/Meta-Llama-3-8B_sllm-condense_2 replica 09305228-6cb2-4290-8288-102cd6bcaf98 success
INFO 07-24 07:15:12 server.py:188] Confirm GPU group 176 for meta-llama/Meta-Llama-3-8B_sllm-condense_2 replica 09305228-6cb2-4290-8288-102cd6bcaf98 success
INFO 07-24 07:15:12 server.py:188] Confirm GPU group 177 for meta-llama/Meta-Llama-3-8B_sllm-condense_2 replica 09305228-6cb2-4290-8288-102cd6bcaf98 success
INFO 07-24 07:15:12 server.py:188] Confirm GPU group 178 for meta-llama/Meta-Llama-3-8B_sllm-condense_2 replica 09305228-6cb2-4290-8288-102cd6bcaf98 success
INFO 07-24 07:15:12 server.py:188] Confirm GPU group 179 for meta-llama/Meta-Llama-3-8B_sllm-condense_2 replica 09305228-6cb2-4290-8288-102cd6bcaf98 success
INFO 07-24 07:15:12 server.py:188] Confirm GPU group 180 for meta-llama/Meta-Llama-3-8B_sllm-condense_2 replica 09305228-6cb2-4290-8288-102cd6bcaf98 success
INFO 07-24 07:15:12 server.py:188] Confirm GPU group 181 for meta-llama/Meta-Llama-3-8B_sllm-condense_2 replica 09305228-6cb2-4290-8288-102cd6bcaf98 success
INFO 07-24 07:15:12 server.py:188] Confirm GPU group 182 for meta-llama/Meta-Llama-3-8B_sllm-condense_2 replica 09305228-6cb2-4290-8288-102cd6bcaf98 success
INFO 07-24 07:15:12 server.py:188] Confirm GPU group 183 for meta-llama/Meta-Llama-3-8B_sllm-condense_2 replica 09305228-6cb2-4290-8288-102cd6bcaf98 success
INFO 07-24 07:15:13 server.py:188] Confirm GPU group 184 for meta-llama/Meta-Llama-3-8B_sllm-condense_2 replica 09305228-6cb2-4290-8288-102cd6bcaf98 success
INFO 07-24 07:15:13 server.py:188] Confirm GPU group 185 for meta-llama/Meta-Llama-3-8B_sllm-condense_2 replica 09305228-6cb2-4290-8288-102cd6bcaf98 success
INFO 07-24 07:15:13 server.py:188] Confirm GPU group 186 for meta-llama/Meta-Llama-3-8B_sllm-condense_2 replica 09305228-6cb2-4290-8288-102cd6bcaf98 success
INFO 07-24 07:15:13 server.py:188] Confirm GPU group 187 for meta-llama/Meta-Llama-3-8B_sllm-condense_2 replica 09305228-6cb2-4290-8288-102cd6bcaf98 success
INFO 07-24 07:15:13 server.py:188] Confirm GPU group 188 for meta-llama/Meta-Llama-3-8B_sllm-condense_2 replica 09305228-6cb2-4290-8288-102cd6bcaf98 success
INFO 07-24 07:15:13 server.py:188] Confirm GPU group 189 for meta-llama/Meta-Llama-3-8B_sllm-condense_2 replica 09305228-6cb2-4290-8288-102cd6bcaf98 success
INFO 07-24 07:15:13 server.py:188] Confirm GPU group 190 for meta-llama/Meta-Llama-3-8B_sllm-condense_2 replica 09305228-6cb2-4290-8288-102cd6bcaf98 success
INFO 07-24 07:15:13 server.py:188] Confirm GPU group 191 for meta-llama/Meta-Llama-3-8B_sllm-condense_2 replica 09305228-6cb2-4290-8288-102cd6bcaf98 success
INFO 07-24 07:15:13 server.py:188] Confirm GPU group 192 for meta-llama/Meta-Llama-3-8B_sllm-condense_2 replica 09305228-6cb2-4290-8288-102cd6bcaf98 success
INFO 07-24 07:15:13 server.py:188] Confirm GPU group 193 for meta-llama/Meta-Llama-3-8B_sllm-condense_2 replica 09305228-6cb2-4290-8288-102cd6bcaf98 success
INFO 07-24 07:15:13 server.py:188] Confirm GPU group 194 for meta-llama/Meta-Llama-3-8B_sllm-condense_2 replica 09305228-6cb2-4290-8288-102cd6bcaf98 success
INFO 07-24 07:15:13 server.py:188] Confirm GPU group 195 for meta-llama/Meta-Llama-3-8B_sllm-condense_2 replica 09305228-6cb2-4290-8288-102cd6bcaf98 success
INFO 07-24 07:15:13 server.py:188] Confirm GPU group 196 for meta-llama/Meta-Llama-3-8B_sllm-condense_2 replica 09305228-6cb2-4290-8288-102cd6bcaf98 success
INFO 07-24 07:15:13 server.py:188] Confirm GPU group 197 for meta-llama/Meta-Llama-3-8B_sllm-condense_2 replica 09305228-6cb2-4290-8288-102cd6bcaf98 success
INFO 07-24 07:15:13 server.py:188] Confirm GPU group 198 for meta-llama/Meta-Llama-3-8B_sllm-condense_2 replica 09305228-6cb2-4290-8288-102cd6bcaf98 success
INFO 07-24 07:15:13 server.py:188] Confirm GPU group 199 for meta-llama/Meta-Llama-3-8B_sllm-condense_2 replica 09305228-6cb2-4290-8288-102cd6bcaf98 success
INFO 07-24 07:15:13 server.py:188] Confirm GPU group 200 for meta-llama/Meta-Llama-3-8B_sllm-condense_2 replica 09305228-6cb2-4290-8288-102cd6bcaf98 success
INFO 07-24 07:15:13 server.py:188] Confirm GPU group 201 for meta-llama/Meta-Llama-3-8B_sllm-condense_2 replica 09305228-6cb2-4290-8288-102cd6bcaf98 success
INFO 07-24 07:15:13 server.py:188] Confirm GPU group 202 for meta-llama/Meta-Llama-3-8B_sllm-condense_2 replica 09305228-6cb2-4290-8288-102cd6bcaf98 success
INFO 07-24 07:15:13 server.py:188] Confirm GPU group 203 for meta-llama/Meta-Llama-3-8B_sllm-condense_2 replica 09305228-6cb2-4290-8288-102cd6bcaf98 success
INFO 07-24 07:15:13 server.py:188] Confirm GPU group 204 for meta-llama/Meta-Llama-3-8B_sllm-condense_2 replica 09305228-6cb2-4290-8288-102cd6bcaf98 success
INFO 07-24 07:15:13 server.py:188] Confirm GPU group 205 for meta-llama/Meta-Llama-3-8B_sllm-condense_2 replica 09305228-6cb2-4290-8288-102cd6bcaf98 success
INFO 07-24 07:15:13 server.py:188] Confirm GPU group 206 for meta-llama/Meta-Llama-3-8B_sllm-condense_2 replica 09305228-6cb2-4290-8288-102cd6bcaf98 success
INFO 07-24 07:15:13 server.py:188] Confirm GPU group 207 for meta-llama/Meta-Llama-3-8B_sllm-condense_2 replica 09305228-6cb2-4290-8288-102cd6bcaf98 success
INFO 07-24 07:15:13 server.py:188] Confirm GPU group 208 for meta-llama/Meta-Llama-3-8B_sllm-condense_2 replica 09305228-6cb2-4290-8288-102cd6bcaf98 success
INFO 07-24 07:15:13 server.py:188] Confirm GPU group 209 for meta-llama/Meta-Llama-3-8B_sllm-condense_2 replica 09305228-6cb2-4290-8288-102cd6bcaf98 success
INFO 07-24 07:15:13 server.py:188] Confirm GPU group 210 for meta-llama/Meta-Llama-3-8B_sllm-condense_2 replica 09305228-6cb2-4290-8288-102cd6bcaf98 success
INFO 07-24 07:15:13 server.py:188] Confirm GPU group 211 for meta-llama/Meta-Llama-3-8B_sllm-condense_2 replica 09305228-6cb2-4290-8288-102cd6bcaf98 success
INFO 07-24 07:15:13 server.py:188] Confirm GPU group 212 for meta-llama/Meta-Llama-3-8B_sllm-condense_2 replica 09305228-6cb2-4290-8288-102cd6bcaf98 success
INFO 07-24 07:15:13 server.py:188] Confirm GPU group 213 for meta-llama/Meta-Llama-3-8B_sllm-condense_2 replica 09305228-6cb2-4290-8288-102cd6bcaf98 success
INFO 07-24 07:15:13 server.py:188] Confirm GPU group 214 for meta-llama/Meta-Llama-3-8B_sllm-condense_2 replica 09305228-6cb2-4290-8288-102cd6bcaf98 success
INFO 07-24 07:15:13 server.py:188] Confirm GPU group 215 for meta-llama/Meta-Llama-3-8B_sllm-condense_2 replica 09305228-6cb2-4290-8288-102cd6bcaf98 success
INFO 07-24 07:15:13 server.py:188] Confirm GPU group 216 for meta-llama/Meta-Llama-3-8B_sllm-condense_2 replica 09305228-6cb2-4290-8288-102cd6bcaf98 success
INFO 07-24 07:15:13 server.py:188] Confirm GPU group 217 for meta-llama/Meta-Llama-3-8B_sllm-condense_2 replica 09305228-6cb2-4290-8288-102cd6bcaf98 success
INFO 07-24 07:15:13 server.py:188] Confirm GPU group 218 for meta-llama/Meta-Llama-3-8B_sllm-condense_2 replica 09305228-6cb2-4290-8288-102cd6bcaf98 success
INFO 07-24 07:15:13 server.py:188] Confirm GPU group 219 for meta-llama/Meta-Llama-3-8B_sllm-condense_2 replica 09305228-6cb2-4290-8288-102cd6bcaf98 success
INFO 07-24 07:15:13 server.py:188] Confirm GPU group 220 for meta-llama/Meta-Llama-3-8B_sllm-condense_2 replica 09305228-6cb2-4290-8288-102cd6bcaf98 success
INFO 07-24 07:15:13 server.py:188] Confirm GPU group 221 for meta-llama/Meta-Llama-3-8B_sllm-condense_2 replica 09305228-6cb2-4290-8288-102cd6bcaf98 success
INFO 07-24 07:15:13 server.py:188] Confirm GPU group 222 for meta-llama/Meta-Llama-3-8B_sllm-condense_2 replica 09305228-6cb2-4290-8288-102cd6bcaf98 success
INFO 07-24 07:15:14 server.py:188] Confirm GPU group 223 for meta-llama/Meta-Llama-3-8B_sllm-condense_2 replica 09305228-6cb2-4290-8288-102cd6bcaf98 success
INFO 07-24 07:15:14 server.py:188] Confirm GPU group 224 for meta-llama/Meta-Llama-3-8B_sllm-condense_2 replica 09305228-6cb2-4290-8288-102cd6bcaf98 success
INFO 07-24 07:15:14 server.py:188] Confirm GPU group 225 for meta-llama/Meta-Llama-3-8B_sllm-condense_2 replica 09305228-6cb2-4290-8288-102cd6bcaf98 success
INFO 07-24 07:15:14 server.py:188] Confirm GPU group 226 for meta-llama/Meta-Llama-3-8B_sllm-condense_2 replica 09305228-6cb2-4290-8288-102cd6bcaf98 success
INFO 07-24 07:15:14 server.py:188] Confirm GPU group 227 for meta-llama/Meta-Llama-3-8B_sllm-condense_2 replica 09305228-6cb2-4290-8288-102cd6bcaf98 success
INFO 07-24 07:15:14 server.py:188] Confirm GPU group 228 for meta-llama/Meta-Llama-3-8B_sllm-condense_2 replica 09305228-6cb2-4290-8288-102cd6bcaf98 success
INFO 07-24 07:15:14 server.py:188] Confirm GPU group 229 for meta-llama/Meta-Llama-3-8B_sllm-condense_2 replica 09305228-6cb2-4290-8288-102cd6bcaf98 success
INFO 07-24 07:15:14 server.py:188] Confirm GPU group 230 for meta-llama/Meta-Llama-3-8B_sllm-condense_2 replica 09305228-6cb2-4290-8288-102cd6bcaf98 success
INFO 07-24 07:15:14 server.py:188] Confirm GPU group 231 for meta-llama/Meta-Llama-3-8B_sllm-condense_2 replica 09305228-6cb2-4290-8288-102cd6bcaf98 success
INFO 07-24 07:15:14 server.py:188] Confirm GPU group 232 for meta-llama/Meta-Llama-3-8B_sllm-condense_2 replica 09305228-6cb2-4290-8288-102cd6bcaf98 success
INFO 07-24 07:15:14 server.py:188] Confirm GPU group 233 for meta-llama/Meta-Llama-3-8B_sllm-condense_2 replica 09305228-6cb2-4290-8288-102cd6bcaf98 success
INFO 07-24 07:15:14 server.py:188] Confirm GPU group 234 for meta-llama/Meta-Llama-3-8B_sllm-condense_2 replica 09305228-6cb2-4290-8288-102cd6bcaf98 success
INFO 07-24 07:15:14 server.py:188] Confirm GPU group 235 for meta-llama/Meta-Llama-3-8B_sllm-condense_2 replica 09305228-6cb2-4290-8288-102cd6bcaf98 success
INFO 07-24 07:15:14 server.py:188] Confirm GPU group 236 for meta-llama/Meta-Llama-3-8B_sllm-condense_2 replica 09305228-6cb2-4290-8288-102cd6bcaf98 success
INFO 07-24 07:15:14 server.py:188] Confirm GPU group 237 for meta-llama/Meta-Llama-3-8B_sllm-condense_2 replica 09305228-6cb2-4290-8288-102cd6bcaf98 success
INFO 07-24 07:15:14 server.py:188] Confirm GPU group 238 for meta-llama/Meta-Llama-3-8B_sllm-condense_2 replica 09305228-6cb2-4290-8288-102cd6bcaf98 success
INFO 07-24 07:15:14 server.py:188] Confirm GPU group 239 for meta-llama/Meta-Llama-3-8B_sllm-condense_2 replica 09305228-6cb2-4290-8288-102cd6bcaf98 success
INFO 07-24 07:15:14 server.py:188] Confirm GPU group 240 for meta-llama/Meta-Llama-3-8B_sllm-condense_2 replica 09305228-6cb2-4290-8288-102cd6bcaf98 success
INFO 07-24 07:15:14 server.py:188] Confirm GPU group 241 for meta-llama/Meta-Llama-3-8B_sllm-condense_2 replica 09305228-6cb2-4290-8288-102cd6bcaf98 success
INFO 07-24 07:15:14 server.py:188] Confirm GPU group 242 for meta-llama/Meta-Llama-3-8B_sllm-condense_2 replica 09305228-6cb2-4290-8288-102cd6bcaf98 success
INFO 07-24 07:15:14 server.py:188] Confirm GPU group 243 for meta-llama/Meta-Llama-3-8B_sllm-condense_2 replica 09305228-6cb2-4290-8288-102cd6bcaf98 success
INFO 07-24 07:15:14 server.py:188] Confirm GPU group 244 for meta-llama/Meta-Llama-3-8B_sllm-condense_2 replica 09305228-6cb2-4290-8288-102cd6bcaf98 success
INFO 07-24 07:15:14 server.py:188] Confirm GPU group 245 for meta-llama/Meta-Llama-3-8B_sllm-condense_2 replica 09305228-6cb2-4290-8288-102cd6bcaf98 success
INFO 07-24 07:15:14 server.py:188] Confirm GPU group 246 for meta-llama/Meta-Llama-3-8B_sllm-condense_2 replica 09305228-6cb2-4290-8288-102cd6bcaf98 success
INFO 07-24 07:15:14 server.py:188] Confirm GPU group 247 for meta-llama/Meta-Llama-3-8B_sllm-condense_2 replica 09305228-6cb2-4290-8288-102cd6bcaf98 success
INFO 07-24 07:15:14 server.py:188] Confirm GPU group 248 for meta-llama/Meta-Llama-3-8B_sllm-condense_2 replica 09305228-6cb2-4290-8288-102cd6bcaf98 success
INFO 07-24 07:15:14 server.py:188] Confirm GPU group 249 for meta-llama/Meta-Llama-3-8B_sllm-condense_2 replica 09305228-6cb2-4290-8288-102cd6bcaf98 success
INFO 07-24 07:15:14 server.py:188] Confirm GPU group 250 for meta-llama/Meta-Llama-3-8B_sllm-condense_2 replica 09305228-6cb2-4290-8288-102cd6bcaf98 success
INFO 07-24 07:15:14 server.py:188] Confirm GPU group 251 for meta-llama/Meta-Llama-3-8B_sllm-condense_2 replica 09305228-6cb2-4290-8288-102cd6bcaf98 success
INFO 07-24 07:15:14 server.py:188] Confirm GPU group 252 for meta-llama/Meta-Llama-3-8B_sllm-condense_2 replica 09305228-6cb2-4290-8288-102cd6bcaf98 success
INFO 07-24 07:15:14 server.py:188] Confirm GPU group 253 for meta-llama/Meta-Llama-3-8B_sllm-condense_2 replica 09305228-6cb2-4290-8288-102cd6bcaf98 success
INFO 07-24 07:15:15 server.py:188] Confirm GPU group 254 for meta-llama/Meta-Llama-3-8B_sllm-condense_2 replica 09305228-6cb2-4290-8288-102cd6bcaf98 success
INFO 07-24 07:15:15 server.py:188] Confirm GPU group 255 for meta-llama/Meta-Llama-3-8B_sllm-condense_2 replica 09305228-6cb2-4290-8288-102cd6bcaf98 success
INFO 07-24 07:15:15 server.py:188] Confirm GPU group 256 for meta-llama/Meta-Llama-3-8B_sllm-condense_2 replica 09305228-6cb2-4290-8288-102cd6bcaf98 success
INFO 07-24 07:15:15 server.py:188] Confirm GPU group 257 for meta-llama/Meta-Llama-3-8B_sllm-condense_2 replica 09305228-6cb2-4290-8288-102cd6bcaf98 success
INFO 07-24 07:15:15 server.py:188] Confirm GPU group 258 for meta-llama/Meta-Llama-3-8B_sllm-condense_2 replica 09305228-6cb2-4290-8288-102cd6bcaf98 success
INFO 07-24 07:15:15 server.py:188] Confirm GPU group 259 for meta-llama/Meta-Llama-3-8B_sllm-condense_2 replica 09305228-6cb2-4290-8288-102cd6bcaf98 success
INFO 07-24 07:15:15 server.py:188] Confirm GPU group 260 for meta-llama/Meta-Llama-3-8B_sllm-condense_2 replica 09305228-6cb2-4290-8288-102cd6bcaf98 success
INFO 07-24 07:15:15 server.py:188] Confirm GPU group 261 for meta-llama/Meta-Llama-3-8B_sllm-condense_2 replica 09305228-6cb2-4290-8288-102cd6bcaf98 success
INFO 07-24 07:15:15 server.py:188] Confirm GPU group 262 for meta-llama/Meta-Llama-3-8B_sllm-condense_2 replica 09305228-6cb2-4290-8288-102cd6bcaf98 success
INFO 07-24 07:15:15 server.py:188] Confirm GPU group 263 for meta-llama/Meta-Llama-3-8B_sllm-condense_2 replica 09305228-6cb2-4290-8288-102cd6bcaf98 success
INFO 07-24 07:15:15 server.py:188] Confirm GPU group 264 for meta-llama/Meta-Llama-3-8B_sllm-condense_2 replica 09305228-6cb2-4290-8288-102cd6bcaf98 success
INFO 07-24 07:15:15 server.py:188] Confirm GPU group 265 for meta-llama/Meta-Llama-3-8B_sllm-condense_2 replica 09305228-6cb2-4290-8288-102cd6bcaf98 success
INFO 07-24 07:15:15 server.py:188] Confirm GPU group 266 for meta-llama/Meta-Llama-3-8B_sllm-condense_2 replica 09305228-6cb2-4290-8288-102cd6bcaf98 success
INFO 07-24 07:15:15 server.py:188] Confirm GPU group 267 for meta-llama/Meta-Llama-3-8B_sllm-condense_2 replica 09305228-6cb2-4290-8288-102cd6bcaf98 success
INFO 07-24 07:15:15 server.py:188] Confirm GPU group 268 for meta-llama/Meta-Llama-3-8B_sllm-condense_2 replica 09305228-6cb2-4290-8288-102cd6bcaf98 success
INFO 07-24 07:15:15 server.py:188] Confirm GPU group 269 for meta-llama/Meta-Llama-3-8B_sllm-condense_2 replica 09305228-6cb2-4290-8288-102cd6bcaf98 success
INFO 07-24 07:15:15 server.py:188] Confirm GPU group 270 for meta-llama/Meta-Llama-3-8B_sllm-condense_2 replica 09305228-6cb2-4290-8288-102cd6bcaf98 success
INFO 07-24 07:15:15 server.py:188] Confirm GPU group 271 for meta-llama/Meta-Llama-3-8B_sllm-condense_2 replica 09305228-6cb2-4290-8288-102cd6bcaf98 success
INFO 07-24 07:15:15 server.py:188] Confirm GPU group 272 for meta-llama/Meta-Llama-3-8B_sllm-condense_2 replica 09305228-6cb2-4290-8288-102cd6bcaf98 success
INFO 07-24 07:15:15 server.py:188] Confirm GPU group 273 for meta-llama/Meta-Llama-3-8B_sllm-condense_2 replica 09305228-6cb2-4290-8288-102cd6bcaf98 success
INFO 07-24 07:15:15 server.py:188] Confirm GPU group 274 for meta-llama/Meta-Llama-3-8B_sllm-condense_2 replica 09305228-6cb2-4290-8288-102cd6bcaf98 success
INFO 07-24 07:15:15 server.py:188] Confirm GPU group 275 for meta-llama/Meta-Llama-3-8B_sllm-condense_2 replica 09305228-6cb2-4290-8288-102cd6bcaf98 success
INFO 07-24 07:15:15 server.py:188] Confirm GPU group 276 for meta-llama/Meta-Llama-3-8B_sllm-condense_2 replica 09305228-6cb2-4290-8288-102cd6bcaf98 success
INFO 07-24 07:15:15 server.py:188] Confirm GPU group 277 for meta-llama/Meta-Llama-3-8B_sllm-condense_2 replica 09305228-6cb2-4290-8288-102cd6bcaf98 success
INFO 07-24 07:15:15 server.py:188] Confirm GPU group 278 for meta-llama/Meta-Llama-3-8B_sllm-condense_2 replica 09305228-6cb2-4290-8288-102cd6bcaf98 success
INFO 07-24 07:15:15 server.py:188] Confirm GPU group 279 for meta-llama/Meta-Llama-3-8B_sllm-condense_2 replica 09305228-6cb2-4290-8288-102cd6bcaf98 success
INFO 07-24 07:15:15 server.py:188] Confirm GPU group 280 for meta-llama/Meta-Llama-3-8B_sllm-condense_2 replica 09305228-6cb2-4290-8288-102cd6bcaf98 success
INFO 07-24 07:15:15 server.py:188] Confirm GPU group 281 for meta-llama/Meta-Llama-3-8B_sllm-condense_2 replica 09305228-6cb2-4290-8288-102cd6bcaf98 success
INFO 07-24 07:15:15 server.py:188] Confirm GPU group 282 for meta-llama/Meta-Llama-3-8B_sllm-condense_2 replica 09305228-6cb2-4290-8288-102cd6bcaf98 success
INFO 07-24 07:15:15 server.py:188] Confirm GPU group 283 for meta-llama/Meta-Llama-3-8B_sllm-condense_2 replica 09305228-6cb2-4290-8288-102cd6bcaf98 success
INFO 07-24 07:15:15 server.py:188] Confirm GPU group 284 for meta-llama/Meta-Llama-3-8B_sllm-condense_2 replica 09305228-6cb2-4290-8288-102cd6bcaf98 success
INFO 07-24 07:15:15 server.py:188] Confirm GPU group 285 for meta-llama/Meta-Llama-3-8B_sllm-condense_2 replica 09305228-6cb2-4290-8288-102cd6bcaf98 success
INFO 07-24 07:15:15 server.py:188] Confirm GPU group 286 for meta-llama/Meta-Llama-3-8B_sllm-condense_2 replica 09305228-6cb2-4290-8288-102cd6bcaf98 success
INFO 07-24 07:15:16 server.py:188] Confirm GPU group 287 for meta-llama/Meta-Llama-3-8B_sllm-condense_2 replica 09305228-6cb2-4290-8288-102cd6bcaf98 success
INFO 07-24 07:15:16 server.py:188] Confirm GPU group 288 for meta-llama/Meta-Llama-3-8B_sllm-condense_2 replica 09305228-6cb2-4290-8288-102cd6bcaf98 success
INFO 07-24 07:15:16 server.py:188] Confirm GPU group 289 for meta-llama/Meta-Llama-3-8B_sllm-condense_2 replica 09305228-6cb2-4290-8288-102cd6bcaf98 success
INFO 07-24 07:15:16 server.py:188] Confirm GPU group 290 for meta-llama/Meta-Llama-3-8B_sllm-condense_2 replica 09305228-6cb2-4290-8288-102cd6bcaf98 success
INFO 07-24 07:15:16 server.py:138] Confirm model meta-llama/Meta-Llama-3-8B_sllm-condense_2 replica 09305228-6cb2-4290-8288-102cd6bcaf98 success
I20260724 07:15:18.692814 2179186 model.cpp:53] Tensor file "/home/ben046/projects/SLLM/storage/meta-llama/Meta-Llama-3-8B_sllm-condense_1/tensor.data_1" does not exist
I20260724 07:15:18.692911 2179186 checkpoint_store.cpp:106] Model meta-llama/Meta-Llama-3-8B_sllm-condense_1 is registered
I20260724 07:15:18.693207 2187875 pinned_memory_pool.cpp:78] PinnedMemoryPool Allocate 423 buffers free buffers 1202 total buffers 2048
INFO 07-24 07:15:18 server.py:115] LoadModel: success meta-llama/Meta-Llama-3-8B_sllm-condense_1 with target 1
I20260724 07:15:18.695950 2187875 model.cpp:120] Loading model meta-llama/Meta-Llama-3-8B_sllm-condense_1 size 7080803840 to host
I20260724 07:15:18.695968 2187875 model.cpp:134] Loading model meta-llama/Meta-Llama-3-8B_sllm-condense_1 to host with 4 threads, 423 chunks, 16777216 chunk size, 106 chunks per thread
I20260724 07:15:18.696058 2187876 model.cpp:155] Thread 0 starting from partition 0 offset 0
I20260724 07:15:18.696125 2187877 model.cpp:155] Thread 1 starting from partition 0 offset 1778384896
I20260724 07:15:18.696154 2187878 model.cpp:155] Thread 2 starting from partition 0 offset 3556769792
I20260724 07:15:18.696203 2187879 model.cpp:155] Thread 3 starting from partition 0 offset 5335154688
I20260724 07:15:18.811826 2187880 checkpoint_store.cpp:209] Loading model meta-llama/Meta-Llama-3-8B_sllm-condense_1
INFO 07-24 07:15:18 server.py:115] LoadModel: success meta-llama/Meta-Llama-3-8B_sllm-condense_1 with target 2
I20260724 07:15:19.199803 2187875 model.cpp:250] Finished loading model meta-llama/Meta-Llama-3-8B_sllm-condense_1 from disk
I20260724 07:15:19.357524 2187880 model.cpp:269] Creating replica 62c8d349-54d6-4f83-b544-3ed901aef2aa
I20260724 07:15:19.357654 2187880 model.cpp:273] Creating queue for device 0
I20260724 07:15:19.357744 2187880 model.cpp:285] Created replica 62c8d349-54d6-4f83-b544-3ed901aef2aa
I20260724 07:15:19.357895 2187880 model.cpp:296] Dispatcher started for model meta-llama/Meta-Llama-3-8B_sllm-condense_1
I20260724 07:15:19.357968 2187880 model.cpp:363] Waiting for model meta-llama/Meta-Llama-3-8B_sllm-condense_1 num tasks 1 state 3
INFO 07-24 07:15:19 server.py:188] Confirm GPU group 0 for meta-llama/Meta-Llama-3-8B_sllm-condense_1 replica 62c8d349-54d6-4f83-b544-3ed901aef2aa success
INFO 07-24 07:15:19 server.py:188] Confirm GPU group 1 for meta-llama/Meta-Llama-3-8B_sllm-condense_1 replica 62c8d349-54d6-4f83-b544-3ed901aef2aa success
I20260724 07:15:19.500931 2187894 model.cpp:356] Finished loading tensor from memory to device 0
INFO 07-24 07:15:19 server.py:188] Confirm GPU group 2 for meta-llama/Meta-Llama-3-8B_sllm-condense_1 replica 62c8d349-54d6-4f83-b544-3ed901aef2aa success
INFO 07-24 07:15:19 server.py:188] Confirm GPU group 3 for meta-llama/Meta-Llama-3-8B_sllm-condense_1 replica 62c8d349-54d6-4f83-b544-3ed901aef2aa success
INFO 07-24 07:15:19 server.py:188] Confirm GPU group 4 for meta-llama/Meta-Llama-3-8B_sllm-condense_1 replica 62c8d349-54d6-4f83-b544-3ed901aef2aa success
INFO 07-24 07:15:19 server.py:188] Confirm GPU group 5 for meta-llama/Meta-Llama-3-8B_sllm-condense_1 replica 62c8d349-54d6-4f83-b544-3ed901aef2aa success
INFO 07-24 07:15:19 server.py:188] Confirm GPU group 6 for meta-llama/Meta-Llama-3-8B_sllm-condense_1 replica 62c8d349-54d6-4f83-b544-3ed901aef2aa success
INFO 07-24 07:15:19 server.py:188] Confirm GPU group 7 for meta-llama/Meta-Llama-3-8B_sllm-condense_1 replica 62c8d349-54d6-4f83-b544-3ed901aef2aa success
INFO 07-24 07:15:19 server.py:188] Confirm GPU group 8 for meta-llama/Meta-Llama-3-8B_sllm-condense_1 replica 62c8d349-54d6-4f83-b544-3ed901aef2aa success
INFO 07-24 07:15:19 server.py:188] Confirm GPU group 9 for meta-llama/Meta-Llama-3-8B_sllm-condense_1 replica 62c8d349-54d6-4f83-b544-3ed901aef2aa success
INFO 07-24 07:15:19 server.py:188] Confirm GPU group 10 for meta-llama/Meta-Llama-3-8B_sllm-condense_1 replica 62c8d349-54d6-4f83-b544-3ed901aef2aa success
INFO 07-24 07:15:19 server.py:188] Confirm GPU group 11 for meta-llama/Meta-Llama-3-8B_sllm-condense_1 replica 62c8d349-54d6-4f83-b544-3ed901aef2aa success
INFO 07-24 07:15:19 server.py:188] Confirm GPU group 12 for meta-llama/Meta-Llama-3-8B_sllm-condense_1 replica 62c8d349-54d6-4f83-b544-3ed901aef2aa success
INFO 07-24 07:15:19 server.py:188] Confirm GPU group 13 for meta-llama/Meta-Llama-3-8B_sllm-condense_1 replica 62c8d349-54d6-4f83-b544-3ed901aef2aa success
INFO 07-24 07:15:19 server.py:188] Confirm GPU group 14 for meta-llama/Meta-Llama-3-8B_sllm-condense_1 replica 62c8d349-54d6-4f83-b544-3ed901aef2aa success
INFO 07-24 07:15:19 server.py:188] Confirm GPU group 15 for meta-llama/Meta-Llama-3-8B_sllm-condense_1 replica 62c8d349-54d6-4f83-b544-3ed901aef2aa success
INFO 07-24 07:15:20 server.py:188] Confirm GPU group 16 for meta-llama/Meta-Llama-3-8B_sllm-condense_1 replica 62c8d349-54d6-4f83-b544-3ed901aef2aa success
INFO 07-24 07:15:20 server.py:188] Confirm GPU group 17 for meta-llama/Meta-Llama-3-8B_sllm-condense_1 replica 62c8d349-54d6-4f83-b544-3ed901aef2aa success
INFO 07-24 07:15:20 server.py:188] Confirm GPU group 18 for meta-llama/Meta-Llama-3-8B_sllm-condense_1 replica 62c8d349-54d6-4f83-b544-3ed901aef2aa success
INFO 07-24 07:15:20 server.py:188] Confirm GPU group 19 for meta-llama/Meta-Llama-3-8B_sllm-condense_1 replica 62c8d349-54d6-4f83-b544-3ed901aef2aa success
INFO 07-24 07:15:20 server.py:188] Confirm GPU group 20 for meta-llama/Meta-Llama-3-8B_sllm-condense_1 replica 62c8d349-54d6-4f83-b544-3ed901aef2aa success
INFO 07-24 07:15:20 server.py:188] Confirm GPU group 21 for meta-llama/Meta-Llama-3-8B_sllm-condense_1 replica 62c8d349-54d6-4f83-b544-3ed901aef2aa success
INFO 07-24 07:15:20 server.py:188] Confirm GPU group 22 for meta-llama/Meta-Llama-3-8B_sllm-condense_1 replica 62c8d349-54d6-4f83-b544-3ed901aef2aa success
INFO 07-24 07:15:20 server.py:188] Confirm GPU group 23 for meta-llama/Meta-Llama-3-8B_sllm-condense_1 replica 62c8d349-54d6-4f83-b544-3ed901aef2aa success
INFO 07-24 07:15:20 server.py:188] Confirm GPU group 24 for meta-llama/Meta-Llama-3-8B_sllm-condense_1 replica 62c8d349-54d6-4f83-b544-3ed901aef2aa success
INFO 07-24 07:15:20 server.py:188] Confirm GPU group 25 for meta-llama/Meta-Llama-3-8B_sllm-condense_1 replica 62c8d349-54d6-4f83-b544-3ed901aef2aa success
INFO 07-24 07:15:20 server.py:188] Confirm GPU group 26 for meta-llama/Meta-Llama-3-8B_sllm-condense_1 replica 62c8d349-54d6-4f83-b544-3ed901aef2aa success
INFO 07-24 07:15:20 server.py:188] Confirm GPU group 27 for meta-llama/Meta-Llama-3-8B_sllm-condense_1 replica 62c8d349-54d6-4f83-b544-3ed901aef2aa success
INFO 07-24 07:15:20 server.py:188] Confirm GPU group 28 for meta-llama/Meta-Llama-3-8B_sllm-condense_1 replica 62c8d349-54d6-4f83-b544-3ed901aef2aa success
INFO 07-24 07:15:20 server.py:188] Confirm GPU group 29 for meta-llama/Meta-Llama-3-8B_sllm-condense_1 replica 62c8d349-54d6-4f83-b544-3ed901aef2aa success
INFO 07-24 07:15:20 server.py:188] Confirm GPU group 30 for meta-llama/Meta-Llama-3-8B_sllm-condense_1 replica 62c8d349-54d6-4f83-b544-3ed901aef2aa success
INFO 07-24 07:15:20 server.py:188] Confirm GPU group 31 for meta-llama/Meta-Llama-3-8B_sllm-condense_1 replica 62c8d349-54d6-4f83-b544-3ed901aef2aa success
INFO 07-24 07:15:20 server.py:188] Confirm GPU group 32 for meta-llama/Meta-Llama-3-8B_sllm-condense_1 replica 62c8d349-54d6-4f83-b544-3ed901aef2aa success
INFO 07-24 07:15:20 server.py:188] Confirm GPU group 33 for meta-llama/Meta-Llama-3-8B_sllm-condense_1 replica 62c8d349-54d6-4f83-b544-3ed901aef2aa success
INFO 07-24 07:15:20 server.py:188] Confirm GPU group 34 for meta-llama/Meta-Llama-3-8B_sllm-condense_1 replica 62c8d349-54d6-4f83-b544-3ed901aef2aa success
INFO 07-24 07:15:20 server.py:188] Confirm GPU group 35 for meta-llama/Meta-Llama-3-8B_sllm-condense_1 replica 62c8d349-54d6-4f83-b544-3ed901aef2aa success
INFO 07-24 07:15:20 server.py:188] Confirm GPU group 36 for meta-llama/Meta-Llama-3-8B_sllm-condense_1 replica 62c8d349-54d6-4f83-b544-3ed901aef2aa success
INFO 07-24 07:15:20 server.py:188] Confirm GPU group 37 for meta-llama/Meta-Llama-3-8B_sllm-condense_1 replica 62c8d349-54d6-4f83-b544-3ed901aef2aa success
INFO 07-24 07:15:20 server.py:188] Confirm GPU group 38 for meta-llama/Meta-Llama-3-8B_sllm-condense_1 replica 62c8d349-54d6-4f83-b544-3ed901aef2aa success
INFO 07-24 07:15:20 server.py:188] Confirm GPU group 39 for meta-llama/Meta-Llama-3-8B_sllm-condense_1 replica 62c8d349-54d6-4f83-b544-3ed901aef2aa success
INFO 07-24 07:15:20 server.py:188] Confirm GPU group 40 for meta-llama/Meta-Llama-3-8B_sllm-condense_1 replica 62c8d349-54d6-4f83-b544-3ed901aef2aa success
INFO 07-24 07:15:20 server.py:188] Confirm GPU group 41 for meta-llama/Meta-Llama-3-8B_sllm-condense_1 replica 62c8d349-54d6-4f83-b544-3ed901aef2aa success
INFO 07-24 07:15:20 server.py:188] Confirm GPU group 42 for meta-llama/Meta-Llama-3-8B_sllm-condense_1 replica 62c8d349-54d6-4f83-b544-3ed901aef2aa success
INFO 07-24 07:15:20 server.py:188] Confirm GPU group 43 for meta-llama/Meta-Llama-3-8B_sllm-condense_1 replica 62c8d349-54d6-4f83-b544-3ed901aef2aa success
INFO 07-24 07:15:20 server.py:188] Confirm GPU group 44 for meta-llama/Meta-Llama-3-8B_sllm-condense_1 replica 62c8d349-54d6-4f83-b544-3ed901aef2aa success
INFO 07-24 07:15:20 server.py:188] Confirm GPU group 45 for meta-llama/Meta-Llama-3-8B_sllm-condense_1 replica 62c8d349-54d6-4f83-b544-3ed901aef2aa success
INFO 07-24 07:15:20 server.py:188] Confirm GPU group 46 for meta-llama/Meta-Llama-3-8B_sllm-condense_1 replica 62c8d349-54d6-4f83-b544-3ed901aef2aa success
INFO 07-24 07:15:20 server.py:188] Confirm GPU group 47 for meta-llama/Meta-Llama-3-8B_sllm-condense_1 replica 62c8d349-54d6-4f83-b544-3ed901aef2aa success
INFO 07-24 07:15:20 server.py:188] Confirm GPU group 48 for meta-llama/Meta-Llama-3-8B_sllm-condense_1 replica 62c8d349-54d6-4f83-b544-3ed901aef2aa success
INFO 07-24 07:15:20 server.py:188] Confirm GPU group 49 for meta-llama/Meta-Llama-3-8B_sllm-condense_1 replica 62c8d349-54d6-4f83-b544-3ed901aef2aa success
INFO 07-24 07:15:21 server.py:188] Confirm GPU group 50 for meta-llama/Meta-Llama-3-8B_sllm-condense_1 replica 62c8d349-54d6-4f83-b544-3ed901aef2aa success
INFO 07-24 07:15:21 server.py:188] Confirm GPU group 51 for meta-llama/Meta-Llama-3-8B_sllm-condense_1 replica 62c8d349-54d6-4f83-b544-3ed901aef2aa success
INFO 07-24 07:15:21 server.py:188] Confirm GPU group 52 for meta-llama/Meta-Llama-3-8B_sllm-condense_1 replica 62c8d349-54d6-4f83-b544-3ed901aef2aa success
INFO 07-24 07:15:21 server.py:188] Confirm GPU group 53 for meta-llama/Meta-Llama-3-8B_sllm-condense_1 replica 62c8d349-54d6-4f83-b544-3ed901aef2aa success
INFO 07-24 07:15:21 server.py:188] Confirm GPU group 54 for meta-llama/Meta-Llama-3-8B_sllm-condense_1 replica 62c8d349-54d6-4f83-b544-3ed901aef2aa success
INFO 07-24 07:15:21 server.py:188] Confirm GPU group 55 for meta-llama/Meta-Llama-3-8B_sllm-condense_1 replica 62c8d349-54d6-4f83-b544-3ed901aef2aa success
INFO 07-24 07:15:21 server.py:188] Confirm GPU group 56 for meta-llama/Meta-Llama-3-8B_sllm-condense_1 replica 62c8d349-54d6-4f83-b544-3ed901aef2aa success
INFO 07-24 07:15:21 server.py:188] Confirm GPU group 57 for meta-llama/Meta-Llama-3-8B_sllm-condense_1 replica 62c8d349-54d6-4f83-b544-3ed901aef2aa success
INFO 07-24 07:15:21 server.py:188] Confirm GPU group 58 for meta-llama/Meta-Llama-3-8B_sllm-condense_1 replica 62c8d349-54d6-4f83-b544-3ed901aef2aa success
INFO 07-24 07:15:21 server.py:188] Confirm GPU group 59 for meta-llama/Meta-Llama-3-8B_sllm-condense_1 replica 62c8d349-54d6-4f83-b544-3ed901aef2aa success
INFO 07-24 07:15:21 server.py:188] Confirm GPU group 60 for meta-llama/Meta-Llama-3-8B_sllm-condense_1 replica 62c8d349-54d6-4f83-b544-3ed901aef2aa success
INFO 07-24 07:15:21 server.py:188] Confirm GPU group 61 for meta-llama/Meta-Llama-3-8B_sllm-condense_1 replica 62c8d349-54d6-4f83-b544-3ed901aef2aa success
INFO 07-24 07:15:21 server.py:188] Confirm GPU group 62 for meta-llama/Meta-Llama-3-8B_sllm-condense_1 replica 62c8d349-54d6-4f83-b544-3ed901aef2aa success
INFO 07-24 07:15:21 server.py:188] Confirm GPU group 63 for meta-llama/Meta-Llama-3-8B_sllm-condense_1 replica 62c8d349-54d6-4f83-b544-3ed901aef2aa success
INFO 07-24 07:15:21 server.py:188] Confirm GPU group 64 for meta-llama/Meta-Llama-3-8B_sllm-condense_1 replica 62c8d349-54d6-4f83-b544-3ed901aef2aa success
INFO 07-24 07:15:21 server.py:188] Confirm GPU group 65 for meta-llama/Meta-Llama-3-8B_sllm-condense_1 replica 62c8d349-54d6-4f83-b544-3ed901aef2aa success
INFO 07-24 07:15:21 server.py:188] Confirm GPU group 66 for meta-llama/Meta-Llama-3-8B_sllm-condense_1 replica 62c8d349-54d6-4f83-b544-3ed901aef2aa success
INFO 07-24 07:15:21 server.py:188] Confirm GPU group 67 for meta-llama/Meta-Llama-3-8B_sllm-condense_1 replica 62c8d349-54d6-4f83-b544-3ed901aef2aa success
INFO 07-24 07:15:21 server.py:188] Confirm GPU group 68 for meta-llama/Meta-Llama-3-8B_sllm-condense_1 replica 62c8d349-54d6-4f83-b544-3ed901aef2aa success
INFO 07-24 07:15:21 server.py:188] Confirm GPU group 69 for meta-llama/Meta-Llama-3-8B_sllm-condense_1 replica 62c8d349-54d6-4f83-b544-3ed901aef2aa success
INFO 07-24 07:15:21 server.py:188] Confirm GPU group 70 for meta-llama/Meta-Llama-3-8B_sllm-condense_1 replica 62c8d349-54d6-4f83-b544-3ed901aef2aa success
INFO 07-24 07:15:21 server.py:188] Confirm GPU group 71 for meta-llama/Meta-Llama-3-8B_sllm-condense_1 replica 62c8d349-54d6-4f83-b544-3ed901aef2aa success
INFO 07-24 07:15:21 server.py:188] Confirm GPU group 72 for meta-llama/Meta-Llama-3-8B_sllm-condense_1 replica 62c8d349-54d6-4f83-b544-3ed901aef2aa success
INFO 07-24 07:15:21 server.py:188] Confirm GPU group 73 for meta-llama/Meta-Llama-3-8B_sllm-condense_1 replica 62c8d349-54d6-4f83-b544-3ed901aef2aa success
INFO 07-24 07:15:21 server.py:188] Confirm GPU group 74 for meta-llama/Meta-Llama-3-8B_sllm-condense_1 replica 62c8d349-54d6-4f83-b544-3ed901aef2aa success
INFO 07-24 07:15:21 server.py:188] Confirm GPU group 75 for meta-llama/Meta-Llama-3-8B_sllm-condense_1 replica 62c8d349-54d6-4f83-b544-3ed901aef2aa success
INFO 07-24 07:15:21 server.py:188] Confirm GPU group 76 for meta-llama/Meta-Llama-3-8B_sllm-condense_1 replica 62c8d349-54d6-4f83-b544-3ed901aef2aa success
INFO 07-24 07:15:21 server.py:188] Confirm GPU group 77 for meta-llama/Meta-Llama-3-8B_sllm-condense_1 replica 62c8d349-54d6-4f83-b544-3ed901aef2aa success
INFO 07-24 07:15:21 server.py:188] Confirm GPU group 78 for meta-llama/Meta-Llama-3-8B_sllm-condense_1 replica 62c8d349-54d6-4f83-b544-3ed901aef2aa success
INFO 07-24 07:15:21 server.py:188] Confirm GPU group 79 for meta-llama/Meta-Llama-3-8B_sllm-condense_1 replica 62c8d349-54d6-4f83-b544-3ed901aef2aa success
INFO 07-24 07:15:21 server.py:188] Confirm GPU group 80 for meta-llama/Meta-Llama-3-8B_sllm-condense_1 replica 62c8d349-54d6-4f83-b544-3ed901aef2aa success
INFO 07-24 07:15:21 server.py:188] Confirm GPU group 81 for meta-llama/Meta-Llama-3-8B_sllm-condense_1 replica 62c8d349-54d6-4f83-b544-3ed901aef2aa success
INFO 07-24 07:15:21 server.py:188] Confirm GPU group 82 for meta-llama/Meta-Llama-3-8B_sllm-condense_1 replica 62c8d349-54d6-4f83-b544-3ed901aef2aa success
INFO 07-24 07:15:21 server.py:188] Confirm GPU group 83 for meta-llama/Meta-Llama-3-8B_sllm-condense_1 replica 62c8d349-54d6-4f83-b544-3ed901aef2aa success
INFO 07-24 07:15:21 server.py:188] Confirm GPU group 84 for meta-llama/Meta-Llama-3-8B_sllm-condense_1 replica 62c8d349-54d6-4f83-b544-3ed901aef2aa success
INFO 07-24 07:15:21 server.py:188] Confirm GPU group 85 for meta-llama/Meta-Llama-3-8B_sllm-condense_1 replica 62c8d349-54d6-4f83-b544-3ed901aef2aa success
INFO 07-24 07:15:21 server.py:188] Confirm GPU group 86 for meta-llama/Meta-Llama-3-8B_sllm-condense_1 replica 62c8d349-54d6-4f83-b544-3ed901aef2aa success
INFO 07-24 07:15:21 server.py:188] Confirm GPU group 87 for meta-llama/Meta-Llama-3-8B_sllm-condense_1 replica 62c8d349-54d6-4f83-b544-3ed901aef2aa success
INFO 07-24 07:15:21 server.py:188] Confirm GPU group 88 for meta-llama/Meta-Llama-3-8B_sllm-condense_1 replica 62c8d349-54d6-4f83-b544-3ed901aef2aa success
INFO 07-24 07:15:22 server.py:188] Confirm GPU group 89 for meta-llama/Meta-Llama-3-8B_sllm-condense_1 replica 62c8d349-54d6-4f83-b544-3ed901aef2aa success
INFO 07-24 07:15:22 server.py:188] Confirm GPU group 90 for meta-llama/Meta-Llama-3-8B_sllm-condense_1 replica 62c8d349-54d6-4f83-b544-3ed901aef2aa success
INFO 07-24 07:15:22 server.py:188] Confirm GPU group 91 for meta-llama/Meta-Llama-3-8B_sllm-condense_1 replica 62c8d349-54d6-4f83-b544-3ed901aef2aa success
INFO 07-24 07:15:22 server.py:188] Confirm GPU group 92 for meta-llama/Meta-Llama-3-8B_sllm-condense_1 replica 62c8d349-54d6-4f83-b544-3ed901aef2aa success
INFO 07-24 07:15:22 server.py:188] Confirm GPU group 93 for meta-llama/Meta-Llama-3-8B_sllm-condense_1 replica 62c8d349-54d6-4f83-b544-3ed901aef2aa success
INFO 07-24 07:15:22 server.py:188] Confirm GPU group 94 for meta-llama/Meta-Llama-3-8B_sllm-condense_1 replica 62c8d349-54d6-4f83-b544-3ed901aef2aa success
INFO 07-24 07:15:22 server.py:188] Confirm GPU group 95 for meta-llama/Meta-Llama-3-8B_sllm-condense_1 replica 62c8d349-54d6-4f83-b544-3ed901aef2aa success
INFO 07-24 07:15:22 server.py:188] Confirm GPU group 96 for meta-llama/Meta-Llama-3-8B_sllm-condense_1 replica 62c8d349-54d6-4f83-b544-3ed901aef2aa success
INFO 07-24 07:15:22 server.py:188] Confirm GPU group 97 for meta-llama/Meta-Llama-3-8B_sllm-condense_1 replica 62c8d349-54d6-4f83-b544-3ed901aef2aa success
INFO 07-24 07:15:22 server.py:188] Confirm GPU group 98 for meta-llama/Meta-Llama-3-8B_sllm-condense_1 replica 62c8d349-54d6-4f83-b544-3ed901aef2aa success
INFO 07-24 07:15:22 server.py:188] Confirm GPU group 99 for meta-llama/Meta-Llama-3-8B_sllm-condense_1 replica 62c8d349-54d6-4f83-b544-3ed901aef2aa success
INFO 07-24 07:15:22 server.py:188] Confirm GPU group 100 for meta-llama/Meta-Llama-3-8B_sllm-condense_1 replica 62c8d349-54d6-4f83-b544-3ed901aef2aa success
INFO 07-24 07:15:22 server.py:188] Confirm GPU group 101 for meta-llama/Meta-Llama-3-8B_sllm-condense_1 replica 62c8d349-54d6-4f83-b544-3ed901aef2aa success
INFO 07-24 07:15:22 server.py:188] Confirm GPU group 102 for meta-llama/Meta-Llama-3-8B_sllm-condense_1 replica 62c8d349-54d6-4f83-b544-3ed901aef2aa success
INFO 07-24 07:15:22 server.py:188] Confirm GPU group 103 for meta-llama/Meta-Llama-3-8B_sllm-condense_1 replica 62c8d349-54d6-4f83-b544-3ed901aef2aa success
INFO 07-24 07:15:22 server.py:188] Confirm GPU group 104 for meta-llama/Meta-Llama-3-8B_sllm-condense_1 replica 62c8d349-54d6-4f83-b544-3ed901aef2aa success
INFO 07-24 07:15:22 server.py:188] Confirm GPU group 105 for meta-llama/Meta-Llama-3-8B_sllm-condense_1 replica 62c8d349-54d6-4f83-b544-3ed901aef2aa success
INFO 07-24 07:15:22 server.py:188] Confirm GPU group 106 for meta-llama/Meta-Llama-3-8B_sllm-condense_1 replica 62c8d349-54d6-4f83-b544-3ed901aef2aa success
INFO 07-24 07:15:22 server.py:188] Confirm GPU group 107 for meta-llama/Meta-Llama-3-8B_sllm-condense_1 replica 62c8d349-54d6-4f83-b544-3ed901aef2aa success
INFO 07-24 07:15:22 server.py:188] Confirm GPU group 108 for meta-llama/Meta-Llama-3-8B_sllm-condense_1 replica 62c8d349-54d6-4f83-b544-3ed901aef2aa success
INFO 07-24 07:15:22 server.py:188] Confirm GPU group 109 for meta-llama/Meta-Llama-3-8B_sllm-condense_1 replica 62c8d349-54d6-4f83-b544-3ed901aef2aa success
INFO 07-24 07:15:22 server.py:188] Confirm GPU group 110 for meta-llama/Meta-Llama-3-8B_sllm-condense_1 replica 62c8d349-54d6-4f83-b544-3ed901aef2aa success
INFO 07-24 07:15:22 server.py:188] Confirm GPU group 111 for meta-llama/Meta-Llama-3-8B_sllm-condense_1 replica 62c8d349-54d6-4f83-b544-3ed901aef2aa success
INFO 07-24 07:15:22 server.py:188] Confirm GPU group 112 for meta-llama/Meta-Llama-3-8B_sllm-condense_1 replica 62c8d349-54d6-4f83-b544-3ed901aef2aa success
INFO 07-24 07:15:22 server.py:188] Confirm GPU group 113 for meta-llama/Meta-Llama-3-8B_sllm-condense_1 replica 62c8d349-54d6-4f83-b544-3ed901aef2aa success
INFO 07-24 07:15:22 server.py:188] Confirm GPU group 114 for meta-llama/Meta-Llama-3-8B_sllm-condense_1 replica 62c8d349-54d6-4f83-b544-3ed901aef2aa success
INFO 07-24 07:15:22 server.py:188] Confirm GPU group 115 for meta-llama/Meta-Llama-3-8B_sllm-condense_1 replica 62c8d349-54d6-4f83-b544-3ed901aef2aa success
INFO 07-24 07:15:22 server.py:188] Confirm GPU group 116 for meta-llama/Meta-Llama-3-8B_sllm-condense_1 replica 62c8d349-54d6-4f83-b544-3ed901aef2aa success
INFO 07-24 07:15:22 server.py:188] Confirm GPU group 117 for meta-llama/Meta-Llama-3-8B_sllm-condense_1 replica 62c8d349-54d6-4f83-b544-3ed901aef2aa success
INFO 07-24 07:15:22 server.py:188] Confirm GPU group 118 for meta-llama/Meta-Llama-3-8B_sllm-condense_1 replica 62c8d349-54d6-4f83-b544-3ed901aef2aa success
INFO 07-24 07:15:22 server.py:188] Confirm GPU group 119 for meta-llama/Meta-Llama-3-8B_sllm-condense_1 replica 62c8d349-54d6-4f83-b544-3ed901aef2aa success
INFO 07-24 07:15:23 server.py:188] Confirm GPU group 120 for meta-llama/Meta-Llama-3-8B_sllm-condense_1 replica 62c8d349-54d6-4f83-b544-3ed901aef2aa success
INFO 07-24 07:15:23 server.py:188] Confirm GPU group 121 for meta-llama/Meta-Llama-3-8B_sllm-condense_1 replica 62c8d349-54d6-4f83-b544-3ed901aef2aa success
INFO 07-24 07:15:23 server.py:188] Confirm GPU group 122 for meta-llama/Meta-Llama-3-8B_sllm-condense_1 replica 62c8d349-54d6-4f83-b544-3ed901aef2aa success
INFO 07-24 07:15:23 server.py:188] Confirm GPU group 123 for meta-llama/Meta-Llama-3-8B_sllm-condense_1 replica 62c8d349-54d6-4f83-b544-3ed901aef2aa success
INFO 07-24 07:15:23 server.py:188] Confirm GPU group 124 for meta-llama/Meta-Llama-3-8B_sllm-condense_1 replica 62c8d349-54d6-4f83-b544-3ed901aef2aa success
INFO 07-24 07:15:23 server.py:188] Confirm GPU group 125 for meta-llama/Meta-Llama-3-8B_sllm-condense_1 replica 62c8d349-54d6-4f83-b544-3ed901aef2aa success
INFO 07-24 07:15:23 server.py:188] Confirm GPU group 126 for meta-llama/Meta-Llama-3-8B_sllm-condense_1 replica 62c8d349-54d6-4f83-b544-3ed901aef2aa success
INFO 07-24 07:15:23 server.py:188] Confirm GPU group 127 for meta-llama/Meta-Llama-3-8B_sllm-condense_1 replica 62c8d349-54d6-4f83-b544-3ed901aef2aa success
INFO 07-24 07:15:23 server.py:188] Confirm GPU group 128 for meta-llama/Meta-Llama-3-8B_sllm-condense_1 replica 62c8d349-54d6-4f83-b544-3ed901aef2aa success
INFO 07-24 07:15:23 server.py:188] Confirm GPU group 129 for meta-llama/Meta-Llama-3-8B_sllm-condense_1 replica 62c8d349-54d6-4f83-b544-3ed901aef2aa success
INFO 07-24 07:15:23 server.py:188] Confirm GPU group 130 for meta-llama/Meta-Llama-3-8B_sllm-condense_1 replica 62c8d349-54d6-4f83-b544-3ed901aef2aa success
INFO 07-24 07:15:23 server.py:188] Confirm GPU group 131 for meta-llama/Meta-Llama-3-8B_sllm-condense_1 replica 62c8d349-54d6-4f83-b544-3ed901aef2aa success
INFO 07-24 07:15:23 server.py:188] Confirm GPU group 132 for meta-llama/Meta-Llama-3-8B_sllm-condense_1 replica 62c8d349-54d6-4f83-b544-3ed901aef2aa success
INFO 07-24 07:15:23 server.py:188] Confirm GPU group 133 for meta-llama/Meta-Llama-3-8B_sllm-condense_1 replica 62c8d349-54d6-4f83-b544-3ed901aef2aa success
INFO 07-24 07:15:23 server.py:188] Confirm GPU group 134 for meta-llama/Meta-Llama-3-8B_sllm-condense_1 replica 62c8d349-54d6-4f83-b544-3ed901aef2aa success
INFO 07-24 07:15:23 server.py:188] Confirm GPU group 135 for meta-llama/Meta-Llama-3-8B_sllm-condense_1 replica 62c8d349-54d6-4f83-b544-3ed901aef2aa success
INFO 07-24 07:15:23 server.py:188] Confirm GPU group 136 for meta-llama/Meta-Llama-3-8B_sllm-condense_1 replica 62c8d349-54d6-4f83-b544-3ed901aef2aa success
INFO 07-24 07:15:23 server.py:188] Confirm GPU group 137 for meta-llama/Meta-Llama-3-8B_sllm-condense_1 replica 62c8d349-54d6-4f83-b544-3ed901aef2aa success
INFO 07-24 07:15:23 server.py:188] Confirm GPU group 138 for meta-llama/Meta-Llama-3-8B_sllm-condense_1 replica 62c8d349-54d6-4f83-b544-3ed901aef2aa success
INFO 07-24 07:15:23 server.py:188] Confirm GPU group 139 for meta-llama/Meta-Llama-3-8B_sllm-condense_1 replica 62c8d349-54d6-4f83-b544-3ed901aef2aa success
INFO 07-24 07:15:23 server.py:188] Confirm GPU group 140 for meta-llama/Meta-Llama-3-8B_sllm-condense_1 replica 62c8d349-54d6-4f83-b544-3ed901aef2aa success
INFO 07-24 07:15:23 server.py:188] Confirm GPU group 141 for meta-llama/Meta-Llama-3-8B_sllm-condense_1 replica 62c8d349-54d6-4f83-b544-3ed901aef2aa success
INFO 07-24 07:15:23 server.py:188] Confirm GPU group 142 for meta-llama/Meta-Llama-3-8B_sllm-condense_1 replica 62c8d349-54d6-4f83-b544-3ed901aef2aa success
INFO 07-24 07:15:23 server.py:188] Confirm GPU group 143 for meta-llama/Meta-Llama-3-8B_sllm-condense_1 replica 62c8d349-54d6-4f83-b544-3ed901aef2aa success
INFO 07-24 07:15:23 server.py:188] Confirm GPU group 144 for meta-llama/Meta-Llama-3-8B_sllm-condense_1 replica 62c8d349-54d6-4f83-b544-3ed901aef2aa success
INFO 07-24 07:15:23 server.py:188] Confirm GPU group 145 for meta-llama/Meta-Llama-3-8B_sllm-condense_1 replica 62c8d349-54d6-4f83-b544-3ed901aef2aa success
INFO 07-24 07:15:23 server.py:188] Confirm GPU group 146 for meta-llama/Meta-Llama-3-8B_sllm-condense_1 replica 62c8d349-54d6-4f83-b544-3ed901aef2aa success
INFO 07-24 07:15:23 server.py:188] Confirm GPU group 147 for meta-llama/Meta-Llama-3-8B_sllm-condense_1 replica 62c8d349-54d6-4f83-b544-3ed901aef2aa success
INFO 07-24 07:15:23 server.py:188] Confirm GPU group 148 for meta-llama/Meta-Llama-3-8B_sllm-condense_1 replica 62c8d349-54d6-4f83-b544-3ed901aef2aa success
INFO 07-24 07:15:23 server.py:188] Confirm GPU group 149 for meta-llama/Meta-Llama-3-8B_sllm-condense_1 replica 62c8d349-54d6-4f83-b544-3ed901aef2aa success
INFO 07-24 07:15:23 server.py:188] Confirm GPU group 150 for meta-llama/Meta-Llama-3-8B_sllm-condense_1 replica 62c8d349-54d6-4f83-b544-3ed901aef2aa success
INFO 07-24 07:15:23 server.py:188] Confirm GPU group 151 for meta-llama/Meta-Llama-3-8B_sllm-condense_1 replica 62c8d349-54d6-4f83-b544-3ed901aef2aa success
INFO 07-24 07:15:23 server.py:188] Confirm GPU group 152 for meta-llama/Meta-Llama-3-8B_sllm-condense_1 replica 62c8d349-54d6-4f83-b544-3ed901aef2aa success
INFO 07-24 07:15:23 server.py:188] Confirm GPU group 153 for meta-llama/Meta-Llama-3-8B_sllm-condense_1 replica 62c8d349-54d6-4f83-b544-3ed901aef2aa success
INFO 07-24 07:15:23 server.py:188] Confirm GPU group 154 for meta-llama/Meta-Llama-3-8B_sllm-condense_1 replica 62c8d349-54d6-4f83-b544-3ed901aef2aa success
INFO 07-24 07:15:23 server.py:188] Confirm GPU group 155 for meta-llama/Meta-Llama-3-8B_sllm-condense_1 replica 62c8d349-54d6-4f83-b544-3ed901aef2aa success
INFO 07-24 07:15:23 server.py:188] Confirm GPU group 156 for meta-llama/Meta-Llama-3-8B_sllm-condense_1 replica 62c8d349-54d6-4f83-b544-3ed901aef2aa success
INFO 07-24 07:15:23 server.py:188] Confirm GPU group 157 for meta-llama/Meta-Llama-3-8B_sllm-condense_1 replica 62c8d349-54d6-4f83-b544-3ed901aef2aa success
INFO 07-24 07:15:23 server.py:188] Confirm GPU group 158 for meta-llama/Meta-Llama-3-8B_sllm-condense_1 replica 62c8d349-54d6-4f83-b544-3ed901aef2aa success
INFO 07-24 07:15:23 server.py:188] Confirm GPU group 159 for meta-llama/Meta-Llama-3-8B_sllm-condense_1 replica 62c8d349-54d6-4f83-b544-3ed901aef2aa success
INFO 07-24 07:15:23 server.py:188] Confirm GPU group 160 for meta-llama/Meta-Llama-3-8B_sllm-condense_1 replica 62c8d349-54d6-4f83-b544-3ed901aef2aa success
INFO 07-24 07:15:24 server.py:188] Confirm GPU group 161 for meta-llama/Meta-Llama-3-8B_sllm-condense_1 replica 62c8d349-54d6-4f83-b544-3ed901aef2aa success
INFO 07-24 07:15:24 server.py:188] Confirm GPU group 162 for meta-llama/Meta-Llama-3-8B_sllm-condense_1 replica 62c8d349-54d6-4f83-b544-3ed901aef2aa success
INFO 07-24 07:15:24 server.py:188] Confirm GPU group 163 for meta-llama/Meta-Llama-3-8B_sllm-condense_1 replica 62c8d349-54d6-4f83-b544-3ed901aef2aa success
INFO 07-24 07:15:24 server.py:188] Confirm GPU group 164 for meta-llama/Meta-Llama-3-8B_sllm-condense_1 replica 62c8d349-54d6-4f83-b544-3ed901aef2aa success
INFO 07-24 07:15:24 server.py:188] Confirm GPU group 165 for meta-llama/Meta-Llama-3-8B_sllm-condense_1 replica 62c8d349-54d6-4f83-b544-3ed901aef2aa success
INFO 07-24 07:15:24 server.py:188] Confirm GPU group 166 for meta-llama/Meta-Llama-3-8B_sllm-condense_1 replica 62c8d349-54d6-4f83-b544-3ed901aef2aa success
INFO 07-24 07:15:24 server.py:188] Confirm GPU group 167 for meta-llama/Meta-Llama-3-8B_sllm-condense_1 replica 62c8d349-54d6-4f83-b544-3ed901aef2aa success
INFO 07-24 07:15:24 server.py:188] Confirm GPU group 168 for meta-llama/Meta-Llama-3-8B_sllm-condense_1 replica 62c8d349-54d6-4f83-b544-3ed901aef2aa success
INFO 07-24 07:15:24 server.py:188] Confirm GPU group 169 for meta-llama/Meta-Llama-3-8B_sllm-condense_1 replica 62c8d349-54d6-4f83-b544-3ed901aef2aa success
INFO 07-24 07:15:24 server.py:188] Confirm GPU group 170 for meta-llama/Meta-Llama-3-8B_sllm-condense_1 replica 62c8d349-54d6-4f83-b544-3ed901aef2aa success
INFO 07-24 07:15:24 server.py:188] Confirm GPU group 171 for meta-llama/Meta-Llama-3-8B_sllm-condense_1 replica 62c8d349-54d6-4f83-b544-3ed901aef2aa success
INFO 07-24 07:15:24 server.py:188] Confirm GPU group 172 for meta-llama/Meta-Llama-3-8B_sllm-condense_1 replica 62c8d349-54d6-4f83-b544-3ed901aef2aa success
INFO 07-24 07:15:24 server.py:188] Confirm GPU group 173 for meta-llama/Meta-Llama-3-8B_sllm-condense_1 replica 62c8d349-54d6-4f83-b544-3ed901aef2aa success
INFO 07-24 07:15:24 server.py:188] Confirm GPU group 174 for meta-llama/Meta-Llama-3-8B_sllm-condense_1 replica 62c8d349-54d6-4f83-b544-3ed901aef2aa success
INFO 07-24 07:15:24 server.py:188] Confirm GPU group 175 for meta-llama/Meta-Llama-3-8B_sllm-condense_1 replica 62c8d349-54d6-4f83-b544-3ed901aef2aa success
INFO 07-24 07:15:24 server.py:188] Confirm GPU group 176 for meta-llama/Meta-Llama-3-8B_sllm-condense_1 replica 62c8d349-54d6-4f83-b544-3ed901aef2aa success
INFO 07-24 07:15:24 server.py:188] Confirm GPU group 177 for meta-llama/Meta-Llama-3-8B_sllm-condense_1 replica 62c8d349-54d6-4f83-b544-3ed901aef2aa success
INFO 07-24 07:15:24 server.py:188] Confirm GPU group 178 for meta-llama/Meta-Llama-3-8B_sllm-condense_1 replica 62c8d349-54d6-4f83-b544-3ed901aef2aa success
INFO 07-24 07:15:24 server.py:188] Confirm GPU group 179 for meta-llama/Meta-Llama-3-8B_sllm-condense_1 replica 62c8d349-54d6-4f83-b544-3ed901aef2aa success
INFO 07-24 07:15:24 server.py:188] Confirm GPU group 180 for meta-llama/Meta-Llama-3-8B_sllm-condense_1 replica 62c8d349-54d6-4f83-b544-3ed901aef2aa success
INFO 07-24 07:15:24 server.py:188] Confirm GPU group 181 for meta-llama/Meta-Llama-3-8B_sllm-condense_1 replica 62c8d349-54d6-4f83-b544-3ed901aef2aa success
INFO 07-24 07:15:24 server.py:188] Confirm GPU group 182 for meta-llama/Meta-Llama-3-8B_sllm-condense_1 replica 62c8d349-54d6-4f83-b544-3ed901aef2aa success
INFO 07-24 07:15:24 server.py:188] Confirm GPU group 183 for meta-llama/Meta-Llama-3-8B_sllm-condense_1 replica 62c8d349-54d6-4f83-b544-3ed901aef2aa success
INFO 07-24 07:15:24 server.py:188] Confirm GPU group 184 for meta-llama/Meta-Llama-3-8B_sllm-condense_1 replica 62c8d349-54d6-4f83-b544-3ed901aef2aa success
INFO 07-24 07:15:24 server.py:188] Confirm GPU group 185 for meta-llama/Meta-Llama-3-8B_sllm-condense_1 replica 62c8d349-54d6-4f83-b544-3ed901aef2aa success
INFO 07-24 07:15:24 server.py:188] Confirm GPU group 186 for meta-llama/Meta-Llama-3-8B_sllm-condense_1 replica 62c8d349-54d6-4f83-b544-3ed901aef2aa success
INFO 07-24 07:15:24 server.py:188] Confirm GPU group 187 for meta-llama/Meta-Llama-3-8B_sllm-condense_1 replica 62c8d349-54d6-4f83-b544-3ed901aef2aa success
INFO 07-24 07:15:24 server.py:188] Confirm GPU group 188 for meta-llama/Meta-Llama-3-8B_sllm-condense_1 replica 62c8d349-54d6-4f83-b544-3ed901aef2aa success
INFO 07-24 07:15:24 server.py:188] Confirm GPU group 189 for meta-llama/Meta-Llama-3-8B_sllm-condense_1 replica 62c8d349-54d6-4f83-b544-3ed901aef2aa success
INFO 07-24 07:15:24 server.py:188] Confirm GPU group 190 for meta-llama/Meta-Llama-3-8B_sllm-condense_1 replica 62c8d349-54d6-4f83-b544-3ed901aef2aa success
INFO 07-24 07:15:24 server.py:188] Confirm GPU group 191 for meta-llama/Meta-Llama-3-8B_sllm-condense_1 replica 62c8d349-54d6-4f83-b544-3ed901aef2aa success
INFO 07-24 07:15:24 server.py:188] Confirm GPU group 192 for meta-llama/Meta-Llama-3-8B_sllm-condense_1 replica 62c8d349-54d6-4f83-b544-3ed901aef2aa success
INFO 07-24 07:15:24 server.py:188] Confirm GPU group 193 for meta-llama/Meta-Llama-3-8B_sllm-condense_1 replica 62c8d349-54d6-4f83-b544-3ed901aef2aa success
INFO 07-24 07:15:24 server.py:188] Confirm GPU group 194 for meta-llama/Meta-Llama-3-8B_sllm-condense_1 replica 62c8d349-54d6-4f83-b544-3ed901aef2aa success
INFO 07-24 07:15:24 server.py:188] Confirm GPU group 195 for meta-llama/Meta-Llama-3-8B_sllm-condense_1 replica 62c8d349-54d6-4f83-b544-3ed901aef2aa success
INFO 07-24 07:15:24 server.py:188] Confirm GPU group 196 for meta-llama/Meta-Llama-3-8B_sllm-condense_1 replica 62c8d349-54d6-4f83-b544-3ed901aef2aa success
INFO 07-24 07:15:24 server.py:188] Confirm GPU group 197 for meta-llama/Meta-Llama-3-8B_sllm-condense_1 replica 62c8d349-54d6-4f83-b544-3ed901aef2aa success
INFO 07-24 07:15:24 server.py:188] Confirm GPU group 198 for meta-llama/Meta-Llama-3-8B_sllm-condense_1 replica 62c8d349-54d6-4f83-b544-3ed901aef2aa success
INFO 07-24 07:15:24 server.py:188] Confirm GPU group 199 for meta-llama/Meta-Llama-3-8B_sllm-condense_1 replica 62c8d349-54d6-4f83-b544-3ed901aef2aa success
INFO 07-24 07:15:24 server.py:188] Confirm GPU group 200 for meta-llama/Meta-Llama-3-8B_sllm-condense_1 replica 62c8d349-54d6-4f83-b544-3ed901aef2aa success
INFO 07-24 07:15:24 server.py:188] Confirm GPU group 201 for meta-llama/Meta-Llama-3-8B_sllm-condense_1 replica 62c8d349-54d6-4f83-b544-3ed901aef2aa success
INFO 07-24 07:15:24 server.py:188] Confirm GPU group 202 for meta-llama/Meta-Llama-3-8B_sllm-condense_1 replica 62c8d349-54d6-4f83-b544-3ed901aef2aa success
INFO 07-24 07:15:24 server.py:188] Confirm GPU group 203 for meta-llama/Meta-Llama-3-8B_sllm-condense_1 replica 62c8d349-54d6-4f83-b544-3ed901aef2aa success
INFO 07-24 07:15:24 server.py:188] Confirm GPU group 204 for meta-llama/Meta-Llama-3-8B_sllm-condense_1 replica 62c8d349-54d6-4f83-b544-3ed901aef2aa success
INFO 07-24 07:15:24 server.py:188] Confirm GPU group 205 for meta-llama/Meta-Llama-3-8B_sllm-condense_1 replica 62c8d349-54d6-4f83-b544-3ed901aef2aa success
INFO 07-24 07:15:24 server.py:188] Confirm GPU group 206 for meta-llama/Meta-Llama-3-8B_sllm-condense_1 replica 62c8d349-54d6-4f83-b544-3ed901aef2aa success
INFO 07-24 07:15:24 server.py:188] Confirm GPU group 207 for meta-llama/Meta-Llama-3-8B_sllm-condense_1 replica 62c8d349-54d6-4f83-b544-3ed901aef2aa success
INFO 07-24 07:15:24 server.py:188] Confirm GPU group 208 for meta-llama/Meta-Llama-3-8B_sllm-condense_1 replica 62c8d349-54d6-4f83-b544-3ed901aef2aa success
INFO 07-24 07:15:24 server.py:188] Confirm GPU group 209 for meta-llama/Meta-Llama-3-8B_sllm-condense_1 replica 62c8d349-54d6-4f83-b544-3ed901aef2aa success
INFO 07-24 07:15:24 server.py:188] Confirm GPU group 210 for meta-llama/Meta-Llama-3-8B_sllm-condense_1 replica 62c8d349-54d6-4f83-b544-3ed901aef2aa success
INFO 07-24 07:15:24 server.py:188] Confirm GPU group 211 for meta-llama/Meta-Llama-3-8B_sllm-condense_1 replica 62c8d349-54d6-4f83-b544-3ed901aef2aa success
INFO 07-24 07:15:24 server.py:188] Confirm GPU group 212 for meta-llama/Meta-Llama-3-8B_sllm-condense_1 replica 62c8d349-54d6-4f83-b544-3ed901aef2aa success
INFO 07-24 07:15:24 server.py:188] Confirm GPU group 213 for meta-llama/Meta-Llama-3-8B_sllm-condense_1 replica 62c8d349-54d6-4f83-b544-3ed901aef2aa success
INFO 07-24 07:15:24 server.py:188] Confirm GPU group 214 for meta-llama/Meta-Llama-3-8B_sllm-condense_1 replica 62c8d349-54d6-4f83-b544-3ed901aef2aa success
INFO 07-24 07:15:24 server.py:188] Confirm GPU group 215 for meta-llama/Meta-Llama-3-8B_sllm-condense_1 replica 62c8d349-54d6-4f83-b544-3ed901aef2aa success
INFO 07-24 07:15:24 server.py:188] Confirm GPU group 216 for meta-llama/Meta-Llama-3-8B_sllm-condense_1 replica 62c8d349-54d6-4f83-b544-3ed901aef2aa success
INFO 07-24 07:15:24 server.py:188] Confirm GPU group 217 for meta-llama/Meta-Llama-3-8B_sllm-condense_1 replica 62c8d349-54d6-4f83-b544-3ed901aef2aa success
INFO 07-24 07:15:24 server.py:188] Confirm GPU group 218 for meta-llama/Meta-Llama-3-8B_sllm-condense_1 replica 62c8d349-54d6-4f83-b544-3ed901aef2aa success
INFO 07-24 07:15:24 server.py:188] Confirm GPU group 219 for meta-llama/Meta-Llama-3-8B_sllm-condense_1 replica 62c8d349-54d6-4f83-b544-3ed901aef2aa success
INFO 07-24 07:15:24 server.py:188] Confirm GPU group 220 for meta-llama/Meta-Llama-3-8B_sllm-condense_1 replica 62c8d349-54d6-4f83-b544-3ed901aef2aa success
INFO 07-24 07:15:24 server.py:188] Confirm GPU group 221 for meta-llama/Meta-Llama-3-8B_sllm-condense_1 replica 62c8d349-54d6-4f83-b544-3ed901aef2aa success
INFO 07-24 07:15:24 server.py:188] Confirm GPU group 222 for meta-llama/Meta-Llama-3-8B_sllm-condense_1 replica 62c8d349-54d6-4f83-b544-3ed901aef2aa success
INFO 07-24 07:15:24 server.py:188] Confirm GPU group 223 for meta-llama/Meta-Llama-3-8B_sllm-condense_1 replica 62c8d349-54d6-4f83-b544-3ed901aef2aa success
INFO 07-24 07:15:24 server.py:188] Confirm GPU group 224 for meta-llama/Meta-Llama-3-8B_sllm-condense_1 replica 62c8d349-54d6-4f83-b544-3ed901aef2aa success
INFO 07-24 07:15:24 server.py:188] Confirm GPU group 225 for meta-llama/Meta-Llama-3-8B_sllm-condense_1 replica 62c8d349-54d6-4f83-b544-3ed901aef2aa success
INFO 07-24 07:15:24 server.py:188] Confirm GPU group 226 for meta-llama/Meta-Llama-3-8B_sllm-condense_1 replica 62c8d349-54d6-4f83-b544-3ed901aef2aa success
INFO 07-24 07:15:24 server.py:188] Confirm GPU group 227 for meta-llama/Meta-Llama-3-8B_sllm-condense_1 replica 62c8d349-54d6-4f83-b544-3ed901aef2aa success
INFO 07-24 07:15:24 server.py:188] Confirm GPU group 228 for meta-llama/Meta-Llama-3-8B_sllm-condense_1 replica 62c8d349-54d6-4f83-b544-3ed901aef2aa success
INFO 07-24 07:15:24 server.py:188] Confirm GPU group 229 for meta-llama/Meta-Llama-3-8B_sllm-condense_1 replica 62c8d349-54d6-4f83-b544-3ed901aef2aa success
INFO 07-24 07:15:24 server.py:188] Confirm GPU group 230 for meta-llama/Meta-Llama-3-8B_sllm-condense_1 replica 62c8d349-54d6-4f83-b544-3ed901aef2aa success
INFO 07-24 07:15:25 server.py:188] Confirm GPU group 231 for meta-llama/Meta-Llama-3-8B_sllm-condense_1 replica 62c8d349-54d6-4f83-b544-3ed901aef2aa success
INFO 07-24 07:15:25 server.py:188] Confirm GPU group 232 for meta-llama/Meta-Llama-3-8B_sllm-condense_1 replica 62c8d349-54d6-4f83-b544-3ed901aef2aa success
INFO 07-24 07:15:25 server.py:188] Confirm GPU group 233 for meta-llama/Meta-Llama-3-8B_sllm-condense_1 replica 62c8d349-54d6-4f83-b544-3ed901aef2aa success
INFO 07-24 07:15:25 server.py:188] Confirm GPU group 234 for meta-llama/Meta-Llama-3-8B_sllm-condense_1 replica 62c8d349-54d6-4f83-b544-3ed901aef2aa success
INFO 07-24 07:15:25 server.py:188] Confirm GPU group 235 for meta-llama/Meta-Llama-3-8B_sllm-condense_1 replica 62c8d349-54d6-4f83-b544-3ed901aef2aa success
INFO 07-24 07:15:25 server.py:188] Confirm GPU group 236 for meta-llama/Meta-Llama-3-8B_sllm-condense_1 replica 62c8d349-54d6-4f83-b544-3ed901aef2aa success
INFO 07-24 07:15:25 server.py:188] Confirm GPU group 237 for meta-llama/Meta-Llama-3-8B_sllm-condense_1 replica 62c8d349-54d6-4f83-b544-3ed901aef2aa success
INFO 07-24 07:15:25 server.py:188] Confirm GPU group 238 for meta-llama/Meta-Llama-3-8B_sllm-condense_1 replica 62c8d349-54d6-4f83-b544-3ed901aef2aa success
INFO 07-24 07:15:25 server.py:188] Confirm GPU group 239 for meta-llama/Meta-Llama-3-8B_sllm-condense_1 replica 62c8d349-54d6-4f83-b544-3ed901aef2aa success
INFO 07-24 07:15:25 server.py:188] Confirm GPU group 240 for meta-llama/Meta-Llama-3-8B_sllm-condense_1 replica 62c8d349-54d6-4f83-b544-3ed901aef2aa success
INFO 07-24 07:15:25 server.py:188] Confirm GPU group 241 for meta-llama/Meta-Llama-3-8B_sllm-condense_1 replica 62c8d349-54d6-4f83-b544-3ed901aef2aa success
INFO 07-24 07:15:25 server.py:188] Confirm GPU group 242 for meta-llama/Meta-Llama-3-8B_sllm-condense_1 replica 62c8d349-54d6-4f83-b544-3ed901aef2aa success
INFO 07-24 07:15:25 server.py:188] Confirm GPU group 243 for meta-llama/Meta-Llama-3-8B_sllm-condense_1 replica 62c8d349-54d6-4f83-b544-3ed901aef2aa success
INFO 07-24 07:15:25 server.py:188] Confirm GPU group 244 for meta-llama/Meta-Llama-3-8B_sllm-condense_1 replica 62c8d349-54d6-4f83-b544-3ed901aef2aa success
INFO 07-24 07:15:25 server.py:188] Confirm GPU group 245 for meta-llama/Meta-Llama-3-8B_sllm-condense_1 replica 62c8d349-54d6-4f83-b544-3ed901aef2aa success
INFO 07-24 07:15:25 server.py:188] Confirm GPU group 246 for meta-llama/Meta-Llama-3-8B_sllm-condense_1 replica 62c8d349-54d6-4f83-b544-3ed901aef2aa success
INFO 07-24 07:15:25 server.py:188] Confirm GPU group 247 for meta-llama/Meta-Llama-3-8B_sllm-condense_1 replica 62c8d349-54d6-4f83-b544-3ed901aef2aa success
INFO 07-24 07:15:25 server.py:188] Confirm GPU group 248 for meta-llama/Meta-Llama-3-8B_sllm-condense_1 replica 62c8d349-54d6-4f83-b544-3ed901aef2aa success
INFO 07-24 07:15:25 server.py:188] Confirm GPU group 249 for meta-llama/Meta-Llama-3-8B_sllm-condense_1 replica 62c8d349-54d6-4f83-b544-3ed901aef2aa success
INFO 07-24 07:15:25 server.py:188] Confirm GPU group 250 for meta-llama/Meta-Llama-3-8B_sllm-condense_1 replica 62c8d349-54d6-4f83-b544-3ed901aef2aa success
INFO 07-24 07:15:25 server.py:188] Confirm GPU group 251 for meta-llama/Meta-Llama-3-8B_sllm-condense_1 replica 62c8d349-54d6-4f83-b544-3ed901aef2aa success
INFO 07-24 07:15:25 server.py:188] Confirm GPU group 252 for meta-llama/Meta-Llama-3-8B_sllm-condense_1 replica 62c8d349-54d6-4f83-b544-3ed901aef2aa success
INFO 07-24 07:15:25 server.py:188] Confirm GPU group 253 for meta-llama/Meta-Llama-3-8B_sllm-condense_1 replica 62c8d349-54d6-4f83-b544-3ed901aef2aa success
INFO 07-24 07:15:25 server.py:188] Confirm GPU group 254 for meta-llama/Meta-Llama-3-8B_sllm-condense_1 replica 62c8d349-54d6-4f83-b544-3ed901aef2aa success
INFO 07-24 07:15:25 server.py:188] Confirm GPU group 255 for meta-llama/Meta-Llama-3-8B_sllm-condense_1 replica 62c8d349-54d6-4f83-b544-3ed901aef2aa success
INFO 07-24 07:15:25 server.py:188] Confirm GPU group 256 for meta-llama/Meta-Llama-3-8B_sllm-condense_1 replica 62c8d349-54d6-4f83-b544-3ed901aef2aa success
INFO 07-24 07:15:25 server.py:188] Confirm GPU group 257 for meta-llama/Meta-Llama-3-8B_sllm-condense_1 replica 62c8d349-54d6-4f83-b544-3ed901aef2aa success
INFO 07-24 07:15:25 server.py:188] Confirm GPU group 258 for meta-llama/Meta-Llama-3-8B_sllm-condense_1 replica 62c8d349-54d6-4f83-b544-3ed901aef2aa success
INFO 07-24 07:15:25 server.py:188] Confirm GPU group 259 for meta-llama/Meta-Llama-3-8B_sllm-condense_1 replica 62c8d349-54d6-4f83-b544-3ed901aef2aa success
INFO 07-24 07:15:25 server.py:188] Confirm GPU group 260 for meta-llama/Meta-Llama-3-8B_sllm-condense_1 replica 62c8d349-54d6-4f83-b544-3ed901aef2aa success
INFO 07-24 07:15:25 server.py:188] Confirm GPU group 261 for meta-llama/Meta-Llama-3-8B_sllm-condense_1 replica 62c8d349-54d6-4f83-b544-3ed901aef2aa success
INFO 07-24 07:15:25 server.py:188] Confirm GPU group 262 for meta-llama/Meta-Llama-3-8B_sllm-condense_1 replica 62c8d349-54d6-4f83-b544-3ed901aef2aa success
INFO 07-24 07:15:25 server.py:188] Confirm GPU group 263 for meta-llama/Meta-Llama-3-8B_sllm-condense_1 replica 62c8d349-54d6-4f83-b544-3ed901aef2aa success
INFO 07-24 07:15:25 server.py:188] Confirm GPU group 264 for meta-llama/Meta-Llama-3-8B_sllm-condense_1 replica 62c8d349-54d6-4f83-b544-3ed901aef2aa success
INFO 07-24 07:15:25 server.py:188] Confirm GPU group 265 for meta-llama/Meta-Llama-3-8B_sllm-condense_1 replica 62c8d349-54d6-4f83-b544-3ed901aef2aa success
INFO 07-24 07:15:25 server.py:188] Confirm GPU group 266 for meta-llama/Meta-Llama-3-8B_sllm-condense_1 replica 62c8d349-54d6-4f83-b544-3ed901aef2aa success
INFO 07-24 07:15:25 server.py:188] Confirm GPU group 267 for meta-llama/Meta-Llama-3-8B_sllm-condense_1 replica 62c8d349-54d6-4f83-b544-3ed901aef2aa success
INFO 07-24 07:15:25 server.py:188] Confirm GPU group 268 for meta-llama/Meta-Llama-3-8B_sllm-condense_1 replica 62c8d349-54d6-4f83-b544-3ed901aef2aa success
INFO 07-24 07:15:25 server.py:188] Confirm GPU group 269 for meta-llama/Meta-Llama-3-8B_sllm-condense_1 replica 62c8d349-54d6-4f83-b544-3ed901aef2aa success
INFO 07-24 07:15:25 server.py:188] Confirm GPU group 270 for meta-llama/Meta-Llama-3-8B_sllm-condense_1 replica 62c8d349-54d6-4f83-b544-3ed901aef2aa success
INFO 07-24 07:15:25 server.py:188] Confirm GPU group 271 for meta-llama/Meta-Llama-3-8B_sllm-condense_1 replica 62c8d349-54d6-4f83-b544-3ed901aef2aa success
INFO 07-24 07:15:25 server.py:188] Confirm GPU group 272 for meta-llama/Meta-Llama-3-8B_sllm-condense_1 replica 62c8d349-54d6-4f83-b544-3ed901aef2aa success
INFO 07-24 07:15:25 server.py:188] Confirm GPU group 273 for meta-llama/Meta-Llama-3-8B_sllm-condense_1 replica 62c8d349-54d6-4f83-b544-3ed901aef2aa success
INFO 07-24 07:15:25 server.py:188] Confirm GPU group 274 for meta-llama/Meta-Llama-3-8B_sllm-condense_1 replica 62c8d349-54d6-4f83-b544-3ed901aef2aa success
INFO 07-24 07:15:25 server.py:188] Confirm GPU group 275 for meta-llama/Meta-Llama-3-8B_sllm-condense_1 replica 62c8d349-54d6-4f83-b544-3ed901aef2aa success
INFO 07-24 07:15:25 server.py:188] Confirm GPU group 276 for meta-llama/Meta-Llama-3-8B_sllm-condense_1 replica 62c8d349-54d6-4f83-b544-3ed901aef2aa success
INFO 07-24 07:15:25 server.py:188] Confirm GPU group 277 for meta-llama/Meta-Llama-3-8B_sllm-condense_1 replica 62c8d349-54d6-4f83-b544-3ed901aef2aa success
INFO 07-24 07:15:25 server.py:188] Confirm GPU group 278 for meta-llama/Meta-Llama-3-8B_sllm-condense_1 replica 62c8d349-54d6-4f83-b544-3ed901aef2aa success
INFO 07-24 07:15:25 server.py:188] Confirm GPU group 279 for meta-llama/Meta-Llama-3-8B_sllm-condense_1 replica 62c8d349-54d6-4f83-b544-3ed901aef2aa success
INFO 07-24 07:15:25 server.py:188] Confirm GPU group 280 for meta-llama/Meta-Llama-3-8B_sllm-condense_1 replica 62c8d349-54d6-4f83-b544-3ed901aef2aa success
INFO 07-24 07:15:25 server.py:188] Confirm GPU group 281 for meta-llama/Meta-Llama-3-8B_sllm-condense_1 replica 62c8d349-54d6-4f83-b544-3ed901aef2aa success
INFO 07-24 07:15:25 server.py:188] Confirm GPU group 282 for meta-llama/Meta-Llama-3-8B_sllm-condense_1 replica 62c8d349-54d6-4f83-b544-3ed901aef2aa success
INFO 07-24 07:15:25 server.py:188] Confirm GPU group 283 for meta-llama/Meta-Llama-3-8B_sllm-condense_1 replica 62c8d349-54d6-4f83-b544-3ed901aef2aa success
INFO 07-24 07:15:25 server.py:188] Confirm GPU group 284 for meta-llama/Meta-Llama-3-8B_sllm-condense_1 replica 62c8d349-54d6-4f83-b544-3ed901aef2aa success
INFO 07-24 07:15:25 server.py:188] Confirm GPU group 285 for meta-llama/Meta-Llama-3-8B_sllm-condense_1 replica 62c8d349-54d6-4f83-b544-3ed901aef2aa success
INFO 07-24 07:15:25 server.py:188] Confirm GPU group 286 for meta-llama/Meta-Llama-3-8B_sllm-condense_1 replica 62c8d349-54d6-4f83-b544-3ed901aef2aa success
INFO 07-24 07:15:25 server.py:188] Confirm GPU group 287 for meta-llama/Meta-Llama-3-8B_sllm-condense_1 replica 62c8d349-54d6-4f83-b544-3ed901aef2aa success
INFO 07-24 07:15:25 server.py:188] Confirm GPU group 288 for meta-llama/Meta-Llama-3-8B_sllm-condense_1 replica 62c8d349-54d6-4f83-b544-3ed901aef2aa success
INFO 07-24 07:15:25 server.py:188] Confirm GPU group 289 for meta-llama/Meta-Llama-3-8B_sllm-condense_1 replica 62c8d349-54d6-4f83-b544-3ed901aef2aa success
INFO 07-24 07:15:25 server.py:188] Confirm GPU group 290 for meta-llama/Meta-Llama-3-8B_sllm-condense_1 replica 62c8d349-54d6-4f83-b544-3ed901aef2aa success
INFO 07-24 07:15:25 server.py:138] Confirm model meta-llama/Meta-Llama-3-8B_sllm-condense_1 replica 62c8d349-54d6-4f83-b544-3ed901aef2aa success
I20260724 07:15:28.446983 2179186 model.cpp:53] Tensor file "/home/ben046/projects/SLLM/storage/meta-llama/Meta-Llama-3-8B_sllm-condense_0/tensor.data_1" does not exist
I20260724 07:15:28.447063 2179186 checkpoint_store.cpp:106] Model meta-llama/Meta-Llama-3-8B_sllm-condense_0 is registered
INFO 07-24 07:15:28 server.py:115] LoadModel: success meta-llama/Meta-Llama-3-8B_sllm-condense_0 with target 1
I20260724 07:15:28.447570 2188609 pinned_memory_pool.cpp:78] PinnedMemoryPool Allocate 423 buffers free buffers 779 total buffers 2048
I20260724 07:15:28.447674 2188609 model.cpp:120] Loading model meta-llama/Meta-Llama-3-8B_sllm-condense_0 size 7080803840 to host
I20260724 07:15:28.447687 2188609 model.cpp:134] Loading model meta-llama/Meta-Llama-3-8B_sllm-condense_0 to host with 4 threads, 423 chunks, 16777216 chunk size, 106 chunks per thread
I20260724 07:15:28.447788 2188610 model.cpp:155] Thread 0 starting from partition 0 offset 0
I20260724 07:15:28.447882 2188613 model.cpp:155] Thread 3 starting from partition 0 offset 5335154688
I20260724 07:15:28.447837 2188611 model.cpp:155] Thread 1 starting from partition 0 offset 1778384896
I20260724 07:15:28.447854 2188612 model.cpp:155] Thread 2 starting from partition 0 offset 3556769792
I20260724 07:15:28.552279 2188618 checkpoint_store.cpp:209] Loading model meta-llama/Meta-Llama-3-8B_sllm-condense_0
INFO 07-24 07:15:28 server.py:115] LoadModel: success meta-llama/Meta-Llama-3-8B_sllm-condense_0 with target 2
I20260724 07:15:28.932113 2188609 model.cpp:250] Finished loading model meta-llama/Meta-Llama-3-8B_sllm-condense_0 from disk
I20260724 07:15:28.941905 2188618 model.cpp:269] Creating replica 7d6b011b-ce47-4056-b31f-8fa2b8e8fc05
I20260724 07:15:28.942034 2188618 model.cpp:273] Creating queue for device 0
I20260724 07:15:28.942108 2188618 model.cpp:285] Created replica 7d6b011b-ce47-4056-b31f-8fa2b8e8fc05
I20260724 07:15:28.942260 2188618 model.cpp:296] Dispatcher started for model meta-llama/Meta-Llama-3-8B_sllm-condense_0
I20260724 07:15:28.942355 2188618 model.cpp:363] Waiting for model meta-llama/Meta-Llama-3-8B_sllm-condense_0 num tasks 1 state 3
INFO 07-24 07:15:28 server.py:188] Confirm GPU group 0 for meta-llama/Meta-Llama-3-8B_sllm-condense_0 replica 7d6b011b-ce47-4056-b31f-8fa2b8e8fc05 success
INFO 07-24 07:15:29 server.py:188] Confirm GPU group 1 for meta-llama/Meta-Llama-3-8B_sllm-condense_0 replica 7d6b011b-ce47-4056-b31f-8fa2b8e8fc05 success
INFO 07-24 07:15:29 server.py:188] Confirm GPU group 2 for meta-llama/Meta-Llama-3-8B_sllm-condense_0 replica 7d6b011b-ce47-4056-b31f-8fa2b8e8fc05 success
INFO 07-24 07:15:29 server.py:188] Confirm GPU group 3 for meta-llama/Meta-Llama-3-8B_sllm-condense_0 replica 7d6b011b-ce47-4056-b31f-8fa2b8e8fc05 success
INFO 07-24 07:15:29 server.py:188] Confirm GPU group 4 for meta-llama/Meta-Llama-3-8B_sllm-condense_0 replica 7d6b011b-ce47-4056-b31f-8fa2b8e8fc05 success
I20260724 07:15:29.087846 2188637 model.cpp:356] Finished loading tensor from memory to device 0
INFO 07-24 07:15:29 server.py:188] Confirm GPU group 5 for meta-llama/Meta-Llama-3-8B_sllm-condense_0 replica 7d6b011b-ce47-4056-b31f-8fa2b8e8fc05 success
INFO 07-24 07:15:29 server.py:188] Confirm GPU group 6 for meta-llama/Meta-Llama-3-8B_sllm-condense_0 replica 7d6b011b-ce47-4056-b31f-8fa2b8e8fc05 success
INFO 07-24 07:15:29 server.py:188] Confirm GPU group 7 for meta-llama/Meta-Llama-3-8B_sllm-condense_0 replica 7d6b011b-ce47-4056-b31f-8fa2b8e8fc05 success
INFO 07-24 07:15:29 server.py:188] Confirm GPU group 8 for meta-llama/Meta-Llama-3-8B_sllm-condense_0 replica 7d6b011b-ce47-4056-b31f-8fa2b8e8fc05 success
INFO 07-24 07:15:29 server.py:188] Confirm GPU group 9 for meta-llama/Meta-Llama-3-8B_sllm-condense_0 replica 7d6b011b-ce47-4056-b31f-8fa2b8e8fc05 success
INFO 07-24 07:15:29 server.py:188] Confirm GPU group 10 for meta-llama/Meta-Llama-3-8B_sllm-condense_0 replica 7d6b011b-ce47-4056-b31f-8fa2b8e8fc05 success
INFO 07-24 07:15:29 server.py:188] Confirm GPU group 11 for meta-llama/Meta-Llama-3-8B_sllm-condense_0 replica 7d6b011b-ce47-4056-b31f-8fa2b8e8fc05 success
INFO 07-24 07:15:29 server.py:188] Confirm GPU group 12 for meta-llama/Meta-Llama-3-8B_sllm-condense_0 replica 7d6b011b-ce47-4056-b31f-8fa2b8e8fc05 success
INFO 07-24 07:15:29 server.py:188] Confirm GPU group 13 for meta-llama/Meta-Llama-3-8B_sllm-condense_0 replica 7d6b011b-ce47-4056-b31f-8fa2b8e8fc05 success
INFO 07-24 07:15:29 server.py:188] Confirm GPU group 14 for meta-llama/Meta-Llama-3-8B_sllm-condense_0 replica 7d6b011b-ce47-4056-b31f-8fa2b8e8fc05 success
INFO 07-24 07:15:29 server.py:188] Confirm GPU group 15 for meta-llama/Meta-Llama-3-8B_sllm-condense_0 replica 7d6b011b-ce47-4056-b31f-8fa2b8e8fc05 success
INFO 07-24 07:15:29 server.py:188] Confirm GPU group 16 for meta-llama/Meta-Llama-3-8B_sllm-condense_0 replica 7d6b011b-ce47-4056-b31f-8fa2b8e8fc05 success
INFO 07-24 07:15:29 server.py:188] Confirm GPU group 17 for meta-llama/Meta-Llama-3-8B_sllm-condense_0 replica 7d6b011b-ce47-4056-b31f-8fa2b8e8fc05 success
INFO 07-24 07:15:29 server.py:188] Confirm GPU group 18 for meta-llama/Meta-Llama-3-8B_sllm-condense_0 replica 7d6b011b-ce47-4056-b31f-8fa2b8e8fc05 success
INFO 07-24 07:15:29 server.py:188] Confirm GPU group 19 for meta-llama/Meta-Llama-3-8B_sllm-condense_0 replica 7d6b011b-ce47-4056-b31f-8fa2b8e8fc05 success
INFO 07-24 07:15:29 server.py:188] Confirm GPU group 20 for meta-llama/Meta-Llama-3-8B_sllm-condense_0 replica 7d6b011b-ce47-4056-b31f-8fa2b8e8fc05 success
INFO 07-24 07:15:29 server.py:188] Confirm GPU group 21 for meta-llama/Meta-Llama-3-8B_sllm-condense_0 replica 7d6b011b-ce47-4056-b31f-8fa2b8e8fc05 success
INFO 07-24 07:15:29 server.py:188] Confirm GPU group 22 for meta-llama/Meta-Llama-3-8B_sllm-condense_0 replica 7d6b011b-ce47-4056-b31f-8fa2b8e8fc05 success
INFO 07-24 07:15:29 server.py:188] Confirm GPU group 23 for meta-llama/Meta-Llama-3-8B_sllm-condense_0 replica 7d6b011b-ce47-4056-b31f-8fa2b8e8fc05 success
INFO 07-24 07:15:29 server.py:188] Confirm GPU group 24 for meta-llama/Meta-Llama-3-8B_sllm-condense_0 replica 7d6b011b-ce47-4056-b31f-8fa2b8e8fc05 success
INFO 07-24 07:15:29 server.py:188] Confirm GPU group 25 for meta-llama/Meta-Llama-3-8B_sllm-condense_0 replica 7d6b011b-ce47-4056-b31f-8fa2b8e8fc05 success
INFO 07-24 07:15:29 server.py:188] Confirm GPU group 26 for meta-llama/Meta-Llama-3-8B_sllm-condense_0 replica 7d6b011b-ce47-4056-b31f-8fa2b8e8fc05 success
INFO 07-24 07:15:29 server.py:188] Confirm GPU group 27 for meta-llama/Meta-Llama-3-8B_sllm-condense_0 replica 7d6b011b-ce47-4056-b31f-8fa2b8e8fc05 success
INFO 07-24 07:15:29 server.py:188] Confirm GPU group 28 for meta-llama/Meta-Llama-3-8B_sllm-condense_0 replica 7d6b011b-ce47-4056-b31f-8fa2b8e8fc05 success
INFO 07-24 07:15:29 server.py:188] Confirm GPU group 29 for meta-llama/Meta-Llama-3-8B_sllm-condense_0 replica 7d6b011b-ce47-4056-b31f-8fa2b8e8fc05 success
INFO 07-24 07:15:29 server.py:188] Confirm GPU group 30 for meta-llama/Meta-Llama-3-8B_sllm-condense_0 replica 7d6b011b-ce47-4056-b31f-8fa2b8e8fc05 success
INFO 07-24 07:15:29 server.py:188] Confirm GPU group 31 for meta-llama/Meta-Llama-3-8B_sllm-condense_0 replica 7d6b011b-ce47-4056-b31f-8fa2b8e8fc05 success
INFO 07-24 07:15:29 server.py:188] Confirm GPU group 32 for meta-llama/Meta-Llama-3-8B_sllm-condense_0 replica 7d6b011b-ce47-4056-b31f-8fa2b8e8fc05 success
INFO 07-24 07:15:29 server.py:188] Confirm GPU group 33 for meta-llama/Meta-Llama-3-8B_sllm-condense_0 replica 7d6b011b-ce47-4056-b31f-8fa2b8e8fc05 success
INFO 07-24 07:15:29 server.py:188] Confirm GPU group 34 for meta-llama/Meta-Llama-3-8B_sllm-condense_0 replica 7d6b011b-ce47-4056-b31f-8fa2b8e8fc05 success
INFO 07-24 07:15:29 server.py:188] Confirm GPU group 35 for meta-llama/Meta-Llama-3-8B_sllm-condense_0 replica 7d6b011b-ce47-4056-b31f-8fa2b8e8fc05 success
INFO 07-24 07:15:29 server.py:188] Confirm GPU group 36 for meta-llama/Meta-Llama-3-8B_sllm-condense_0 replica 7d6b011b-ce47-4056-b31f-8fa2b8e8fc05 success
INFO 07-24 07:15:29 server.py:188] Confirm GPU group 37 for meta-llama/Meta-Llama-3-8B_sllm-condense_0 replica 7d6b011b-ce47-4056-b31f-8fa2b8e8fc05 success
INFO 07-24 07:15:29 server.py:188] Confirm GPU group 38 for meta-llama/Meta-Llama-3-8B_sllm-condense_0 replica 7d6b011b-ce47-4056-b31f-8fa2b8e8fc05 success
INFO 07-24 07:15:29 server.py:188] Confirm GPU group 39 for meta-llama/Meta-Llama-3-8B_sllm-condense_0 replica 7d6b011b-ce47-4056-b31f-8fa2b8e8fc05 success
INFO 07-24 07:15:29 server.py:188] Confirm GPU group 40 for meta-llama/Meta-Llama-3-8B_sllm-condense_0 replica 7d6b011b-ce47-4056-b31f-8fa2b8e8fc05 success
INFO 07-24 07:15:29 server.py:188] Confirm GPU group 41 for meta-llama/Meta-Llama-3-8B_sllm-condense_0 replica 7d6b011b-ce47-4056-b31f-8fa2b8e8fc05 success
INFO 07-24 07:15:29 server.py:188] Confirm GPU group 42 for meta-llama/Meta-Llama-3-8B_sllm-condense_0 replica 7d6b011b-ce47-4056-b31f-8fa2b8e8fc05 success
INFO 07-24 07:15:29 server.py:188] Confirm GPU group 43 for meta-llama/Meta-Llama-3-8B_sllm-condense_0 replica 7d6b011b-ce47-4056-b31f-8fa2b8e8fc05 success
INFO 07-24 07:15:29 server.py:188] Confirm GPU group 44 for meta-llama/Meta-Llama-3-8B_sllm-condense_0 replica 7d6b011b-ce47-4056-b31f-8fa2b8e8fc05 success
INFO 07-24 07:15:29 server.py:188] Confirm GPU group 45 for meta-llama/Meta-Llama-3-8B_sllm-condense_0 replica 7d6b011b-ce47-4056-b31f-8fa2b8e8fc05 success
INFO 07-24 07:15:29 server.py:188] Confirm GPU group 46 for meta-llama/Meta-Llama-3-8B_sllm-condense_0 replica 7d6b011b-ce47-4056-b31f-8fa2b8e8fc05 success
INFO 07-24 07:15:30 server.py:188] Confirm GPU group 47 for meta-llama/Meta-Llama-3-8B_sllm-condense_0 replica 7d6b011b-ce47-4056-b31f-8fa2b8e8fc05 success
INFO 07-24 07:15:30 server.py:188] Confirm GPU group 48 for meta-llama/Meta-Llama-3-8B_sllm-condense_0 replica 7d6b011b-ce47-4056-b31f-8fa2b8e8fc05 success
INFO 07-24 07:15:30 server.py:188] Confirm GPU group 49 for meta-llama/Meta-Llama-3-8B_sllm-condense_0 replica 7d6b011b-ce47-4056-b31f-8fa2b8e8fc05 success
INFO 07-24 07:15:30 server.py:188] Confirm GPU group 50 for meta-llama/Meta-Llama-3-8B_sllm-condense_0 replica 7d6b011b-ce47-4056-b31f-8fa2b8e8fc05 success
INFO 07-24 07:15:30 server.py:188] Confirm GPU group 51 for meta-llama/Meta-Llama-3-8B_sllm-condense_0 replica 7d6b011b-ce47-4056-b31f-8fa2b8e8fc05 success
INFO 07-24 07:15:30 server.py:188] Confirm GPU group 52 for meta-llama/Meta-Llama-3-8B_sllm-condense_0 replica 7d6b011b-ce47-4056-b31f-8fa2b8e8fc05 success
INFO 07-24 07:15:30 server.py:188] Confirm GPU group 53 for meta-llama/Meta-Llama-3-8B_sllm-condense_0 replica 7d6b011b-ce47-4056-b31f-8fa2b8e8fc05 success
INFO 07-24 07:15:30 server.py:188] Confirm GPU group 54 for meta-llama/Meta-Llama-3-8B_sllm-condense_0 replica 7d6b011b-ce47-4056-b31f-8fa2b8e8fc05 success
INFO 07-24 07:15:30 server.py:188] Confirm GPU group 55 for meta-llama/Meta-Llama-3-8B_sllm-condense_0 replica 7d6b011b-ce47-4056-b31f-8fa2b8e8fc05 success
INFO 07-24 07:15:30 server.py:188] Confirm GPU group 56 for meta-llama/Meta-Llama-3-8B_sllm-condense_0 replica 7d6b011b-ce47-4056-b31f-8fa2b8e8fc05 success
INFO 07-24 07:15:30 server.py:188] Confirm GPU group 57 for meta-llama/Meta-Llama-3-8B_sllm-condense_0 replica 7d6b011b-ce47-4056-b31f-8fa2b8e8fc05 success
INFO 07-24 07:15:30 server.py:188] Confirm GPU group 58 for meta-llama/Meta-Llama-3-8B_sllm-condense_0 replica 7d6b011b-ce47-4056-b31f-8fa2b8e8fc05 success
INFO 07-24 07:15:30 server.py:188] Confirm GPU group 59 for meta-llama/Meta-Llama-3-8B_sllm-condense_0 replica 7d6b011b-ce47-4056-b31f-8fa2b8e8fc05 success
INFO 07-24 07:15:30 server.py:188] Confirm GPU group 60 for meta-llama/Meta-Llama-3-8B_sllm-condense_0 replica 7d6b011b-ce47-4056-b31f-8fa2b8e8fc05 success
INFO 07-24 07:15:30 server.py:188] Confirm GPU group 61 for meta-llama/Meta-Llama-3-8B_sllm-condense_0 replica 7d6b011b-ce47-4056-b31f-8fa2b8e8fc05 success
INFO 07-24 07:15:31 server.py:188] Confirm GPU group 62 for meta-llama/Meta-Llama-3-8B_sllm-condense_0 replica 7d6b011b-ce47-4056-b31f-8fa2b8e8fc05 success
INFO 07-24 07:15:31 server.py:188] Confirm GPU group 63 for meta-llama/Meta-Llama-3-8B_sllm-condense_0 replica 7d6b011b-ce47-4056-b31f-8fa2b8e8fc05 success
INFO 07-24 07:15:31 server.py:188] Confirm GPU group 64 for meta-llama/Meta-Llama-3-8B_sllm-condense_0 replica 7d6b011b-ce47-4056-b31f-8fa2b8e8fc05 success
INFO 07-24 07:15:31 server.py:188] Confirm GPU group 65 for meta-llama/Meta-Llama-3-8B_sllm-condense_0 replica 7d6b011b-ce47-4056-b31f-8fa2b8e8fc05 success
INFO 07-24 07:15:31 server.py:188] Confirm GPU group 66 for meta-llama/Meta-Llama-3-8B_sllm-condense_0 replica 7d6b011b-ce47-4056-b31f-8fa2b8e8fc05 success
INFO 07-24 07:15:31 server.py:188] Confirm GPU group 67 for meta-llama/Meta-Llama-3-8B_sllm-condense_0 replica 7d6b011b-ce47-4056-b31f-8fa2b8e8fc05 success
INFO 07-24 07:15:31 server.py:188] Confirm GPU group 68 for meta-llama/Meta-Llama-3-8B_sllm-condense_0 replica 7d6b011b-ce47-4056-b31f-8fa2b8e8fc05 success
INFO 07-24 07:15:31 server.py:188] Confirm GPU group 69 for meta-llama/Meta-Llama-3-8B_sllm-condense_0 replica 7d6b011b-ce47-4056-b31f-8fa2b8e8fc05 success
INFO 07-24 07:15:31 server.py:188] Confirm GPU group 70 for meta-llama/Meta-Llama-3-8B_sllm-condense_0 replica 7d6b011b-ce47-4056-b31f-8fa2b8e8fc05 success
INFO 07-24 07:15:31 server.py:188] Confirm GPU group 71 for meta-llama/Meta-Llama-3-8B_sllm-condense_0 replica 7d6b011b-ce47-4056-b31f-8fa2b8e8fc05 success
INFO 07-24 07:15:31 server.py:188] Confirm GPU group 72 for meta-llama/Meta-Llama-3-8B_sllm-condense_0 replica 7d6b011b-ce47-4056-b31f-8fa2b8e8fc05 success
INFO 07-24 07:15:31 server.py:188] Confirm GPU group 73 for meta-llama/Meta-Llama-3-8B_sllm-condense_0 replica 7d6b011b-ce47-4056-b31f-8fa2b8e8fc05 success
INFO 07-24 07:15:31 server.py:188] Confirm GPU group 74 for meta-llama/Meta-Llama-3-8B_sllm-condense_0 replica 7d6b011b-ce47-4056-b31f-8fa2b8e8fc05 success
INFO 07-24 07:15:31 server.py:188] Confirm GPU group 75 for meta-llama/Meta-Llama-3-8B_sllm-condense_0 replica 7d6b011b-ce47-4056-b31f-8fa2b8e8fc05 success
INFO 07-24 07:15:31 server.py:188] Confirm GPU group 76 for meta-llama/Meta-Llama-3-8B_sllm-condense_0 replica 7d6b011b-ce47-4056-b31f-8fa2b8e8fc05 success
INFO 07-24 07:15:31 server.py:188] Confirm GPU group 77 for meta-llama/Meta-Llama-3-8B_sllm-condense_0 replica 7d6b011b-ce47-4056-b31f-8fa2b8e8fc05 success
INFO 07-24 07:15:31 server.py:188] Confirm GPU group 78 for meta-llama/Meta-Llama-3-8B_sllm-condense_0 replica 7d6b011b-ce47-4056-b31f-8fa2b8e8fc05 success
INFO 07-24 07:15:31 server.py:188] Confirm GPU group 79 for meta-llama/Meta-Llama-3-8B_sllm-condense_0 replica 7d6b011b-ce47-4056-b31f-8fa2b8e8fc05 success
INFO 07-24 07:15:31 server.py:188] Confirm GPU group 80 for meta-llama/Meta-Llama-3-8B_sllm-condense_0 replica 7d6b011b-ce47-4056-b31f-8fa2b8e8fc05 success
INFO 07-24 07:15:31 server.py:188] Confirm GPU group 81 for meta-llama/Meta-Llama-3-8B_sllm-condense_0 replica 7d6b011b-ce47-4056-b31f-8fa2b8e8fc05 success
INFO 07-24 07:15:31 server.py:188] Confirm GPU group 82 for meta-llama/Meta-Llama-3-8B_sllm-condense_0 replica 7d6b011b-ce47-4056-b31f-8fa2b8e8fc05 success
INFO 07-24 07:15:31 server.py:188] Confirm GPU group 83 for meta-llama/Meta-Llama-3-8B_sllm-condense_0 replica 7d6b011b-ce47-4056-b31f-8fa2b8e8fc05 success
INFO 07-24 07:15:31 server.py:188] Confirm GPU group 84 for meta-llama/Meta-Llama-3-8B_sllm-condense_0 replica 7d6b011b-ce47-4056-b31f-8fa2b8e8fc05 success
INFO 07-24 07:15:31 server.py:188] Confirm GPU group 85 for meta-llama/Meta-Llama-3-8B_sllm-condense_0 replica 7d6b011b-ce47-4056-b31f-8fa2b8e8fc05 success
INFO 07-24 07:15:31 server.py:188] Confirm GPU group 86 for meta-llama/Meta-Llama-3-8B_sllm-condense_0 replica 7d6b011b-ce47-4056-b31f-8fa2b8e8fc05 success
INFO 07-24 07:15:31 server.py:188] Confirm GPU group 87 for meta-llama/Meta-Llama-3-8B_sllm-condense_0 replica 7d6b011b-ce47-4056-b31f-8fa2b8e8fc05 success
INFO 07-24 07:15:31 server.py:188] Confirm GPU group 88 for meta-llama/Meta-Llama-3-8B_sllm-condense_0 replica 7d6b011b-ce47-4056-b31f-8fa2b8e8fc05 success
INFO 07-24 07:15:31 server.py:188] Confirm GPU group 89 for meta-llama/Meta-Llama-3-8B_sllm-condense_0 replica 7d6b011b-ce47-4056-b31f-8fa2b8e8fc05 success
INFO 07-24 07:15:31 server.py:188] Confirm GPU group 90 for meta-llama/Meta-Llama-3-8B_sllm-condense_0 replica 7d6b011b-ce47-4056-b31f-8fa2b8e8fc05 success
INFO 07-24 07:15:31 server.py:188] Confirm GPU group 91 for meta-llama/Meta-Llama-3-8B_sllm-condense_0 replica 7d6b011b-ce47-4056-b31f-8fa2b8e8fc05 success
INFO 07-24 07:15:31 server.py:188] Confirm GPU group 92 for meta-llama/Meta-Llama-3-8B_sllm-condense_0 replica 7d6b011b-ce47-4056-b31f-8fa2b8e8fc05 success
INFO 07-24 07:15:31 server.py:188] Confirm GPU group 93 for meta-llama/Meta-Llama-3-8B_sllm-condense_0 replica 7d6b011b-ce47-4056-b31f-8fa2b8e8fc05 success
INFO 07-24 07:15:31 server.py:188] Confirm GPU group 94 for meta-llama/Meta-Llama-3-8B_sllm-condense_0 replica 7d6b011b-ce47-4056-b31f-8fa2b8e8fc05 success
INFO 07-24 07:15:31 server.py:188] Confirm GPU group 95 for meta-llama/Meta-Llama-3-8B_sllm-condense_0 replica 7d6b011b-ce47-4056-b31f-8fa2b8e8fc05 success
INFO 07-24 07:15:31 server.py:188] Confirm GPU group 96 for meta-llama/Meta-Llama-3-8B_sllm-condense_0 replica 7d6b011b-ce47-4056-b31f-8fa2b8e8fc05 success
INFO 07-24 07:15:31 server.py:188] Confirm GPU group 97 for meta-llama/Meta-Llama-3-8B_sllm-condense_0 replica 7d6b011b-ce47-4056-b31f-8fa2b8e8fc05 success
INFO 07-24 07:15:31 server.py:188] Confirm GPU group 98 for meta-llama/Meta-Llama-3-8B_sllm-condense_0 replica 7d6b011b-ce47-4056-b31f-8fa2b8e8fc05 success
INFO 07-24 07:15:31 server.py:188] Confirm GPU group 99 for meta-llama/Meta-Llama-3-8B_sllm-condense_0 replica 7d6b011b-ce47-4056-b31f-8fa2b8e8fc05 success
INFO 07-24 07:15:31 server.py:188] Confirm GPU group 100 for meta-llama/Meta-Llama-3-8B_sllm-condense_0 replica 7d6b011b-ce47-4056-b31f-8fa2b8e8fc05 success
INFO 07-24 07:15:31 server.py:188] Confirm GPU group 101 for meta-llama/Meta-Llama-3-8B_sllm-condense_0 replica 7d6b011b-ce47-4056-b31f-8fa2b8e8fc05 success
INFO 07-24 07:15:31 server.py:188] Confirm GPU group 102 for meta-llama/Meta-Llama-3-8B_sllm-condense_0 replica 7d6b011b-ce47-4056-b31f-8fa2b8e8fc05 success
INFO 07-24 07:15:31 server.py:188] Confirm GPU group 103 for meta-llama/Meta-Llama-3-8B_sllm-condense_0 replica 7d6b011b-ce47-4056-b31f-8fa2b8e8fc05 success
INFO 07-24 07:15:31 server.py:188] Confirm GPU group 104 for meta-llama/Meta-Llama-3-8B_sllm-condense_0 replica 7d6b011b-ce47-4056-b31f-8fa2b8e8fc05 success
INFO 07-24 07:15:31 server.py:188] Confirm GPU group 105 for meta-llama/Meta-Llama-3-8B_sllm-condense_0 replica 7d6b011b-ce47-4056-b31f-8fa2b8e8fc05 success
INFO 07-24 07:15:31 server.py:188] Confirm GPU group 106 for meta-llama/Meta-Llama-3-8B_sllm-condense_0 replica 7d6b011b-ce47-4056-b31f-8fa2b8e8fc05 success
INFO 07-24 07:15:31 server.py:188] Confirm GPU group 107 for meta-llama/Meta-Llama-3-8B_sllm-condense_0 replica 7d6b011b-ce47-4056-b31f-8fa2b8e8fc05 success
INFO 07-24 07:15:31 server.py:188] Confirm GPU group 108 for meta-llama/Meta-Llama-3-8B_sllm-condense_0 replica 7d6b011b-ce47-4056-b31f-8fa2b8e8fc05 success
INFO 07-24 07:15:31 server.py:188] Confirm GPU group 109 for meta-llama/Meta-Llama-3-8B_sllm-condense_0 replica 7d6b011b-ce47-4056-b31f-8fa2b8e8fc05 success
INFO 07-24 07:15:31 server.py:188] Confirm GPU group 110 for meta-llama/Meta-Llama-3-8B_sllm-condense_0 replica 7d6b011b-ce47-4056-b31f-8fa2b8e8fc05 success
INFO 07-24 07:15:31 server.py:188] Confirm GPU group 111 for meta-llama/Meta-Llama-3-8B_sllm-condense_0 replica 7d6b011b-ce47-4056-b31f-8fa2b8e8fc05 success
INFO 07-24 07:15:31 server.py:188] Confirm GPU group 112 for meta-llama/Meta-Llama-3-8B_sllm-condense_0 replica 7d6b011b-ce47-4056-b31f-8fa2b8e8fc05 success
INFO 07-24 07:15:31 server.py:188] Confirm GPU group 113 for meta-llama/Meta-Llama-3-8B_sllm-condense_0 replica 7d6b011b-ce47-4056-b31f-8fa2b8e8fc05 success
INFO 07-24 07:15:31 server.py:188] Confirm GPU group 114 for meta-llama/Meta-Llama-3-8B_sllm-condense_0 replica 7d6b011b-ce47-4056-b31f-8fa2b8e8fc05 success
INFO 07-24 07:15:31 server.py:188] Confirm GPU group 115 for meta-llama/Meta-Llama-3-8B_sllm-condense_0 replica 7d6b011b-ce47-4056-b31f-8fa2b8e8fc05 success
INFO 07-24 07:15:31 server.py:188] Confirm GPU group 116 for meta-llama/Meta-Llama-3-8B_sllm-condense_0 replica 7d6b011b-ce47-4056-b31f-8fa2b8e8fc05 success
INFO 07-24 07:15:31 server.py:188] Confirm GPU group 117 for meta-llama/Meta-Llama-3-8B_sllm-condense_0 replica 7d6b011b-ce47-4056-b31f-8fa2b8e8fc05 success
INFO 07-24 07:15:31 server.py:188] Confirm GPU group 118 for meta-llama/Meta-Llama-3-8B_sllm-condense_0 replica 7d6b011b-ce47-4056-b31f-8fa2b8e8fc05 success
INFO 07-24 07:15:31 server.py:188] Confirm GPU group 119 for meta-llama/Meta-Llama-3-8B_sllm-condense_0 replica 7d6b011b-ce47-4056-b31f-8fa2b8e8fc05 success
INFO 07-24 07:15:31 server.py:188] Confirm GPU group 120 for meta-llama/Meta-Llama-3-8B_sllm-condense_0 replica 7d6b011b-ce47-4056-b31f-8fa2b8e8fc05 success
INFO 07-24 07:15:31 server.py:188] Confirm GPU group 121 for meta-llama/Meta-Llama-3-8B_sllm-condense_0 replica 7d6b011b-ce47-4056-b31f-8fa2b8e8fc05 success
INFO 07-24 07:15:31 server.py:188] Confirm GPU group 122 for meta-llama/Meta-Llama-3-8B_sllm-condense_0 replica 7d6b011b-ce47-4056-b31f-8fa2b8e8fc05 success
INFO 07-24 07:15:31 server.py:188] Confirm GPU group 123 for meta-llama/Meta-Llama-3-8B_sllm-condense_0 replica 7d6b011b-ce47-4056-b31f-8fa2b8e8fc05 success
INFO 07-24 07:15:31 server.py:188] Confirm GPU group 124 for meta-llama/Meta-Llama-3-8B_sllm-condense_0 replica 7d6b011b-ce47-4056-b31f-8fa2b8e8fc05 success
INFO 07-24 07:15:31 server.py:188] Confirm GPU group 125 for meta-llama/Meta-Llama-3-8B_sllm-condense_0 replica 7d6b011b-ce47-4056-b31f-8fa2b8e8fc05 success
INFO 07-24 07:15:31 server.py:188] Confirm GPU group 126 for meta-llama/Meta-Llama-3-8B_sllm-condense_0 replica 7d6b011b-ce47-4056-b31f-8fa2b8e8fc05 success
INFO 07-24 07:15:31 server.py:188] Confirm GPU group 127 for meta-llama/Meta-Llama-3-8B_sllm-condense_0 replica 7d6b011b-ce47-4056-b31f-8fa2b8e8fc05 success
INFO 07-24 07:15:31 server.py:188] Confirm GPU group 128 for meta-llama/Meta-Llama-3-8B_sllm-condense_0 replica 7d6b011b-ce47-4056-b31f-8fa2b8e8fc05 success
INFO 07-24 07:15:31 server.py:188] Confirm GPU group 129 for meta-llama/Meta-Llama-3-8B_sllm-condense_0 replica 7d6b011b-ce47-4056-b31f-8fa2b8e8fc05 success
INFO 07-24 07:15:31 server.py:188] Confirm GPU group 130 for meta-llama/Meta-Llama-3-8B_sllm-condense_0 replica 7d6b011b-ce47-4056-b31f-8fa2b8e8fc05 success
INFO 07-24 07:15:32 server.py:188] Confirm GPU group 131 for meta-llama/Meta-Llama-3-8B_sllm-condense_0 replica 7d6b011b-ce47-4056-b31f-8fa2b8e8fc05 success
INFO 07-24 07:15:32 server.py:188] Confirm GPU group 132 for meta-llama/Meta-Llama-3-8B_sllm-condense_0 replica 7d6b011b-ce47-4056-b31f-8fa2b8e8fc05 success
INFO 07-24 07:15:32 server.py:188] Confirm GPU group 133 for meta-llama/Meta-Llama-3-8B_sllm-condense_0 replica 7d6b011b-ce47-4056-b31f-8fa2b8e8fc05 success
INFO 07-24 07:15:32 server.py:188] Confirm GPU group 134 for meta-llama/Meta-Llama-3-8B_sllm-condense_0 replica 7d6b011b-ce47-4056-b31f-8fa2b8e8fc05 success
INFO 07-24 07:15:32 server.py:188] Confirm GPU group 135 for meta-llama/Meta-Llama-3-8B_sllm-condense_0 replica 7d6b011b-ce47-4056-b31f-8fa2b8e8fc05 success
INFO 07-24 07:15:32 server.py:188] Confirm GPU group 136 for meta-llama/Meta-Llama-3-8B_sllm-condense_0 replica 7d6b011b-ce47-4056-b31f-8fa2b8e8fc05 success
INFO 07-24 07:15:32 server.py:188] Confirm GPU group 137 for meta-llama/Meta-Llama-3-8B_sllm-condense_0 replica 7d6b011b-ce47-4056-b31f-8fa2b8e8fc05 success
INFO 07-24 07:15:32 server.py:188] Confirm GPU group 138 for meta-llama/Meta-Llama-3-8B_sllm-condense_0 replica 7d6b011b-ce47-4056-b31f-8fa2b8e8fc05 success
INFO 07-24 07:15:32 server.py:188] Confirm GPU group 139 for meta-llama/Meta-Llama-3-8B_sllm-condense_0 replica 7d6b011b-ce47-4056-b31f-8fa2b8e8fc05 success
INFO 07-24 07:15:32 server.py:188] Confirm GPU group 140 for meta-llama/Meta-Llama-3-8B_sllm-condense_0 replica 7d6b011b-ce47-4056-b31f-8fa2b8e8fc05 success
INFO 07-24 07:15:32 server.py:188] Confirm GPU group 141 for meta-llama/Meta-Llama-3-8B_sllm-condense_0 replica 7d6b011b-ce47-4056-b31f-8fa2b8e8fc05 success
INFO 07-24 07:15:32 server.py:188] Confirm GPU group 142 for meta-llama/Meta-Llama-3-8B_sllm-condense_0 replica 7d6b011b-ce47-4056-b31f-8fa2b8e8fc05 success
INFO 07-24 07:15:32 server.py:188] Confirm GPU group 143 for meta-llama/Meta-Llama-3-8B_sllm-condense_0 replica 7d6b011b-ce47-4056-b31f-8fa2b8e8fc05 success
INFO 07-24 07:15:32 server.py:188] Confirm GPU group 144 for meta-llama/Meta-Llama-3-8B_sllm-condense_0 replica 7d6b011b-ce47-4056-b31f-8fa2b8e8fc05 success
INFO 07-24 07:15:32 server.py:188] Confirm GPU group 145 for meta-llama/Meta-Llama-3-8B_sllm-condense_0 replica 7d6b011b-ce47-4056-b31f-8fa2b8e8fc05 success
INFO 07-24 07:15:32 server.py:188] Confirm GPU group 146 for meta-llama/Meta-Llama-3-8B_sllm-condense_0 replica 7d6b011b-ce47-4056-b31f-8fa2b8e8fc05 success
INFO 07-24 07:15:32 server.py:188] Confirm GPU group 147 for meta-llama/Meta-Llama-3-8B_sllm-condense_0 replica 7d6b011b-ce47-4056-b31f-8fa2b8e8fc05 success
INFO 07-24 07:15:32 server.py:188] Confirm GPU group 148 for meta-llama/Meta-Llama-3-8B_sllm-condense_0 replica 7d6b011b-ce47-4056-b31f-8fa2b8e8fc05 success
INFO 07-24 07:15:32 server.py:188] Confirm GPU group 149 for meta-llama/Meta-Llama-3-8B_sllm-condense_0 replica 7d6b011b-ce47-4056-b31f-8fa2b8e8fc05 success
INFO 07-24 07:15:32 server.py:188] Confirm GPU group 150 for meta-llama/Meta-Llama-3-8B_sllm-condense_0 replica 7d6b011b-ce47-4056-b31f-8fa2b8e8fc05 success
INFO 07-24 07:15:32 server.py:188] Confirm GPU group 151 for meta-llama/Meta-Llama-3-8B_sllm-condense_0 replica 7d6b011b-ce47-4056-b31f-8fa2b8e8fc05 success
INFO 07-24 07:15:32 server.py:188] Confirm GPU group 152 for meta-llama/Meta-Llama-3-8B_sllm-condense_0 replica 7d6b011b-ce47-4056-b31f-8fa2b8e8fc05 success
INFO 07-24 07:15:32 server.py:188] Confirm GPU group 153 for meta-llama/Meta-Llama-3-8B_sllm-condense_0 replica 7d6b011b-ce47-4056-b31f-8fa2b8e8fc05 success
INFO 07-24 07:15:32 server.py:188] Confirm GPU group 154 for meta-llama/Meta-Llama-3-8B_sllm-condense_0 replica 7d6b011b-ce47-4056-b31f-8fa2b8e8fc05 success
INFO 07-24 07:15:32 server.py:188] Confirm GPU group 155 for meta-llama/Meta-Llama-3-8B_sllm-condense_0 replica 7d6b011b-ce47-4056-b31f-8fa2b8e8fc05 success
INFO 07-24 07:15:32 server.py:188] Confirm GPU group 156 for meta-llama/Meta-Llama-3-8B_sllm-condense_0 replica 7d6b011b-ce47-4056-b31f-8fa2b8e8fc05 success
INFO 07-24 07:15:32 server.py:188] Confirm GPU group 157 for meta-llama/Meta-Llama-3-8B_sllm-condense_0 replica 7d6b011b-ce47-4056-b31f-8fa2b8e8fc05 success
INFO 07-24 07:15:32 server.py:188] Confirm GPU group 158 for meta-llama/Meta-Llama-3-8B_sllm-condense_0 replica 7d6b011b-ce47-4056-b31f-8fa2b8e8fc05 success
INFO 07-24 07:15:32 server.py:188] Confirm GPU group 159 for meta-llama/Meta-Llama-3-8B_sllm-condense_0 replica 7d6b011b-ce47-4056-b31f-8fa2b8e8fc05 success
INFO 07-24 07:15:32 server.py:188] Confirm GPU group 160 for meta-llama/Meta-Llama-3-8B_sllm-condense_0 replica 7d6b011b-ce47-4056-b31f-8fa2b8e8fc05 success
INFO 07-24 07:15:32 server.py:188] Confirm GPU group 161 for meta-llama/Meta-Llama-3-8B_sllm-condense_0 replica 7d6b011b-ce47-4056-b31f-8fa2b8e8fc05 success
INFO 07-24 07:15:32 server.py:188] Confirm GPU group 162 for meta-llama/Meta-Llama-3-8B_sllm-condense_0 replica 7d6b011b-ce47-4056-b31f-8fa2b8e8fc05 success
INFO 07-24 07:15:32 server.py:188] Confirm GPU group 163 for meta-llama/Meta-Llama-3-8B_sllm-condense_0 replica 7d6b011b-ce47-4056-b31f-8fa2b8e8fc05 success
INFO 07-24 07:15:32 server.py:188] Confirm GPU group 164 for meta-llama/Meta-Llama-3-8B_sllm-condense_0 replica 7d6b011b-ce47-4056-b31f-8fa2b8e8fc05 success
INFO 07-24 07:15:32 server.py:188] Confirm GPU group 165 for meta-llama/Meta-Llama-3-8B_sllm-condense_0 replica 7d6b011b-ce47-4056-b31f-8fa2b8e8fc05 success
INFO 07-24 07:15:32 server.py:188] Confirm GPU group 166 for meta-llama/Meta-Llama-3-8B_sllm-condense_0 replica 7d6b011b-ce47-4056-b31f-8fa2b8e8fc05 success
INFO 07-24 07:15:32 server.py:188] Confirm GPU group 167 for meta-llama/Meta-Llama-3-8B_sllm-condense_0 replica 7d6b011b-ce47-4056-b31f-8fa2b8e8fc05 success
INFO 07-24 07:15:32 server.py:188] Confirm GPU group 168 for meta-llama/Meta-Llama-3-8B_sllm-condense_0 replica 7d6b011b-ce47-4056-b31f-8fa2b8e8fc05 success
INFO 07-24 07:15:32 server.py:188] Confirm GPU group 169 for meta-llama/Meta-Llama-3-8B_sllm-condense_0 replica 7d6b011b-ce47-4056-b31f-8fa2b8e8fc05 success
INFO 07-24 07:15:32 server.py:188] Confirm GPU group 170 for meta-llama/Meta-Llama-3-8B_sllm-condense_0 replica 7d6b011b-ce47-4056-b31f-8fa2b8e8fc05 success
INFO 07-24 07:15:32 server.py:188] Confirm GPU group 171 for meta-llama/Meta-Llama-3-8B_sllm-condense_0 replica 7d6b011b-ce47-4056-b31f-8fa2b8e8fc05 success
INFO 07-24 07:15:32 server.py:188] Confirm GPU group 172 for meta-llama/Meta-Llama-3-8B_sllm-condense_0 replica 7d6b011b-ce47-4056-b31f-8fa2b8e8fc05 success
INFO 07-24 07:15:32 server.py:188] Confirm GPU group 173 for meta-llama/Meta-Llama-3-8B_sllm-condense_0 replica 7d6b011b-ce47-4056-b31f-8fa2b8e8fc05 success
INFO 07-24 07:15:32 server.py:188] Confirm GPU group 174 for meta-llama/Meta-Llama-3-8B_sllm-condense_0 replica 7d6b011b-ce47-4056-b31f-8fa2b8e8fc05 success
INFO 07-24 07:15:32 server.py:188] Confirm GPU group 175 for meta-llama/Meta-Llama-3-8B_sllm-condense_0 replica 7d6b011b-ce47-4056-b31f-8fa2b8e8fc05 success
INFO 07-24 07:15:32 server.py:188] Confirm GPU group 176 for meta-llama/Meta-Llama-3-8B_sllm-condense_0 replica 7d6b011b-ce47-4056-b31f-8fa2b8e8fc05 success
INFO 07-24 07:15:32 server.py:188] Confirm GPU group 177 for meta-llama/Meta-Llama-3-8B_sllm-condense_0 replica 7d6b011b-ce47-4056-b31f-8fa2b8e8fc05 success
INFO 07-24 07:15:32 server.py:188] Confirm GPU group 178 for meta-llama/Meta-Llama-3-8B_sllm-condense_0 replica 7d6b011b-ce47-4056-b31f-8fa2b8e8fc05 success
INFO 07-24 07:15:32 server.py:188] Confirm GPU group 179 for meta-llama/Meta-Llama-3-8B_sllm-condense_0 replica 7d6b011b-ce47-4056-b31f-8fa2b8e8fc05 success
INFO 07-24 07:15:32 server.py:188] Confirm GPU group 180 for meta-llama/Meta-Llama-3-8B_sllm-condense_0 replica 7d6b011b-ce47-4056-b31f-8fa2b8e8fc05 success
INFO 07-24 07:15:32 server.py:188] Confirm GPU group 181 for meta-llama/Meta-Llama-3-8B_sllm-condense_0 replica 7d6b011b-ce47-4056-b31f-8fa2b8e8fc05 success
INFO 07-24 07:15:32 server.py:188] Confirm GPU group 182 for meta-llama/Meta-Llama-3-8B_sllm-condense_0 replica 7d6b011b-ce47-4056-b31f-8fa2b8e8fc05 success
INFO 07-24 07:15:32 server.py:188] Confirm GPU group 183 for meta-llama/Meta-Llama-3-8B_sllm-condense_0 replica 7d6b011b-ce47-4056-b31f-8fa2b8e8fc05 success
INFO 07-24 07:15:32 server.py:188] Confirm GPU group 184 for meta-llama/Meta-Llama-3-8B_sllm-condense_0 replica 7d6b011b-ce47-4056-b31f-8fa2b8e8fc05 success
INFO 07-24 07:15:32 server.py:188] Confirm GPU group 185 for meta-llama/Meta-Llama-3-8B_sllm-condense_0 replica 7d6b011b-ce47-4056-b31f-8fa2b8e8fc05 success
INFO 07-24 07:15:32 server.py:188] Confirm GPU group 186 for meta-llama/Meta-Llama-3-8B_sllm-condense_0 replica 7d6b011b-ce47-4056-b31f-8fa2b8e8fc05 success
INFO 07-24 07:15:33 server.py:188] Confirm GPU group 187 for meta-llama/Meta-Llama-3-8B_sllm-condense_0 replica 7d6b011b-ce47-4056-b31f-8fa2b8e8fc05 success
INFO 07-24 07:15:33 server.py:188] Confirm GPU group 188 for meta-llama/Meta-Llama-3-8B_sllm-condense_0 replica 7d6b011b-ce47-4056-b31f-8fa2b8e8fc05 success
INFO 07-24 07:15:33 server.py:188] Confirm GPU group 189 for meta-llama/Meta-Llama-3-8B_sllm-condense_0 replica 7d6b011b-ce47-4056-b31f-8fa2b8e8fc05 success
INFO 07-24 07:15:33 server.py:188] Confirm GPU group 190 for meta-llama/Meta-Llama-3-8B_sllm-condense_0 replica 7d6b011b-ce47-4056-b31f-8fa2b8e8fc05 success
INFO 07-24 07:15:33 server.py:188] Confirm GPU group 191 for meta-llama/Meta-Llama-3-8B_sllm-condense_0 replica 7d6b011b-ce47-4056-b31f-8fa2b8e8fc05 success
INFO 07-24 07:15:33 server.py:188] Confirm GPU group 192 for meta-llama/Meta-Llama-3-8B_sllm-condense_0 replica 7d6b011b-ce47-4056-b31f-8fa2b8e8fc05 success
INFO 07-24 07:15:33 server.py:188] Confirm GPU group 193 for meta-llama/Meta-Llama-3-8B_sllm-condense_0 replica 7d6b011b-ce47-4056-b31f-8fa2b8e8fc05 success
INFO 07-24 07:15:33 server.py:188] Confirm GPU group 194 for meta-llama/Meta-Llama-3-8B_sllm-condense_0 replica 7d6b011b-ce47-4056-b31f-8fa2b8e8fc05 success
INFO 07-24 07:15:33 server.py:188] Confirm GPU group 195 for meta-llama/Meta-Llama-3-8B_sllm-condense_0 replica 7d6b011b-ce47-4056-b31f-8fa2b8e8fc05 success
INFO 07-24 07:15:33 server.py:188] Confirm GPU group 196 for meta-llama/Meta-Llama-3-8B_sllm-condense_0 replica 7d6b011b-ce47-4056-b31f-8fa2b8e8fc05 success
INFO 07-24 07:15:33 server.py:188] Confirm GPU group 197 for meta-llama/Meta-Llama-3-8B_sllm-condense_0 replica 7d6b011b-ce47-4056-b31f-8fa2b8e8fc05 success
INFO 07-24 07:15:33 server.py:188] Confirm GPU group 198 for meta-llama/Meta-Llama-3-8B_sllm-condense_0 replica 7d6b011b-ce47-4056-b31f-8fa2b8e8fc05 success
INFO 07-24 07:15:33 server.py:188] Confirm GPU group 199 for meta-llama/Meta-Llama-3-8B_sllm-condense_0 replica 7d6b011b-ce47-4056-b31f-8fa2b8e8fc05 success
INFO 07-24 07:15:33 server.py:188] Confirm GPU group 200 for meta-llama/Meta-Llama-3-8B_sllm-condense_0 replica 7d6b011b-ce47-4056-b31f-8fa2b8e8fc05 success
INFO 07-24 07:15:33 server.py:188] Confirm GPU group 201 for meta-llama/Meta-Llama-3-8B_sllm-condense_0 replica 7d6b011b-ce47-4056-b31f-8fa2b8e8fc05 success
INFO 07-24 07:15:33 server.py:188] Confirm GPU group 202 for meta-llama/Meta-Llama-3-8B_sllm-condense_0 replica 7d6b011b-ce47-4056-b31f-8fa2b8e8fc05 success
INFO 07-24 07:15:33 server.py:188] Confirm GPU group 203 for meta-llama/Meta-Llama-3-8B_sllm-condense_0 replica 7d6b011b-ce47-4056-b31f-8fa2b8e8fc05 success
INFO 07-24 07:15:33 server.py:188] Confirm GPU group 204 for meta-llama/Meta-Llama-3-8B_sllm-condense_0 replica 7d6b011b-ce47-4056-b31f-8fa2b8e8fc05 success
INFO 07-24 07:15:33 server.py:188] Confirm GPU group 205 for meta-llama/Meta-Llama-3-8B_sllm-condense_0 replica 7d6b011b-ce47-4056-b31f-8fa2b8e8fc05 success
INFO 07-24 07:15:33 server.py:188] Confirm GPU group 206 for meta-llama/Meta-Llama-3-8B_sllm-condense_0 replica 7d6b011b-ce47-4056-b31f-8fa2b8e8fc05 success
INFO 07-24 07:15:33 server.py:188] Confirm GPU group 207 for meta-llama/Meta-Llama-3-8B_sllm-condense_0 replica 7d6b011b-ce47-4056-b31f-8fa2b8e8fc05 success
INFO 07-24 07:15:33 server.py:188] Confirm GPU group 208 for meta-llama/Meta-Llama-3-8B_sllm-condense_0 replica 7d6b011b-ce47-4056-b31f-8fa2b8e8fc05 success
INFO 07-24 07:15:33 server.py:188] Confirm GPU group 209 for meta-llama/Meta-Llama-3-8B_sllm-condense_0 replica 7d6b011b-ce47-4056-b31f-8fa2b8e8fc05 success
INFO 07-24 07:15:33 server.py:188] Confirm GPU group 210 for meta-llama/Meta-Llama-3-8B_sllm-condense_0 replica 7d6b011b-ce47-4056-b31f-8fa2b8e8fc05 success
INFO 07-24 07:15:33 server.py:188] Confirm GPU group 211 for meta-llama/Meta-Llama-3-8B_sllm-condense_0 replica 7d6b011b-ce47-4056-b31f-8fa2b8e8fc05 success
INFO 07-24 07:15:33 server.py:188] Confirm GPU group 212 for meta-llama/Meta-Llama-3-8B_sllm-condense_0 replica 7d6b011b-ce47-4056-b31f-8fa2b8e8fc05 success
INFO 07-24 07:15:33 server.py:188] Confirm GPU group 213 for meta-llama/Meta-Llama-3-8B_sllm-condense_0 replica 7d6b011b-ce47-4056-b31f-8fa2b8e8fc05 success
INFO 07-24 07:15:33 server.py:188] Confirm GPU group 214 for meta-llama/Meta-Llama-3-8B_sllm-condense_0 replica 7d6b011b-ce47-4056-b31f-8fa2b8e8fc05 success
INFO 07-24 07:15:33 server.py:188] Confirm GPU group 215 for meta-llama/Meta-Llama-3-8B_sllm-condense_0 replica 7d6b011b-ce47-4056-b31f-8fa2b8e8fc05 success
INFO 07-24 07:15:33 server.py:188] Confirm GPU group 216 for meta-llama/Meta-Llama-3-8B_sllm-condense_0 replica 7d6b011b-ce47-4056-b31f-8fa2b8e8fc05 success
INFO 07-24 07:15:33 server.py:188] Confirm GPU group 217 for meta-llama/Meta-Llama-3-8B_sllm-condense_0 replica 7d6b011b-ce47-4056-b31f-8fa2b8e8fc05 success
INFO 07-24 07:15:33 server.py:188] Confirm GPU group 218 for meta-llama/Meta-Llama-3-8B_sllm-condense_0 replica 7d6b011b-ce47-4056-b31f-8fa2b8e8fc05 success
INFO 07-24 07:15:33 server.py:188] Confirm GPU group 219 for meta-llama/Meta-Llama-3-8B_sllm-condense_0 replica 7d6b011b-ce47-4056-b31f-8fa2b8e8fc05 success
INFO 07-24 07:15:33 server.py:188] Confirm GPU group 220 for meta-llama/Meta-Llama-3-8B_sllm-condense_0 replica 7d6b011b-ce47-4056-b31f-8fa2b8e8fc05 success
INFO 07-24 07:15:33 server.py:188] Confirm GPU group 221 for meta-llama/Meta-Llama-3-8B_sllm-condense_0 replica 7d6b011b-ce47-4056-b31f-8fa2b8e8fc05 success
INFO 07-24 07:15:33 server.py:188] Confirm GPU group 222 for meta-llama/Meta-Llama-3-8B_sllm-condense_0 replica 7d6b011b-ce47-4056-b31f-8fa2b8e8fc05 success
INFO 07-24 07:15:34 server.py:188] Confirm GPU group 223 for meta-llama/Meta-Llama-3-8B_sllm-condense_0 replica 7d6b011b-ce47-4056-b31f-8fa2b8e8fc05 success
INFO 07-24 07:15:34 server.py:188] Confirm GPU group 224 for meta-llama/Meta-Llama-3-8B_sllm-condense_0 replica 7d6b011b-ce47-4056-b31f-8fa2b8e8fc05 success
INFO 07-24 07:15:34 server.py:188] Confirm GPU group 225 for meta-llama/Meta-Llama-3-8B_sllm-condense_0 replica 7d6b011b-ce47-4056-b31f-8fa2b8e8fc05 success
INFO 07-24 07:15:34 server.py:188] Confirm GPU group 226 for meta-llama/Meta-Llama-3-8B_sllm-condense_0 replica 7d6b011b-ce47-4056-b31f-8fa2b8e8fc05 success
INFO 07-24 07:15:34 server.py:188] Confirm GPU group 227 for meta-llama/Meta-Llama-3-8B_sllm-condense_0 replica 7d6b011b-ce47-4056-b31f-8fa2b8e8fc05 success
INFO 07-24 07:15:34 server.py:188] Confirm GPU group 228 for meta-llama/Meta-Llama-3-8B_sllm-condense_0 replica 7d6b011b-ce47-4056-b31f-8fa2b8e8fc05 success
INFO 07-24 07:15:34 server.py:188] Confirm GPU group 229 for meta-llama/Meta-Llama-3-8B_sllm-condense_0 replica 7d6b011b-ce47-4056-b31f-8fa2b8e8fc05 success
INFO 07-24 07:15:34 server.py:188] Confirm GPU group 230 for meta-llama/Meta-Llama-3-8B_sllm-condense_0 replica 7d6b011b-ce47-4056-b31f-8fa2b8e8fc05 success
INFO 07-24 07:15:34 server.py:188] Confirm GPU group 231 for meta-llama/Meta-Llama-3-8B_sllm-condense_0 replica 7d6b011b-ce47-4056-b31f-8fa2b8e8fc05 success
INFO 07-24 07:15:34 server.py:188] Confirm GPU group 232 for meta-llama/Meta-Llama-3-8B_sllm-condense_0 replica 7d6b011b-ce47-4056-b31f-8fa2b8e8fc05 success
INFO 07-24 07:15:34 server.py:188] Confirm GPU group 233 for meta-llama/Meta-Llama-3-8B_sllm-condense_0 replica 7d6b011b-ce47-4056-b31f-8fa2b8e8fc05 success
INFO 07-24 07:15:34 server.py:188] Confirm GPU group 234 for meta-llama/Meta-Llama-3-8B_sllm-condense_0 replica 7d6b011b-ce47-4056-b31f-8fa2b8e8fc05 success
INFO 07-24 07:15:34 server.py:188] Confirm GPU group 235 for meta-llama/Meta-Llama-3-8B_sllm-condense_0 replica 7d6b011b-ce47-4056-b31f-8fa2b8e8fc05 success
INFO 07-24 07:15:34 server.py:188] Confirm GPU group 236 for meta-llama/Meta-Llama-3-8B_sllm-condense_0 replica 7d6b011b-ce47-4056-b31f-8fa2b8e8fc05 success
INFO 07-24 07:15:34 server.py:188] Confirm GPU group 237 for meta-llama/Meta-Llama-3-8B_sllm-condense_0 replica 7d6b011b-ce47-4056-b31f-8fa2b8e8fc05 success
INFO 07-24 07:15:34 server.py:188] Confirm GPU group 238 for meta-llama/Meta-Llama-3-8B_sllm-condense_0 replica 7d6b011b-ce47-4056-b31f-8fa2b8e8fc05 success
INFO 07-24 07:15:34 server.py:188] Confirm GPU group 239 for meta-llama/Meta-Llama-3-8B_sllm-condense_0 replica 7d6b011b-ce47-4056-b31f-8fa2b8e8fc05 success
INFO 07-24 07:15:34 server.py:188] Confirm GPU group 240 for meta-llama/Meta-Llama-3-8B_sllm-condense_0 replica 7d6b011b-ce47-4056-b31f-8fa2b8e8fc05 success
INFO 07-24 07:15:34 server.py:188] Confirm GPU group 241 for meta-llama/Meta-Llama-3-8B_sllm-condense_0 replica 7d6b011b-ce47-4056-b31f-8fa2b8e8fc05 success
INFO 07-24 07:15:34 server.py:188] Confirm GPU group 242 for meta-llama/Meta-Llama-3-8B_sllm-condense_0 replica 7d6b011b-ce47-4056-b31f-8fa2b8e8fc05 success
INFO 07-24 07:15:34 server.py:188] Confirm GPU group 243 for meta-llama/Meta-Llama-3-8B_sllm-condense_0 replica 7d6b011b-ce47-4056-b31f-8fa2b8e8fc05 success
INFO 07-24 07:15:34 server.py:188] Confirm GPU group 244 for meta-llama/Meta-Llama-3-8B_sllm-condense_0 replica 7d6b011b-ce47-4056-b31f-8fa2b8e8fc05 success
INFO 07-24 07:15:34 server.py:188] Confirm GPU group 245 for meta-llama/Meta-Llama-3-8B_sllm-condense_0 replica 7d6b011b-ce47-4056-b31f-8fa2b8e8fc05 success
INFO 07-24 07:15:34 server.py:188] Confirm GPU group 246 for meta-llama/Meta-Llama-3-8B_sllm-condense_0 replica 7d6b011b-ce47-4056-b31f-8fa2b8e8fc05 success
INFO 07-24 07:15:34 server.py:188] Confirm GPU group 247 for meta-llama/Meta-Llama-3-8B_sllm-condense_0 replica 7d6b011b-ce47-4056-b31f-8fa2b8e8fc05 success
INFO 07-24 07:15:34 server.py:188] Confirm GPU group 248 for meta-llama/Meta-Llama-3-8B_sllm-condense_0 replica 7d6b011b-ce47-4056-b31f-8fa2b8e8fc05 success
INFO 07-24 07:15:34 server.py:188] Confirm GPU group 249 for meta-llama/Meta-Llama-3-8B_sllm-condense_0 replica 7d6b011b-ce47-4056-b31f-8fa2b8e8fc05 success
INFO 07-24 07:15:34 server.py:188] Confirm GPU group 250 for meta-llama/Meta-Llama-3-8B_sllm-condense_0 replica 7d6b011b-ce47-4056-b31f-8fa2b8e8fc05 success
INFO 07-24 07:15:34 server.py:188] Confirm GPU group 251 for meta-llama/Meta-Llama-3-8B_sllm-condense_0 replica 7d6b011b-ce47-4056-b31f-8fa2b8e8fc05 success
INFO 07-24 07:15:34 server.py:188] Confirm GPU group 252 for meta-llama/Meta-Llama-3-8B_sllm-condense_0 replica 7d6b011b-ce47-4056-b31f-8fa2b8e8fc05 success
INFO 07-24 07:15:34 server.py:188] Confirm GPU group 253 for meta-llama/Meta-Llama-3-8B_sllm-condense_0 replica 7d6b011b-ce47-4056-b31f-8fa2b8e8fc05 success
INFO 07-24 07:15:34 server.py:188] Confirm GPU group 254 for meta-llama/Meta-Llama-3-8B_sllm-condense_0 replica 7d6b011b-ce47-4056-b31f-8fa2b8e8fc05 success
INFO 07-24 07:15:34 server.py:188] Confirm GPU group 255 for meta-llama/Meta-Llama-3-8B_sllm-condense_0 replica 7d6b011b-ce47-4056-b31f-8fa2b8e8fc05 success
INFO 07-24 07:15:34 server.py:188] Confirm GPU group 256 for meta-llama/Meta-Llama-3-8B_sllm-condense_0 replica 7d6b011b-ce47-4056-b31f-8fa2b8e8fc05 success
INFO 07-24 07:15:34 server.py:188] Confirm GPU group 257 for meta-llama/Meta-Llama-3-8B_sllm-condense_0 replica 7d6b011b-ce47-4056-b31f-8fa2b8e8fc05 success
INFO 07-24 07:15:34 server.py:188] Confirm GPU group 258 for meta-llama/Meta-Llama-3-8B_sllm-condense_0 replica 7d6b011b-ce47-4056-b31f-8fa2b8e8fc05 success
INFO 07-24 07:15:34 server.py:188] Confirm GPU group 259 for meta-llama/Meta-Llama-3-8B_sllm-condense_0 replica 7d6b011b-ce47-4056-b31f-8fa2b8e8fc05 success
INFO 07-24 07:15:34 server.py:188] Confirm GPU group 260 for meta-llama/Meta-Llama-3-8B_sllm-condense_0 replica 7d6b011b-ce47-4056-b31f-8fa2b8e8fc05 success
INFO 07-24 07:15:34 server.py:188] Confirm GPU group 261 for meta-llama/Meta-Llama-3-8B_sllm-condense_0 replica 7d6b011b-ce47-4056-b31f-8fa2b8e8fc05 success
INFO 07-24 07:15:34 server.py:188] Confirm GPU group 262 for meta-llama/Meta-Llama-3-8B_sllm-condense_0 replica 7d6b011b-ce47-4056-b31f-8fa2b8e8fc05 success
INFO 07-24 07:15:34 server.py:188] Confirm GPU group 263 for meta-llama/Meta-Llama-3-8B_sllm-condense_0 replica 7d6b011b-ce47-4056-b31f-8fa2b8e8fc05 success
INFO 07-24 07:15:34 server.py:188] Confirm GPU group 264 for meta-llama/Meta-Llama-3-8B_sllm-condense_0 replica 7d6b011b-ce47-4056-b31f-8fa2b8e8fc05 success
INFO 07-24 07:15:34 server.py:188] Confirm GPU group 265 for meta-llama/Meta-Llama-3-8B_sllm-condense_0 replica 7d6b011b-ce47-4056-b31f-8fa2b8e8fc05 success
INFO 07-24 07:15:34 server.py:188] Confirm GPU group 266 for meta-llama/Meta-Llama-3-8B_sllm-condense_0 replica 7d6b011b-ce47-4056-b31f-8fa2b8e8fc05 success
INFO 07-24 07:15:34 server.py:188] Confirm GPU group 267 for meta-llama/Meta-Llama-3-8B_sllm-condense_0 replica 7d6b011b-ce47-4056-b31f-8fa2b8e8fc05 success
INFO 07-24 07:15:34 server.py:188] Confirm GPU group 268 for meta-llama/Meta-Llama-3-8B_sllm-condense_0 replica 7d6b011b-ce47-4056-b31f-8fa2b8e8fc05 success
INFO 07-24 07:15:34 server.py:188] Confirm GPU group 269 for meta-llama/Meta-Llama-3-8B_sllm-condense_0 replica 7d6b011b-ce47-4056-b31f-8fa2b8e8fc05 success
INFO 07-24 07:15:34 server.py:188] Confirm GPU group 270 for meta-llama/Meta-Llama-3-8B_sllm-condense_0 replica 7d6b011b-ce47-4056-b31f-8fa2b8e8fc05 success
INFO 07-24 07:15:34 server.py:188] Confirm GPU group 271 for meta-llama/Meta-Llama-3-8B_sllm-condense_0 replica 7d6b011b-ce47-4056-b31f-8fa2b8e8fc05 success
INFO 07-24 07:15:34 server.py:188] Confirm GPU group 272 for meta-llama/Meta-Llama-3-8B_sllm-condense_0 replica 7d6b011b-ce47-4056-b31f-8fa2b8e8fc05 success
INFO 07-24 07:15:35 server.py:188] Confirm GPU group 273 for meta-llama/Meta-Llama-3-8B_sllm-condense_0 replica 7d6b011b-ce47-4056-b31f-8fa2b8e8fc05 success
INFO 07-24 07:15:35 server.py:188] Confirm GPU group 274 for meta-llama/Meta-Llama-3-8B_sllm-condense_0 replica 7d6b011b-ce47-4056-b31f-8fa2b8e8fc05 success
INFO 07-24 07:15:35 server.py:188] Confirm GPU group 275 for meta-llama/Meta-Llama-3-8B_sllm-condense_0 replica 7d6b011b-ce47-4056-b31f-8fa2b8e8fc05 success
INFO 07-24 07:15:35 server.py:188] Confirm GPU group 276 for meta-llama/Meta-Llama-3-8B_sllm-condense_0 replica 7d6b011b-ce47-4056-b31f-8fa2b8e8fc05 success
INFO 07-24 07:15:35 server.py:188] Confirm GPU group 277 for meta-llama/Meta-Llama-3-8B_sllm-condense_0 replica 7d6b011b-ce47-4056-b31f-8fa2b8e8fc05 success
INFO 07-24 07:15:35 server.py:188] Confirm GPU group 278 for meta-llama/Meta-Llama-3-8B_sllm-condense_0 replica 7d6b011b-ce47-4056-b31f-8fa2b8e8fc05 success
INFO 07-24 07:15:35 server.py:188] Confirm GPU group 279 for meta-llama/Meta-Llama-3-8B_sllm-condense_0 replica 7d6b011b-ce47-4056-b31f-8fa2b8e8fc05 success
INFO 07-24 07:15:35 server.py:188] Confirm GPU group 280 for meta-llama/Meta-Llama-3-8B_sllm-condense_0 replica 7d6b011b-ce47-4056-b31f-8fa2b8e8fc05 success
INFO 07-24 07:15:35 server.py:188] Confirm GPU group 281 for meta-llama/Meta-Llama-3-8B_sllm-condense_0 replica 7d6b011b-ce47-4056-b31f-8fa2b8e8fc05 success
INFO 07-24 07:15:35 server.py:188] Confirm GPU group 282 for meta-llama/Meta-Llama-3-8B_sllm-condense_0 replica 7d6b011b-ce47-4056-b31f-8fa2b8e8fc05 success
INFO 07-24 07:15:35 server.py:188] Confirm GPU group 283 for meta-llama/Meta-Llama-3-8B_sllm-condense_0 replica 7d6b011b-ce47-4056-b31f-8fa2b8e8fc05 success
INFO 07-24 07:15:35 server.py:188] Confirm GPU group 284 for meta-llama/Meta-Llama-3-8B_sllm-condense_0 replica 7d6b011b-ce47-4056-b31f-8fa2b8e8fc05 success
INFO 07-24 07:15:35 server.py:188] Confirm GPU group 285 for meta-llama/Meta-Llama-3-8B_sllm-condense_0 replica 7d6b011b-ce47-4056-b31f-8fa2b8e8fc05 success
INFO 07-24 07:15:35 server.py:188] Confirm GPU group 286 for meta-llama/Meta-Llama-3-8B_sllm-condense_0 replica 7d6b011b-ce47-4056-b31f-8fa2b8e8fc05 success
INFO 07-24 07:15:35 server.py:188] Confirm GPU group 287 for meta-llama/Meta-Llama-3-8B_sllm-condense_0 replica 7d6b011b-ce47-4056-b31f-8fa2b8e8fc05 success
INFO 07-24 07:15:35 server.py:188] Confirm GPU group 288 for meta-llama/Meta-Llama-3-8B_sllm-condense_0 replica 7d6b011b-ce47-4056-b31f-8fa2b8e8fc05 success
INFO 07-24 07:15:35 server.py:188] Confirm GPU group 289 for meta-llama/Meta-Llama-3-8B_sllm-condense_0 replica 7d6b011b-ce47-4056-b31f-8fa2b8e8fc05 success
INFO 07-24 07:15:35 server.py:188] Confirm GPU group 290 for meta-llama/Meta-Llama-3-8B_sllm-condense_0 replica 7d6b011b-ce47-4056-b31f-8fa2b8e8fc05 success
INFO 07-24 07:15:35 server.py:138] Confirm model meta-llama/Meta-Llama-3-8B_sllm-condense_0 replica 7d6b011b-ce47-4056-b31f-8fa2b8e8fc05 success
I20260724 07:15:38.013819 2179186 model.cpp:53] Tensor file "/home/ben046/projects/SLLM/storage/meta-llama/Meta-Llama-3-8B_sllm-condense_3/tensor.data_1" does not exist
I20260724 07:15:38.013919 2179186 checkpoint_store.cpp:106] Model meta-llama/Meta-Llama-3-8B_sllm-condense_3 is registered
INFO 07-24 07:15:38 server.py:115] LoadModel: success meta-llama/Meta-Llama-3-8B_sllm-condense_3 with target 1
I20260724 07:15:38.014454 2189196 pinned_memory_pool.cpp:78] PinnedMemoryPool Allocate 423 buffers free buffers 356 total buffers 2048
I20260724 07:15:38.014580 2189196 model.cpp:120] Loading model meta-llama/Meta-Llama-3-8B_sllm-condense_3 size 7080803840 to host
I20260724 07:15:38.014595 2189196 model.cpp:134] Loading model meta-llama/Meta-Llama-3-8B_sllm-condense_3 to host with 4 threads, 423 chunks, 16777216 chunk size, 106 chunks per thread
I20260724 07:15:38.014669 2189197 model.cpp:155] Thread 0 starting from partition 0 offset 0
I20260724 07:15:38.014724 2189198 model.cpp:155] Thread 1 starting from partition 0 offset 1778384896
I20260724 07:15:38.014783 2189200 model.cpp:155] Thread 3 starting from partition 0 offset 5335154688
I20260724 07:15:38.014773 2189199 model.cpp:155] Thread 2 starting from partition 0 offset 3556769792
I20260724 07:15:38.122419 2189215 checkpoint_store.cpp:209] Loading model meta-llama/Meta-Llama-3-8B_sllm-condense_3
INFO 07-24 07:15:38 server.py:115] LoadModel: success meta-llama/Meta-Llama-3-8B_sllm-condense_3 with target 2
I20260724 07:15:38.301245 2189215 model.cpp:269] Creating replica 2f0814ee-93f4-4dba-8e9d-f120a87efae8
I20260724 07:15:38.301359 2189215 model.cpp:273] Creating queue for device 0
I20260724 07:15:38.301437 2189215 model.cpp:285] Created replica 2f0814ee-93f4-4dba-8e9d-f120a87efae8
I20260724 07:15:38.301620 2189215 model.cpp:296] Dispatcher started for model meta-llama/Meta-Llama-3-8B_sllm-condense_3
I20260724 07:15:38.301726 2189215 model.cpp:363] Waiting for model meta-llama/Meta-Llama-3-8B_sllm-condense_3 num tasks 1 state 3
INFO 07-24 07:15:38 server.py:188] Confirm GPU group 0 for meta-llama/Meta-Llama-3-8B_sllm-condense_3 replica 2f0814ee-93f4-4dba-8e9d-f120a87efae8 success
INFO 07-24 07:15:38 server.py:188] Confirm GPU group 1 for meta-llama/Meta-Llama-3-8B_sllm-condense_3 replica 2f0814ee-93f4-4dba-8e9d-f120a87efae8 success
INFO 07-24 07:15:38 server.py:188] Confirm GPU group 2 for meta-llama/Meta-Llama-3-8B_sllm-condense_3 replica 2f0814ee-93f4-4dba-8e9d-f120a87efae8 success
INFO 07-24 07:15:38 server.py:188] Confirm GPU group 3 for meta-llama/Meta-Llama-3-8B_sllm-condense_3 replica 2f0814ee-93f4-4dba-8e9d-f120a87efae8 success
INFO 07-24 07:15:38 server.py:188] Confirm GPU group 4 for meta-llama/Meta-Llama-3-8B_sllm-condense_3 replica 2f0814ee-93f4-4dba-8e9d-f120a87efae8 success
INFO 07-24 07:15:38 server.py:188] Confirm GPU group 5 for meta-llama/Meta-Llama-3-8B_sllm-condense_3 replica 2f0814ee-93f4-4dba-8e9d-f120a87efae8 success
INFO 07-24 07:15:38 server.py:188] Confirm GPU group 6 for meta-llama/Meta-Llama-3-8B_sllm-condense_3 replica 2f0814ee-93f4-4dba-8e9d-f120a87efae8 success
INFO 07-24 07:15:38 server.py:188] Confirm GPU group 7 for meta-llama/Meta-Llama-3-8B_sllm-condense_3 replica 2f0814ee-93f4-4dba-8e9d-f120a87efae8 success
INFO 07-24 07:15:38 server.py:188] Confirm GPU group 8 for meta-llama/Meta-Llama-3-8B_sllm-condense_3 replica 2f0814ee-93f4-4dba-8e9d-f120a87efae8 success
INFO 07-24 07:15:38 server.py:188] Confirm GPU group 9 for meta-llama/Meta-Llama-3-8B_sllm-condense_3 replica 2f0814ee-93f4-4dba-8e9d-f120a87efae8 success
INFO 07-24 07:15:38 server.py:188] Confirm GPU group 10 for meta-llama/Meta-Llama-3-8B_sllm-condense_3 replica 2f0814ee-93f4-4dba-8e9d-f120a87efae8 success
INFO 07-24 07:15:38 server.py:188] Confirm GPU group 11 for meta-llama/Meta-Llama-3-8B_sllm-condense_3 replica 2f0814ee-93f4-4dba-8e9d-f120a87efae8 success
INFO 07-24 07:15:38 server.py:188] Confirm GPU group 12 for meta-llama/Meta-Llama-3-8B_sllm-condense_3 replica 2f0814ee-93f4-4dba-8e9d-f120a87efae8 success
INFO 07-24 07:15:38 server.py:188] Confirm GPU group 13 for meta-llama/Meta-Llama-3-8B_sllm-condense_3 replica 2f0814ee-93f4-4dba-8e9d-f120a87efae8 success
INFO 07-24 07:15:38 server.py:188] Confirm GPU group 14 for meta-llama/Meta-Llama-3-8B_sllm-condense_3 replica 2f0814ee-93f4-4dba-8e9d-f120a87efae8 success
INFO 07-24 07:15:38 server.py:188] Confirm GPU group 15 for meta-llama/Meta-Llama-3-8B_sllm-condense_3 replica 2f0814ee-93f4-4dba-8e9d-f120a87efae8 success
INFO 07-24 07:15:38 server.py:188] Confirm GPU group 16 for meta-llama/Meta-Llama-3-8B_sllm-condense_3 replica 2f0814ee-93f4-4dba-8e9d-f120a87efae8 success
INFO 07-24 07:15:38 server.py:188] Confirm GPU group 17 for meta-llama/Meta-Llama-3-8B_sllm-condense_3 replica 2f0814ee-93f4-4dba-8e9d-f120a87efae8 success
INFO 07-24 07:15:38 server.py:188] Confirm GPU group 18 for meta-llama/Meta-Llama-3-8B_sllm-condense_3 replica 2f0814ee-93f4-4dba-8e9d-f120a87efae8 success
INFO 07-24 07:15:38 server.py:188] Confirm GPU group 19 for meta-llama/Meta-Llama-3-8B_sllm-condense_3 replica 2f0814ee-93f4-4dba-8e9d-f120a87efae8 success
INFO 07-24 07:15:38 server.py:188] Confirm GPU group 20 for meta-llama/Meta-Llama-3-8B_sllm-condense_3 replica 2f0814ee-93f4-4dba-8e9d-f120a87efae8 success
I20260724 07:15:38.497203 2189196 model.cpp:250] Finished loading model meta-llama/Meta-Llama-3-8B_sllm-condense_3 from disk
I20260724 07:15:38.497501 2189218 model.cpp:356] Finished loading tensor from memory to device 0
INFO 07-24 07:15:38 server.py:188] Confirm GPU group 21 for meta-llama/Meta-Llama-3-8B_sllm-condense_3 replica 2f0814ee-93f4-4dba-8e9d-f120a87efae8 success
INFO 07-24 07:15:38 server.py:188] Confirm GPU group 22 for meta-llama/Meta-Llama-3-8B_sllm-condense_3 replica 2f0814ee-93f4-4dba-8e9d-f120a87efae8 success
INFO 07-24 07:15:38 server.py:188] Confirm GPU group 23 for meta-llama/Meta-Llama-3-8B_sllm-condense_3 replica 2f0814ee-93f4-4dba-8e9d-f120a87efae8 success
INFO 07-24 07:15:38 server.py:188] Confirm GPU group 24 for meta-llama/Meta-Llama-3-8B_sllm-condense_3 replica 2f0814ee-93f4-4dba-8e9d-f120a87efae8 success
INFO 07-24 07:15:38 server.py:188] Confirm GPU group 25 for meta-llama/Meta-Llama-3-8B_sllm-condense_3 replica 2f0814ee-93f4-4dba-8e9d-f120a87efae8 success
INFO 07-24 07:15:38 server.py:188] Confirm GPU group 26 for meta-llama/Meta-Llama-3-8B_sllm-condense_3 replica 2f0814ee-93f4-4dba-8e9d-f120a87efae8 success
INFO 07-24 07:15:38 server.py:188] Confirm GPU group 27 for meta-llama/Meta-Llama-3-8B_sllm-condense_3 replica 2f0814ee-93f4-4dba-8e9d-f120a87efae8 success
INFO 07-24 07:15:38 server.py:188] Confirm GPU group 28 for meta-llama/Meta-Llama-3-8B_sllm-condense_3 replica 2f0814ee-93f4-4dba-8e9d-f120a87efae8 success
INFO 07-24 07:15:38 server.py:188] Confirm GPU group 29 for meta-llama/Meta-Llama-3-8B_sllm-condense_3 replica 2f0814ee-93f4-4dba-8e9d-f120a87efae8 success
INFO 07-24 07:15:38 server.py:188] Confirm GPU group 30 for meta-llama/Meta-Llama-3-8B_sllm-condense_3 replica 2f0814ee-93f4-4dba-8e9d-f120a87efae8 success
INFO 07-24 07:15:38 server.py:188] Confirm GPU group 31 for meta-llama/Meta-Llama-3-8B_sllm-condense_3 replica 2f0814ee-93f4-4dba-8e9d-f120a87efae8 success
INFO 07-24 07:15:38 server.py:188] Confirm GPU group 32 for meta-llama/Meta-Llama-3-8B_sllm-condense_3 replica 2f0814ee-93f4-4dba-8e9d-f120a87efae8 success
INFO 07-24 07:15:38 server.py:188] Confirm GPU group 33 for meta-llama/Meta-Llama-3-8B_sllm-condense_3 replica 2f0814ee-93f4-4dba-8e9d-f120a87efae8 success
INFO 07-24 07:15:38 server.py:188] Confirm GPU group 34 for meta-llama/Meta-Llama-3-8B_sllm-condense_3 replica 2f0814ee-93f4-4dba-8e9d-f120a87efae8 success
INFO 07-24 07:15:38 server.py:188] Confirm GPU group 35 for meta-llama/Meta-Llama-3-8B_sllm-condense_3 replica 2f0814ee-93f4-4dba-8e9d-f120a87efae8 success
INFO 07-24 07:15:38 server.py:188] Confirm GPU group 36 for meta-llama/Meta-Llama-3-8B_sllm-condense_3 replica 2f0814ee-93f4-4dba-8e9d-f120a87efae8 success
INFO 07-24 07:15:38 server.py:188] Confirm GPU group 37 for meta-llama/Meta-Llama-3-8B_sllm-condense_3 replica 2f0814ee-93f4-4dba-8e9d-f120a87efae8 success
INFO 07-24 07:15:38 server.py:188] Confirm GPU group 38 for meta-llama/Meta-Llama-3-8B_sllm-condense_3 replica 2f0814ee-93f4-4dba-8e9d-f120a87efae8 success
INFO 07-24 07:15:38 server.py:188] Confirm GPU group 39 for meta-llama/Meta-Llama-3-8B_sllm-condense_3 replica 2f0814ee-93f4-4dba-8e9d-f120a87efae8 success
INFO 07-24 07:15:38 server.py:188] Confirm GPU group 40 for meta-llama/Meta-Llama-3-8B_sllm-condense_3 replica 2f0814ee-93f4-4dba-8e9d-f120a87efae8 success
INFO 07-24 07:15:38 server.py:188] Confirm GPU group 41 for meta-llama/Meta-Llama-3-8B_sllm-condense_3 replica 2f0814ee-93f4-4dba-8e9d-f120a87efae8 success
INFO 07-24 07:15:38 server.py:188] Confirm GPU group 42 for meta-llama/Meta-Llama-3-8B_sllm-condense_3 replica 2f0814ee-93f4-4dba-8e9d-f120a87efae8 success
INFO 07-24 07:15:38 server.py:188] Confirm GPU group 43 for meta-llama/Meta-Llama-3-8B_sllm-condense_3 replica 2f0814ee-93f4-4dba-8e9d-f120a87efae8 success
INFO 07-24 07:15:38 server.py:188] Confirm GPU group 44 for meta-llama/Meta-Llama-3-8B_sllm-condense_3 replica 2f0814ee-93f4-4dba-8e9d-f120a87efae8 success
INFO 07-24 07:15:38 server.py:188] Confirm GPU group 45 for meta-llama/Meta-Llama-3-8B_sllm-condense_3 replica 2f0814ee-93f4-4dba-8e9d-f120a87efae8 success
INFO 07-24 07:15:38 server.py:188] Confirm GPU group 46 for meta-llama/Meta-Llama-3-8B_sllm-condense_3 replica 2f0814ee-93f4-4dba-8e9d-f120a87efae8 success
INFO 07-24 07:15:38 server.py:188] Confirm GPU group 47 for meta-llama/Meta-Llama-3-8B_sllm-condense_3 replica 2f0814ee-93f4-4dba-8e9d-f120a87efae8 success
INFO 07-24 07:15:39 server.py:188] Confirm GPU group 48 for meta-llama/Meta-Llama-3-8B_sllm-condense_3 replica 2f0814ee-93f4-4dba-8e9d-f120a87efae8 success
INFO 07-24 07:15:39 server.py:188] Confirm GPU group 49 for meta-llama/Meta-Llama-3-8B_sllm-condense_3 replica 2f0814ee-93f4-4dba-8e9d-f120a87efae8 success
INFO 07-24 07:15:39 server.py:188] Confirm GPU group 50 for meta-llama/Meta-Llama-3-8B_sllm-condense_3 replica 2f0814ee-93f4-4dba-8e9d-f120a87efae8 success
INFO 07-24 07:15:39 server.py:188] Confirm GPU group 51 for meta-llama/Meta-Llama-3-8B_sllm-condense_3 replica 2f0814ee-93f4-4dba-8e9d-f120a87efae8 success
INFO 07-24 07:15:39 server.py:188] Confirm GPU group 52 for meta-llama/Meta-Llama-3-8B_sllm-condense_3 replica 2f0814ee-93f4-4dba-8e9d-f120a87efae8 success
INFO 07-24 07:15:39 server.py:188] Confirm GPU group 53 for meta-llama/Meta-Llama-3-8B_sllm-condense_3 replica 2f0814ee-93f4-4dba-8e9d-f120a87efae8 success
INFO 07-24 07:15:39 server.py:188] Confirm GPU group 54 for meta-llama/Meta-Llama-3-8B_sllm-condense_3 replica 2f0814ee-93f4-4dba-8e9d-f120a87efae8 success
INFO 07-24 07:15:39 server.py:188] Confirm GPU group 55 for meta-llama/Meta-Llama-3-8B_sllm-condense_3 replica 2f0814ee-93f4-4dba-8e9d-f120a87efae8 success
INFO 07-24 07:15:39 server.py:188] Confirm GPU group 56 for meta-llama/Meta-Llama-3-8B_sllm-condense_3 replica 2f0814ee-93f4-4dba-8e9d-f120a87efae8 success
INFO 07-24 07:15:39 server.py:188] Confirm GPU group 57 for meta-llama/Meta-Llama-3-8B_sllm-condense_3 replica 2f0814ee-93f4-4dba-8e9d-f120a87efae8 success
INFO 07-24 07:15:39 server.py:188] Confirm GPU group 58 for meta-llama/Meta-Llama-3-8B_sllm-condense_3 replica 2f0814ee-93f4-4dba-8e9d-f120a87efae8 success
INFO 07-24 07:15:39 server.py:188] Confirm GPU group 59 for meta-llama/Meta-Llama-3-8B_sllm-condense_3 replica 2f0814ee-93f4-4dba-8e9d-f120a87efae8 success
INFO 07-24 07:15:39 server.py:188] Confirm GPU group 60 for meta-llama/Meta-Llama-3-8B_sllm-condense_3 replica 2f0814ee-93f4-4dba-8e9d-f120a87efae8 success
INFO 07-24 07:15:39 server.py:188] Confirm GPU group 61 for meta-llama/Meta-Llama-3-8B_sllm-condense_3 replica 2f0814ee-93f4-4dba-8e9d-f120a87efae8 success
INFO 07-24 07:15:39 server.py:188] Confirm GPU group 62 for meta-llama/Meta-Llama-3-8B_sllm-condense_3 replica 2f0814ee-93f4-4dba-8e9d-f120a87efae8 success
INFO 07-24 07:15:39 server.py:188] Confirm GPU group 63 for meta-llama/Meta-Llama-3-8B_sllm-condense_3 replica 2f0814ee-93f4-4dba-8e9d-f120a87efae8 success
INFO 07-24 07:15:39 server.py:188] Confirm GPU group 64 for meta-llama/Meta-Llama-3-8B_sllm-condense_3 replica 2f0814ee-93f4-4dba-8e9d-f120a87efae8 success
INFO 07-24 07:15:39 server.py:188] Confirm GPU group 65 for meta-llama/Meta-Llama-3-8B_sllm-condense_3 replica 2f0814ee-93f4-4dba-8e9d-f120a87efae8 success
INFO 07-24 07:15:39 server.py:188] Confirm GPU group 66 for meta-llama/Meta-Llama-3-8B_sllm-condense_3 replica 2f0814ee-93f4-4dba-8e9d-f120a87efae8 success
INFO 07-24 07:15:39 server.py:188] Confirm GPU group 67 for meta-llama/Meta-Llama-3-8B_sllm-condense_3 replica 2f0814ee-93f4-4dba-8e9d-f120a87efae8 success
INFO 07-24 07:15:39 server.py:188] Confirm GPU group 68 for meta-llama/Meta-Llama-3-8B_sllm-condense_3 replica 2f0814ee-93f4-4dba-8e9d-f120a87efae8 success
INFO 07-24 07:15:39 server.py:188] Confirm GPU group 69 for meta-llama/Meta-Llama-3-8B_sllm-condense_3 replica 2f0814ee-93f4-4dba-8e9d-f120a87efae8 success
INFO 07-24 07:15:39 server.py:188] Confirm GPU group 70 for meta-llama/Meta-Llama-3-8B_sllm-condense_3 replica 2f0814ee-93f4-4dba-8e9d-f120a87efae8 success
INFO 07-24 07:15:39 server.py:188] Confirm GPU group 71 for meta-llama/Meta-Llama-3-8B_sllm-condense_3 replica 2f0814ee-93f4-4dba-8e9d-f120a87efae8 success
INFO 07-24 07:15:39 server.py:188] Confirm GPU group 72 for meta-llama/Meta-Llama-3-8B_sllm-condense_3 replica 2f0814ee-93f4-4dba-8e9d-f120a87efae8 success
INFO 07-24 07:15:39 server.py:188] Confirm GPU group 73 for meta-llama/Meta-Llama-3-8B_sllm-condense_3 replica 2f0814ee-93f4-4dba-8e9d-f120a87efae8 success
INFO 07-24 07:15:39 server.py:188] Confirm GPU group 74 for meta-llama/Meta-Llama-3-8B_sllm-condense_3 replica 2f0814ee-93f4-4dba-8e9d-f120a87efae8 success
INFO 07-24 07:15:39 server.py:188] Confirm GPU group 75 for meta-llama/Meta-Llama-3-8B_sllm-condense_3 replica 2f0814ee-93f4-4dba-8e9d-f120a87efae8 success
INFO 07-24 07:15:39 server.py:188] Confirm GPU group 76 for meta-llama/Meta-Llama-3-8B_sllm-condense_3 replica 2f0814ee-93f4-4dba-8e9d-f120a87efae8 success
INFO 07-24 07:15:39 server.py:188] Confirm GPU group 77 for meta-llama/Meta-Llama-3-8B_sllm-condense_3 replica 2f0814ee-93f4-4dba-8e9d-f120a87efae8 success
INFO 07-24 07:15:39 server.py:188] Confirm GPU group 78 for meta-llama/Meta-Llama-3-8B_sllm-condense_3 replica 2f0814ee-93f4-4dba-8e9d-f120a87efae8 success
INFO 07-24 07:15:39 server.py:188] Confirm GPU group 79 for meta-llama/Meta-Llama-3-8B_sllm-condense_3 replica 2f0814ee-93f4-4dba-8e9d-f120a87efae8 success
INFO 07-24 07:15:39 server.py:188] Confirm GPU group 80 for meta-llama/Meta-Llama-3-8B_sllm-condense_3 replica 2f0814ee-93f4-4dba-8e9d-f120a87efae8 success
INFO 07-24 07:15:39 server.py:188] Confirm GPU group 81 for meta-llama/Meta-Llama-3-8B_sllm-condense_3 replica 2f0814ee-93f4-4dba-8e9d-f120a87efae8 success
INFO 07-24 07:15:39 server.py:188] Confirm GPU group 82 for meta-llama/Meta-Llama-3-8B_sllm-condense_3 replica 2f0814ee-93f4-4dba-8e9d-f120a87efae8 success
INFO 07-24 07:15:39 server.py:188] Confirm GPU group 83 for meta-llama/Meta-Llama-3-8B_sllm-condense_3 replica 2f0814ee-93f4-4dba-8e9d-f120a87efae8 success
INFO 07-24 07:15:39 server.py:188] Confirm GPU group 84 for meta-llama/Meta-Llama-3-8B_sllm-condense_3 replica 2f0814ee-93f4-4dba-8e9d-f120a87efae8 success
INFO 07-24 07:15:39 server.py:188] Confirm GPU group 85 for meta-llama/Meta-Llama-3-8B_sllm-condense_3 replica 2f0814ee-93f4-4dba-8e9d-f120a87efae8 success
INFO 07-24 07:15:39 server.py:188] Confirm GPU group 86 for meta-llama/Meta-Llama-3-8B_sllm-condense_3 replica 2f0814ee-93f4-4dba-8e9d-f120a87efae8 success
INFO 07-24 07:15:39 server.py:188] Confirm GPU group 87 for meta-llama/Meta-Llama-3-8B_sllm-condense_3 replica 2f0814ee-93f4-4dba-8e9d-f120a87efae8 success
INFO 07-24 07:15:39 server.py:188] Confirm GPU group 88 for meta-llama/Meta-Llama-3-8B_sllm-condense_3 replica 2f0814ee-93f4-4dba-8e9d-f120a87efae8 success
INFO 07-24 07:15:39 server.py:188] Confirm GPU group 89 for meta-llama/Meta-Llama-3-8B_sllm-condense_3 replica 2f0814ee-93f4-4dba-8e9d-f120a87efae8 success
INFO 07-24 07:15:39 server.py:188] Confirm GPU group 90 for meta-llama/Meta-Llama-3-8B_sllm-condense_3 replica 2f0814ee-93f4-4dba-8e9d-f120a87efae8 success
INFO 07-24 07:15:39 server.py:188] Confirm GPU group 91 for meta-llama/Meta-Llama-3-8B_sllm-condense_3 replica 2f0814ee-93f4-4dba-8e9d-f120a87efae8 success
INFO 07-24 07:15:39 server.py:188] Confirm GPU group 92 for meta-llama/Meta-Llama-3-8B_sllm-condense_3 replica 2f0814ee-93f4-4dba-8e9d-f120a87efae8 success
INFO 07-24 07:15:39 server.py:188] Confirm GPU group 93 for meta-llama/Meta-Llama-3-8B_sllm-condense_3 replica 2f0814ee-93f4-4dba-8e9d-f120a87efae8 success
INFO 07-24 07:15:39 server.py:188] Confirm GPU group 94 for meta-llama/Meta-Llama-3-8B_sllm-condense_3 replica 2f0814ee-93f4-4dba-8e9d-f120a87efae8 success
INFO 07-24 07:15:39 server.py:188] Confirm GPU group 95 for meta-llama/Meta-Llama-3-8B_sllm-condense_3 replica 2f0814ee-93f4-4dba-8e9d-f120a87efae8 success
INFO 07-24 07:15:39 server.py:188] Confirm GPU group 96 for meta-llama/Meta-Llama-3-8B_sllm-condense_3 replica 2f0814ee-93f4-4dba-8e9d-f120a87efae8 success
INFO 07-24 07:15:39 server.py:188] Confirm GPU group 97 for meta-llama/Meta-Llama-3-8B_sllm-condense_3 replica 2f0814ee-93f4-4dba-8e9d-f120a87efae8 success
INFO 07-24 07:15:39 server.py:188] Confirm GPU group 98 for meta-llama/Meta-Llama-3-8B_sllm-condense_3 replica 2f0814ee-93f4-4dba-8e9d-f120a87efae8 success
INFO 07-24 07:15:39 server.py:188] Confirm GPU group 99 for meta-llama/Meta-Llama-3-8B_sllm-condense_3 replica 2f0814ee-93f4-4dba-8e9d-f120a87efae8 success
INFO 07-24 07:15:39 server.py:188] Confirm GPU group 100 for meta-llama/Meta-Llama-3-8B_sllm-condense_3 replica 2f0814ee-93f4-4dba-8e9d-f120a87efae8 success
INFO 07-24 07:15:39 server.py:188] Confirm GPU group 101 for meta-llama/Meta-Llama-3-8B_sllm-condense_3 replica 2f0814ee-93f4-4dba-8e9d-f120a87efae8 success
INFO 07-24 07:15:39 server.py:188] Confirm GPU group 102 for meta-llama/Meta-Llama-3-8B_sllm-condense_3 replica 2f0814ee-93f4-4dba-8e9d-f120a87efae8 success
INFO 07-24 07:15:39 server.py:188] Confirm GPU group 103 for meta-llama/Meta-Llama-3-8B_sllm-condense_3 replica 2f0814ee-93f4-4dba-8e9d-f120a87efae8 success
INFO 07-24 07:15:39 server.py:188] Confirm GPU group 104 for meta-llama/Meta-Llama-3-8B_sllm-condense_3 replica 2f0814ee-93f4-4dba-8e9d-f120a87efae8 success
INFO 07-24 07:15:39 server.py:188] Confirm GPU group 105 for meta-llama/Meta-Llama-3-8B_sllm-condense_3 replica 2f0814ee-93f4-4dba-8e9d-f120a87efae8 success
INFO 07-24 07:15:39 server.py:188] Confirm GPU group 106 for meta-llama/Meta-Llama-3-8B_sllm-condense_3 replica 2f0814ee-93f4-4dba-8e9d-f120a87efae8 success
INFO 07-24 07:15:39 server.py:188] Confirm GPU group 107 for meta-llama/Meta-Llama-3-8B_sllm-condense_3 replica 2f0814ee-93f4-4dba-8e9d-f120a87efae8 success
INFO 07-24 07:15:39 server.py:188] Confirm GPU group 108 for meta-llama/Meta-Llama-3-8B_sllm-condense_3 replica 2f0814ee-93f4-4dba-8e9d-f120a87efae8 success
INFO 07-24 07:15:39 server.py:188] Confirm GPU group 109 for meta-llama/Meta-Llama-3-8B_sllm-condense_3 replica 2f0814ee-93f4-4dba-8e9d-f120a87efae8 success
INFO 07-24 07:15:39 server.py:188] Confirm GPU group 110 for meta-llama/Meta-Llama-3-8B_sllm-condense_3 replica 2f0814ee-93f4-4dba-8e9d-f120a87efae8 success
INFO 07-24 07:15:39 server.py:188] Confirm GPU group 111 for meta-llama/Meta-Llama-3-8B_sllm-condense_3 replica 2f0814ee-93f4-4dba-8e9d-f120a87efae8 success
INFO 07-24 07:15:39 server.py:188] Confirm GPU group 112 for meta-llama/Meta-Llama-3-8B_sllm-condense_3 replica 2f0814ee-93f4-4dba-8e9d-f120a87efae8 success
INFO 07-24 07:15:39 server.py:188] Confirm GPU group 113 for meta-llama/Meta-Llama-3-8B_sllm-condense_3 replica 2f0814ee-93f4-4dba-8e9d-f120a87efae8 success
INFO 07-24 07:15:39 server.py:188] Confirm GPU group 114 for meta-llama/Meta-Llama-3-8B_sllm-condense_3 replica 2f0814ee-93f4-4dba-8e9d-f120a87efae8 success
INFO 07-24 07:15:39 server.py:188] Confirm GPU group 115 for meta-llama/Meta-Llama-3-8B_sllm-condense_3 replica 2f0814ee-93f4-4dba-8e9d-f120a87efae8 success
INFO 07-24 07:15:39 server.py:188] Confirm GPU group 116 for meta-llama/Meta-Llama-3-8B_sllm-condense_3 replica 2f0814ee-93f4-4dba-8e9d-f120a87efae8 success
INFO 07-24 07:15:39 server.py:188] Confirm GPU group 117 for meta-llama/Meta-Llama-3-8B_sllm-condense_3 replica 2f0814ee-93f4-4dba-8e9d-f120a87efae8 success
INFO 07-24 07:15:39 server.py:188] Confirm GPU group 118 for meta-llama/Meta-Llama-3-8B_sllm-condense_3 replica 2f0814ee-93f4-4dba-8e9d-f120a87efae8 success
INFO 07-24 07:15:39 server.py:188] Confirm GPU group 119 for meta-llama/Meta-Llama-3-8B_sllm-condense_3 replica 2f0814ee-93f4-4dba-8e9d-f120a87efae8 success
INFO 07-24 07:15:39 server.py:188] Confirm GPU group 120 for meta-llama/Meta-Llama-3-8B_sllm-condense_3 replica 2f0814ee-93f4-4dba-8e9d-f120a87efae8 success
INFO 07-24 07:15:39 server.py:188] Confirm GPU group 121 for meta-llama/Meta-Llama-3-8B_sllm-condense_3 replica 2f0814ee-93f4-4dba-8e9d-f120a87efae8 success
INFO 07-24 07:15:39 server.py:188] Confirm GPU group 122 for meta-llama/Meta-Llama-3-8B_sllm-condense_3 replica 2f0814ee-93f4-4dba-8e9d-f120a87efae8 success
INFO 07-24 07:15:39 server.py:188] Confirm GPU group 123 for meta-llama/Meta-Llama-3-8B_sllm-condense_3 replica 2f0814ee-93f4-4dba-8e9d-f120a87efae8 success
INFO 07-24 07:15:39 server.py:188] Confirm GPU group 124 for meta-llama/Meta-Llama-3-8B_sllm-condense_3 replica 2f0814ee-93f4-4dba-8e9d-f120a87efae8 success
INFO 07-24 07:15:39 server.py:188] Confirm GPU group 125 for meta-llama/Meta-Llama-3-8B_sllm-condense_3 replica 2f0814ee-93f4-4dba-8e9d-f120a87efae8 success
INFO 07-24 07:15:39 server.py:188] Confirm GPU group 126 for meta-llama/Meta-Llama-3-8B_sllm-condense_3 replica 2f0814ee-93f4-4dba-8e9d-f120a87efae8 success
INFO 07-24 07:15:39 server.py:188] Confirm GPU group 127 for meta-llama/Meta-Llama-3-8B_sllm-condense_3 replica 2f0814ee-93f4-4dba-8e9d-f120a87efae8 success
INFO 07-24 07:15:39 server.py:188] Confirm GPU group 128 for meta-llama/Meta-Llama-3-8B_sllm-condense_3 replica 2f0814ee-93f4-4dba-8e9d-f120a87efae8 success
INFO 07-24 07:15:40 server.py:188] Confirm GPU group 129 for meta-llama/Meta-Llama-3-8B_sllm-condense_3 replica 2f0814ee-93f4-4dba-8e9d-f120a87efae8 success
INFO 07-24 07:15:40 server.py:188] Confirm GPU group 130 for meta-llama/Meta-Llama-3-8B_sllm-condense_3 replica 2f0814ee-93f4-4dba-8e9d-f120a87efae8 success
INFO 07-24 07:15:40 server.py:188] Confirm GPU group 131 for meta-llama/Meta-Llama-3-8B_sllm-condense_3 replica 2f0814ee-93f4-4dba-8e9d-f120a87efae8 success
INFO 07-24 07:15:40 server.py:188] Confirm GPU group 132 for meta-llama/Meta-Llama-3-8B_sllm-condense_3 replica 2f0814ee-93f4-4dba-8e9d-f120a87efae8 success
INFO 07-24 07:15:40 server.py:188] Confirm GPU group 133 for meta-llama/Meta-Llama-3-8B_sllm-condense_3 replica 2f0814ee-93f4-4dba-8e9d-f120a87efae8 success
INFO 07-24 07:15:40 server.py:188] Confirm GPU group 134 for meta-llama/Meta-Llama-3-8B_sllm-condense_3 replica 2f0814ee-93f4-4dba-8e9d-f120a87efae8 success
INFO 07-24 07:15:40 server.py:188] Confirm GPU group 135 for meta-llama/Meta-Llama-3-8B_sllm-condense_3 replica 2f0814ee-93f4-4dba-8e9d-f120a87efae8 success
INFO 07-24 07:15:40 server.py:188] Confirm GPU group 136 for meta-llama/Meta-Llama-3-8B_sllm-condense_3 replica 2f0814ee-93f4-4dba-8e9d-f120a87efae8 success
INFO 07-24 07:15:40 server.py:188] Confirm GPU group 137 for meta-llama/Meta-Llama-3-8B_sllm-condense_3 replica 2f0814ee-93f4-4dba-8e9d-f120a87efae8 success
INFO 07-24 07:15:40 server.py:188] Confirm GPU group 138 for meta-llama/Meta-Llama-3-8B_sllm-condense_3 replica 2f0814ee-93f4-4dba-8e9d-f120a87efae8 success
INFO 07-24 07:15:40 server.py:188] Confirm GPU group 139 for meta-llama/Meta-Llama-3-8B_sllm-condense_3 replica 2f0814ee-93f4-4dba-8e9d-f120a87efae8 success
INFO 07-24 07:15:40 server.py:188] Confirm GPU group 140 for meta-llama/Meta-Llama-3-8B_sllm-condense_3 replica 2f0814ee-93f4-4dba-8e9d-f120a87efae8 success
INFO 07-24 07:15:40 server.py:188] Confirm GPU group 141 for meta-llama/Meta-Llama-3-8B_sllm-condense_3 replica 2f0814ee-93f4-4dba-8e9d-f120a87efae8 success
INFO 07-24 07:15:40 server.py:188] Confirm GPU group 142 for meta-llama/Meta-Llama-3-8B_sllm-condense_3 replica 2f0814ee-93f4-4dba-8e9d-f120a87efae8 success
INFO 07-24 07:15:40 server.py:188] Confirm GPU group 143 for meta-llama/Meta-Llama-3-8B_sllm-condense_3 replica 2f0814ee-93f4-4dba-8e9d-f120a87efae8 success
INFO 07-24 07:15:40 server.py:188] Confirm GPU group 144 for meta-llama/Meta-Llama-3-8B_sllm-condense_3 replica 2f0814ee-93f4-4dba-8e9d-f120a87efae8 success
INFO 07-24 07:15:40 server.py:188] Confirm GPU group 145 for meta-llama/Meta-Llama-3-8B_sllm-condense_3 replica 2f0814ee-93f4-4dba-8e9d-f120a87efae8 success
INFO 07-24 07:15:40 server.py:188] Confirm GPU group 146 for meta-llama/Meta-Llama-3-8B_sllm-condense_3 replica 2f0814ee-93f4-4dba-8e9d-f120a87efae8 success
INFO 07-24 07:15:40 server.py:188] Confirm GPU group 147 for meta-llama/Meta-Llama-3-8B_sllm-condense_3 replica 2f0814ee-93f4-4dba-8e9d-f120a87efae8 success
INFO 07-24 07:15:40 server.py:188] Confirm GPU group 148 for meta-llama/Meta-Llama-3-8B_sllm-condense_3 replica 2f0814ee-93f4-4dba-8e9d-f120a87efae8 success
INFO 07-24 07:15:40 server.py:188] Confirm GPU group 149 for meta-llama/Meta-Llama-3-8B_sllm-condense_3 replica 2f0814ee-93f4-4dba-8e9d-f120a87efae8 success
INFO 07-24 07:15:40 server.py:188] Confirm GPU group 150 for meta-llama/Meta-Llama-3-8B_sllm-condense_3 replica 2f0814ee-93f4-4dba-8e9d-f120a87efae8 success
INFO 07-24 07:15:40 server.py:188] Confirm GPU group 151 for meta-llama/Meta-Llama-3-8B_sllm-condense_3 replica 2f0814ee-93f4-4dba-8e9d-f120a87efae8 success
INFO 07-24 07:15:40 server.py:188] Confirm GPU group 152 for meta-llama/Meta-Llama-3-8B_sllm-condense_3 replica 2f0814ee-93f4-4dba-8e9d-f120a87efae8 success
INFO 07-24 07:15:40 server.py:188] Confirm GPU group 153 for meta-llama/Meta-Llama-3-8B_sllm-condense_3 replica 2f0814ee-93f4-4dba-8e9d-f120a87efae8 success
INFO 07-24 07:15:40 server.py:188] Confirm GPU group 154 for meta-llama/Meta-Llama-3-8B_sllm-condense_3 replica 2f0814ee-93f4-4dba-8e9d-f120a87efae8 success
INFO 07-24 07:15:40 server.py:188] Confirm GPU group 155 for meta-llama/Meta-Llama-3-8B_sllm-condense_3 replica 2f0814ee-93f4-4dba-8e9d-f120a87efae8 success
INFO 07-24 07:15:40 server.py:188] Confirm GPU group 156 for meta-llama/Meta-Llama-3-8B_sllm-condense_3 replica 2f0814ee-93f4-4dba-8e9d-f120a87efae8 success
INFO 07-24 07:15:40 server.py:188] Confirm GPU group 157 for meta-llama/Meta-Llama-3-8B_sllm-condense_3 replica 2f0814ee-93f4-4dba-8e9d-f120a87efae8 success
INFO 07-24 07:15:40 server.py:188] Confirm GPU group 158 for meta-llama/Meta-Llama-3-8B_sllm-condense_3 replica 2f0814ee-93f4-4dba-8e9d-f120a87efae8 success
INFO 07-24 07:15:40 server.py:188] Confirm GPU group 159 for meta-llama/Meta-Llama-3-8B_sllm-condense_3 replica 2f0814ee-93f4-4dba-8e9d-f120a87efae8 success
INFO 07-24 07:15:40 server.py:188] Confirm GPU group 160 for meta-llama/Meta-Llama-3-8B_sllm-condense_3 replica 2f0814ee-93f4-4dba-8e9d-f120a87efae8 success
INFO 07-24 07:15:40 server.py:188] Confirm GPU group 161 for meta-llama/Meta-Llama-3-8B_sllm-condense_3 replica 2f0814ee-93f4-4dba-8e9d-f120a87efae8 success
INFO 07-24 07:15:40 server.py:188] Confirm GPU group 162 for meta-llama/Meta-Llama-3-8B_sllm-condense_3 replica 2f0814ee-93f4-4dba-8e9d-f120a87efae8 success
INFO 07-24 07:15:40 server.py:188] Confirm GPU group 163 for meta-llama/Meta-Llama-3-8B_sllm-condense_3 replica 2f0814ee-93f4-4dba-8e9d-f120a87efae8 success
INFO 07-24 07:15:40 server.py:188] Confirm GPU group 164 for meta-llama/Meta-Llama-3-8B_sllm-condense_3 replica 2f0814ee-93f4-4dba-8e9d-f120a87efae8 success
INFO 07-24 07:15:40 server.py:188] Confirm GPU group 165 for meta-llama/Meta-Llama-3-8B_sllm-condense_3 replica 2f0814ee-93f4-4dba-8e9d-f120a87efae8 success
INFO 07-24 07:15:40 server.py:188] Confirm GPU group 166 for meta-llama/Meta-Llama-3-8B_sllm-condense_3 replica 2f0814ee-93f4-4dba-8e9d-f120a87efae8 success
INFO 07-24 07:15:40 server.py:188] Confirm GPU group 167 for meta-llama/Meta-Llama-3-8B_sllm-condense_3 replica 2f0814ee-93f4-4dba-8e9d-f120a87efae8 success
INFO 07-24 07:15:40 server.py:188] Confirm GPU group 168 for meta-llama/Meta-Llama-3-8B_sllm-condense_3 replica 2f0814ee-93f4-4dba-8e9d-f120a87efae8 success
INFO 07-24 07:15:40 server.py:188] Confirm GPU group 169 for meta-llama/Meta-Llama-3-8B_sllm-condense_3 replica 2f0814ee-93f4-4dba-8e9d-f120a87efae8 success
INFO 07-24 07:15:40 server.py:188] Confirm GPU group 170 for meta-llama/Meta-Llama-3-8B_sllm-condense_3 replica 2f0814ee-93f4-4dba-8e9d-f120a87efae8 success
INFO 07-24 07:15:40 server.py:188] Confirm GPU group 171 for meta-llama/Meta-Llama-3-8B_sllm-condense_3 replica 2f0814ee-93f4-4dba-8e9d-f120a87efae8 success
INFO 07-24 07:15:40 server.py:188] Confirm GPU group 172 for meta-llama/Meta-Llama-3-8B_sllm-condense_3 replica 2f0814ee-93f4-4dba-8e9d-f120a87efae8 success
INFO 07-24 07:15:40 server.py:188] Confirm GPU group 173 for meta-llama/Meta-Llama-3-8B_sllm-condense_3 replica 2f0814ee-93f4-4dba-8e9d-f120a87efae8 success
INFO 07-24 07:15:40 server.py:188] Confirm GPU group 174 for meta-llama/Meta-Llama-3-8B_sllm-condense_3 replica 2f0814ee-93f4-4dba-8e9d-f120a87efae8 success
INFO 07-24 07:15:40 server.py:188] Confirm GPU group 175 for meta-llama/Meta-Llama-3-8B_sllm-condense_3 replica 2f0814ee-93f4-4dba-8e9d-f120a87efae8 success
INFO 07-24 07:15:40 server.py:188] Confirm GPU group 176 for meta-llama/Meta-Llama-3-8B_sllm-condense_3 replica 2f0814ee-93f4-4dba-8e9d-f120a87efae8 success
INFO 07-24 07:15:40 server.py:188] Confirm GPU group 177 for meta-llama/Meta-Llama-3-8B_sllm-condense_3 replica 2f0814ee-93f4-4dba-8e9d-f120a87efae8 success
INFO 07-24 07:15:40 server.py:188] Confirm GPU group 178 for meta-llama/Meta-Llama-3-8B_sllm-condense_3 replica 2f0814ee-93f4-4dba-8e9d-f120a87efae8 success
INFO 07-24 07:15:40 server.py:188] Confirm GPU group 179 for meta-llama/Meta-Llama-3-8B_sllm-condense_3 replica 2f0814ee-93f4-4dba-8e9d-f120a87efae8 success
INFO 07-24 07:15:40 server.py:188] Confirm GPU group 180 for meta-llama/Meta-Llama-3-8B_sllm-condense_3 replica 2f0814ee-93f4-4dba-8e9d-f120a87efae8 success
INFO 07-24 07:15:40 server.py:188] Confirm GPU group 181 for meta-llama/Meta-Llama-3-8B_sllm-condense_3 replica 2f0814ee-93f4-4dba-8e9d-f120a87efae8 success
INFO 07-24 07:15:40 server.py:188] Confirm GPU group 182 for meta-llama/Meta-Llama-3-8B_sllm-condense_3 replica 2f0814ee-93f4-4dba-8e9d-f120a87efae8 success
INFO 07-24 07:15:40 server.py:188] Confirm GPU group 183 for meta-llama/Meta-Llama-3-8B_sllm-condense_3 replica 2f0814ee-93f4-4dba-8e9d-f120a87efae8 success
INFO 07-24 07:15:40 server.py:188] Confirm GPU group 184 for meta-llama/Meta-Llama-3-8B_sllm-condense_3 replica 2f0814ee-93f4-4dba-8e9d-f120a87efae8 success
INFO 07-24 07:15:40 server.py:188] Confirm GPU group 185 for meta-llama/Meta-Llama-3-8B_sllm-condense_3 replica 2f0814ee-93f4-4dba-8e9d-f120a87efae8 success
INFO 07-24 07:15:40 server.py:188] Confirm GPU group 186 for meta-llama/Meta-Llama-3-8B_sllm-condense_3 replica 2f0814ee-93f4-4dba-8e9d-f120a87efae8 success
INFO 07-24 07:15:40 server.py:188] Confirm GPU group 187 for meta-llama/Meta-Llama-3-8B_sllm-condense_3 replica 2f0814ee-93f4-4dba-8e9d-f120a87efae8 success
INFO 07-24 07:15:40 server.py:188] Confirm GPU group 188 for meta-llama/Meta-Llama-3-8B_sllm-condense_3 replica 2f0814ee-93f4-4dba-8e9d-f120a87efae8 success
INFO 07-24 07:15:40 server.py:188] Confirm GPU group 189 for meta-llama/Meta-Llama-3-8B_sllm-condense_3 replica 2f0814ee-93f4-4dba-8e9d-f120a87efae8 success
INFO 07-24 07:15:40 server.py:188] Confirm GPU group 190 for meta-llama/Meta-Llama-3-8B_sllm-condense_3 replica 2f0814ee-93f4-4dba-8e9d-f120a87efae8 success
INFO 07-24 07:15:40 server.py:188] Confirm GPU group 191 for meta-llama/Meta-Llama-3-8B_sllm-condense_3 replica 2f0814ee-93f4-4dba-8e9d-f120a87efae8 success
INFO 07-24 07:15:40 server.py:188] Confirm GPU group 192 for meta-llama/Meta-Llama-3-8B_sllm-condense_3 replica 2f0814ee-93f4-4dba-8e9d-f120a87efae8 success
INFO 07-24 07:15:40 server.py:188] Confirm GPU group 193 for meta-llama/Meta-Llama-3-8B_sllm-condense_3 replica 2f0814ee-93f4-4dba-8e9d-f120a87efae8 success
INFO 07-24 07:15:40 server.py:188] Confirm GPU group 194 for meta-llama/Meta-Llama-3-8B_sllm-condense_3 replica 2f0814ee-93f4-4dba-8e9d-f120a87efae8 success
INFO 07-24 07:15:40 server.py:188] Confirm GPU group 195 for meta-llama/Meta-Llama-3-8B_sllm-condense_3 replica 2f0814ee-93f4-4dba-8e9d-f120a87efae8 success
INFO 07-24 07:15:40 server.py:188] Confirm GPU group 196 for meta-llama/Meta-Llama-3-8B_sllm-condense_3 replica 2f0814ee-93f4-4dba-8e9d-f120a87efae8 success
INFO 07-24 07:15:40 server.py:188] Confirm GPU group 197 for meta-llama/Meta-Llama-3-8B_sllm-condense_3 replica 2f0814ee-93f4-4dba-8e9d-f120a87efae8 success
INFO 07-24 07:15:40 server.py:188] Confirm GPU group 198 for meta-llama/Meta-Llama-3-8B_sllm-condense_3 replica 2f0814ee-93f4-4dba-8e9d-f120a87efae8 success
INFO 07-24 07:15:40 server.py:188] Confirm GPU group 199 for meta-llama/Meta-Llama-3-8B_sllm-condense_3 replica 2f0814ee-93f4-4dba-8e9d-f120a87efae8 success
INFO 07-24 07:15:40 server.py:188] Confirm GPU group 200 for meta-llama/Meta-Llama-3-8B_sllm-condense_3 replica 2f0814ee-93f4-4dba-8e9d-f120a87efae8 success
INFO 07-24 07:15:40 server.py:188] Confirm GPU group 201 for meta-llama/Meta-Llama-3-8B_sllm-condense_3 replica 2f0814ee-93f4-4dba-8e9d-f120a87efae8 success
INFO 07-24 07:15:40 server.py:188] Confirm GPU group 202 for meta-llama/Meta-Llama-3-8B_sllm-condense_3 replica 2f0814ee-93f4-4dba-8e9d-f120a87efae8 success
INFO 07-24 07:15:40 server.py:188] Confirm GPU group 203 for meta-llama/Meta-Llama-3-8B_sllm-condense_3 replica 2f0814ee-93f4-4dba-8e9d-f120a87efae8 success
INFO 07-24 07:15:40 server.py:188] Confirm GPU group 204 for meta-llama/Meta-Llama-3-8B_sllm-condense_3 replica 2f0814ee-93f4-4dba-8e9d-f120a87efae8 success
INFO 07-24 07:15:40 server.py:188] Confirm GPU group 205 for meta-llama/Meta-Llama-3-8B_sllm-condense_3 replica 2f0814ee-93f4-4dba-8e9d-f120a87efae8 success
INFO 07-24 07:15:40 server.py:188] Confirm GPU group 206 for meta-llama/Meta-Llama-3-8B_sllm-condense_3 replica 2f0814ee-93f4-4dba-8e9d-f120a87efae8 success
INFO 07-24 07:15:40 server.py:188] Confirm GPU group 207 for meta-llama/Meta-Llama-3-8B_sllm-condense_3 replica 2f0814ee-93f4-4dba-8e9d-f120a87efae8 success
INFO 07-24 07:15:40 server.py:188] Confirm GPU group 208 for meta-llama/Meta-Llama-3-8B_sllm-condense_3 replica 2f0814ee-93f4-4dba-8e9d-f120a87efae8 success
INFO 07-24 07:15:40 server.py:188] Confirm GPU group 209 for meta-llama/Meta-Llama-3-8B_sllm-condense_3 replica 2f0814ee-93f4-4dba-8e9d-f120a87efae8 success
INFO 07-24 07:15:40 server.py:188] Confirm GPU group 210 for meta-llama/Meta-Llama-3-8B_sllm-condense_3 replica 2f0814ee-93f4-4dba-8e9d-f120a87efae8 success
INFO 07-24 07:15:40 server.py:188] Confirm GPU group 211 for meta-llama/Meta-Llama-3-8B_sllm-condense_3 replica 2f0814ee-93f4-4dba-8e9d-f120a87efae8 success
INFO 07-24 07:15:40 server.py:188] Confirm GPU group 212 for meta-llama/Meta-Llama-3-8B_sllm-condense_3 replica 2f0814ee-93f4-4dba-8e9d-f120a87efae8 success
INFO 07-24 07:15:40 server.py:188] Confirm GPU group 213 for meta-llama/Meta-Llama-3-8B_sllm-condense_3 replica 2f0814ee-93f4-4dba-8e9d-f120a87efae8 success
INFO 07-24 07:15:40 server.py:188] Confirm GPU group 214 for meta-llama/Meta-Llama-3-8B_sllm-condense_3 replica 2f0814ee-93f4-4dba-8e9d-f120a87efae8 success
INFO 07-24 07:15:40 server.py:188] Confirm GPU group 215 for meta-llama/Meta-Llama-3-8B_sllm-condense_3 replica 2f0814ee-93f4-4dba-8e9d-f120a87efae8 success
INFO 07-24 07:15:40 server.py:188] Confirm GPU group 216 for meta-llama/Meta-Llama-3-8B_sllm-condense_3 replica 2f0814ee-93f4-4dba-8e9d-f120a87efae8 success
INFO 07-24 07:15:40 server.py:188] Confirm GPU group 217 for meta-llama/Meta-Llama-3-8B_sllm-condense_3 replica 2f0814ee-93f4-4dba-8e9d-f120a87efae8 success
INFO 07-24 07:15:40 server.py:188] Confirm GPU group 218 for meta-llama/Meta-Llama-3-8B_sllm-condense_3 replica 2f0814ee-93f4-4dba-8e9d-f120a87efae8 success
INFO 07-24 07:15:40 server.py:188] Confirm GPU group 219 for meta-llama/Meta-Llama-3-8B_sllm-condense_3 replica 2f0814ee-93f4-4dba-8e9d-f120a87efae8 success
INFO 07-24 07:15:40 server.py:188] Confirm GPU group 220 for meta-llama/Meta-Llama-3-8B_sllm-condense_3 replica 2f0814ee-93f4-4dba-8e9d-f120a87efae8 success
INFO 07-24 07:15:40 server.py:188] Confirm GPU group 221 for meta-llama/Meta-Llama-3-8B_sllm-condense_3 replica 2f0814ee-93f4-4dba-8e9d-f120a87efae8 success
INFO 07-24 07:15:40 server.py:188] Confirm GPU group 222 for meta-llama/Meta-Llama-3-8B_sllm-condense_3 replica 2f0814ee-93f4-4dba-8e9d-f120a87efae8 success
INFO 07-24 07:15:40 server.py:188] Confirm GPU group 223 for meta-llama/Meta-Llama-3-8B_sllm-condense_3 replica 2f0814ee-93f4-4dba-8e9d-f120a87efae8 success
INFO 07-24 07:15:40 server.py:188] Confirm GPU group 224 for meta-llama/Meta-Llama-3-8B_sllm-condense_3 replica 2f0814ee-93f4-4dba-8e9d-f120a87efae8 success
INFO 07-24 07:15:40 server.py:188] Confirm GPU group 225 for meta-llama/Meta-Llama-3-8B_sllm-condense_3 replica 2f0814ee-93f4-4dba-8e9d-f120a87efae8 success
INFO 07-24 07:15:40 server.py:188] Confirm GPU group 226 for meta-llama/Meta-Llama-3-8B_sllm-condense_3 replica 2f0814ee-93f4-4dba-8e9d-f120a87efae8 success
INFO 07-24 07:15:40 server.py:188] Confirm GPU group 227 for meta-llama/Meta-Llama-3-8B_sllm-condense_3 replica 2f0814ee-93f4-4dba-8e9d-f120a87efae8 success
INFO 07-24 07:15:40 server.py:188] Confirm GPU group 228 for meta-llama/Meta-Llama-3-8B_sllm-condense_3 replica 2f0814ee-93f4-4dba-8e9d-f120a87efae8 success
INFO 07-24 07:15:40 server.py:188] Confirm GPU group 229 for meta-llama/Meta-Llama-3-8B_sllm-condense_3 replica 2f0814ee-93f4-4dba-8e9d-f120a87efae8 success
INFO 07-24 07:15:40 server.py:188] Confirm GPU group 230 for meta-llama/Meta-Llama-3-8B_sllm-condense_3 replica 2f0814ee-93f4-4dba-8e9d-f120a87efae8 success
INFO 07-24 07:15:40 server.py:188] Confirm GPU group 231 for meta-llama/Meta-Llama-3-8B_sllm-condense_3 replica 2f0814ee-93f4-4dba-8e9d-f120a87efae8 success
INFO 07-24 07:15:40 server.py:188] Confirm GPU group 232 for meta-llama/Meta-Llama-3-8B_sllm-condense_3 replica 2f0814ee-93f4-4dba-8e9d-f120a87efae8 success
INFO 07-24 07:15:40 server.py:188] Confirm GPU group 233 for meta-llama/Meta-Llama-3-8B_sllm-condense_3 replica 2f0814ee-93f4-4dba-8e9d-f120a87efae8 success
INFO 07-24 07:15:40 server.py:188] Confirm GPU group 234 for meta-llama/Meta-Llama-3-8B_sllm-condense_3 replica 2f0814ee-93f4-4dba-8e9d-f120a87efae8 success
INFO 07-24 07:15:40 server.py:188] Confirm GPU group 235 for meta-llama/Meta-Llama-3-8B_sllm-condense_3 replica 2f0814ee-93f4-4dba-8e9d-f120a87efae8 success
INFO 07-24 07:15:40 server.py:188] Confirm GPU group 236 for meta-llama/Meta-Llama-3-8B_sllm-condense_3 replica 2f0814ee-93f4-4dba-8e9d-f120a87efae8 success
INFO 07-24 07:15:40 server.py:188] Confirm GPU group 237 for meta-llama/Meta-Llama-3-8B_sllm-condense_3 replica 2f0814ee-93f4-4dba-8e9d-f120a87efae8 success
INFO 07-24 07:15:40 server.py:188] Confirm GPU group 238 for meta-llama/Meta-Llama-3-8B_sllm-condense_3 replica 2f0814ee-93f4-4dba-8e9d-f120a87efae8 success
INFO 07-24 07:15:40 server.py:188] Confirm GPU group 239 for meta-llama/Meta-Llama-3-8B_sllm-condense_3 replica 2f0814ee-93f4-4dba-8e9d-f120a87efae8 success
INFO 07-24 07:15:40 server.py:188] Confirm GPU group 240 for meta-llama/Meta-Llama-3-8B_sllm-condense_3 replica 2f0814ee-93f4-4dba-8e9d-f120a87efae8 success
INFO 07-24 07:15:40 server.py:188] Confirm GPU group 241 for meta-llama/Meta-Llama-3-8B_sllm-condense_3 replica 2f0814ee-93f4-4dba-8e9d-f120a87efae8 success
INFO 07-24 07:15:40 server.py:188] Confirm GPU group 242 for meta-llama/Meta-Llama-3-8B_sllm-condense_3 replica 2f0814ee-93f4-4dba-8e9d-f120a87efae8 success
INFO 07-24 07:15:40 server.py:188] Confirm GPU group 243 for meta-llama/Meta-Llama-3-8B_sllm-condense_3 replica 2f0814ee-93f4-4dba-8e9d-f120a87efae8 success
INFO 07-24 07:15:40 server.py:188] Confirm GPU group 244 for meta-llama/Meta-Llama-3-8B_sllm-condense_3 replica 2f0814ee-93f4-4dba-8e9d-f120a87efae8 success
INFO 07-24 07:15:40 server.py:188] Confirm GPU group 245 for meta-llama/Meta-Llama-3-8B_sllm-condense_3 replica 2f0814ee-93f4-4dba-8e9d-f120a87efae8 success
INFO 07-24 07:15:40 server.py:188] Confirm GPU group 246 for meta-llama/Meta-Llama-3-8B_sllm-condense_3 replica 2f0814ee-93f4-4dba-8e9d-f120a87efae8 success
INFO 07-24 07:15:40 server.py:188] Confirm GPU group 247 for meta-llama/Meta-Llama-3-8B_sllm-condense_3 replica 2f0814ee-93f4-4dba-8e9d-f120a87efae8 success
INFO 07-24 07:15:40 server.py:188] Confirm GPU group 248 for meta-llama/Meta-Llama-3-8B_sllm-condense_3 replica 2f0814ee-93f4-4dba-8e9d-f120a87efae8 success
INFO 07-24 07:15:40 server.py:188] Confirm GPU group 249 for meta-llama/Meta-Llama-3-8B_sllm-condense_3 replica 2f0814ee-93f4-4dba-8e9d-f120a87efae8 success
INFO 07-24 07:15:40 server.py:188] Confirm GPU group 250 for meta-llama/Meta-Llama-3-8B_sllm-condense_3 replica 2f0814ee-93f4-4dba-8e9d-f120a87efae8 success
INFO 07-24 07:15:40 server.py:188] Confirm GPU group 251 for meta-llama/Meta-Llama-3-8B_sllm-condense_3 replica 2f0814ee-93f4-4dba-8e9d-f120a87efae8 success
INFO 07-24 07:15:40 server.py:188] Confirm GPU group 252 for meta-llama/Meta-Llama-3-8B_sllm-condense_3 replica 2f0814ee-93f4-4dba-8e9d-f120a87efae8 success
INFO 07-24 07:15:40 server.py:188] Confirm GPU group 253 for meta-llama/Meta-Llama-3-8B_sllm-condense_3 replica 2f0814ee-93f4-4dba-8e9d-f120a87efae8 success
INFO 07-24 07:15:40 server.py:188] Confirm GPU group 254 for meta-llama/Meta-Llama-3-8B_sllm-condense_3 replica 2f0814ee-93f4-4dba-8e9d-f120a87efae8 success
INFO 07-24 07:15:40 server.py:188] Confirm GPU group 255 for meta-llama/Meta-Llama-3-8B_sllm-condense_3 replica 2f0814ee-93f4-4dba-8e9d-f120a87efae8 success
INFO 07-24 07:15:40 server.py:188] Confirm GPU group 256 for meta-llama/Meta-Llama-3-8B_sllm-condense_3 replica 2f0814ee-93f4-4dba-8e9d-f120a87efae8 success
INFO 07-24 07:15:40 server.py:188] Confirm GPU group 257 for meta-llama/Meta-Llama-3-8B_sllm-condense_3 replica 2f0814ee-93f4-4dba-8e9d-f120a87efae8 success
INFO 07-24 07:15:40 server.py:188] Confirm GPU group 258 for meta-llama/Meta-Llama-3-8B_sllm-condense_3 replica 2f0814ee-93f4-4dba-8e9d-f120a87efae8 success
INFO 07-24 07:15:40 server.py:188] Confirm GPU group 259 for meta-llama/Meta-Llama-3-8B_sllm-condense_3 replica 2f0814ee-93f4-4dba-8e9d-f120a87efae8 success
INFO 07-24 07:15:40 server.py:188] Confirm GPU group 260 for meta-llama/Meta-Llama-3-8B_sllm-condense_3 replica 2f0814ee-93f4-4dba-8e9d-f120a87efae8 success
INFO 07-24 07:15:40 server.py:188] Confirm GPU group 261 for meta-llama/Meta-Llama-3-8B_sllm-condense_3 replica 2f0814ee-93f4-4dba-8e9d-f120a87efae8 success
INFO 07-24 07:15:40 server.py:188] Confirm GPU group 262 for meta-llama/Meta-Llama-3-8B_sllm-condense_3 replica 2f0814ee-93f4-4dba-8e9d-f120a87efae8 success
INFO 07-24 07:15:40 server.py:188] Confirm GPU group 263 for meta-llama/Meta-Llama-3-8B_sllm-condense_3 replica 2f0814ee-93f4-4dba-8e9d-f120a87efae8 success
INFO 07-24 07:15:40 server.py:188] Confirm GPU group 264 for meta-llama/Meta-Llama-3-8B_sllm-condense_3 replica 2f0814ee-93f4-4dba-8e9d-f120a87efae8 success
INFO 07-24 07:15:40 server.py:188] Confirm GPU group 265 for meta-llama/Meta-Llama-3-8B_sllm-condense_3 replica 2f0814ee-93f4-4dba-8e9d-f120a87efae8 success
INFO 07-24 07:15:40 server.py:188] Confirm GPU group 266 for meta-llama/Meta-Llama-3-8B_sllm-condense_3 replica 2f0814ee-93f4-4dba-8e9d-f120a87efae8 success
INFO 07-24 07:15:40 server.py:188] Confirm GPU group 267 for meta-llama/Meta-Llama-3-8B_sllm-condense_3 replica 2f0814ee-93f4-4dba-8e9d-f120a87efae8 success
INFO 07-24 07:15:40 server.py:188] Confirm GPU group 268 for meta-llama/Meta-Llama-3-8B_sllm-condense_3 replica 2f0814ee-93f4-4dba-8e9d-f120a87efae8 success
INFO 07-24 07:15:40 server.py:188] Confirm GPU group 269 for meta-llama/Meta-Llama-3-8B_sllm-condense_3 replica 2f0814ee-93f4-4dba-8e9d-f120a87efae8 success
INFO 07-24 07:15:40 server.py:188] Confirm GPU group 270 for meta-llama/Meta-Llama-3-8B_sllm-condense_3 replica 2f0814ee-93f4-4dba-8e9d-f120a87efae8 success
INFO 07-24 07:15:40 server.py:188] Confirm GPU group 271 for meta-llama/Meta-Llama-3-8B_sllm-condense_3 replica 2f0814ee-93f4-4dba-8e9d-f120a87efae8 success
INFO 07-24 07:15:40 server.py:188] Confirm GPU group 272 for meta-llama/Meta-Llama-3-8B_sllm-condense_3 replica 2f0814ee-93f4-4dba-8e9d-f120a87efae8 success
INFO 07-24 07:15:40 server.py:188] Confirm GPU group 273 for meta-llama/Meta-Llama-3-8B_sllm-condense_3 replica 2f0814ee-93f4-4dba-8e9d-f120a87efae8 success
INFO 07-24 07:15:40 server.py:188] Confirm GPU group 274 for meta-llama/Meta-Llama-3-8B_sllm-condense_3 replica 2f0814ee-93f4-4dba-8e9d-f120a87efae8 success
INFO 07-24 07:15:41 server.py:188] Confirm GPU group 275 for meta-llama/Meta-Llama-3-8B_sllm-condense_3 replica 2f0814ee-93f4-4dba-8e9d-f120a87efae8 success
INFO 07-24 07:15:41 server.py:188] Confirm GPU group 276 for meta-llama/Meta-Llama-3-8B_sllm-condense_3 replica 2f0814ee-93f4-4dba-8e9d-f120a87efae8 success
INFO 07-24 07:15:41 server.py:188] Confirm GPU group 277 for meta-llama/Meta-Llama-3-8B_sllm-condense_3 replica 2f0814ee-93f4-4dba-8e9d-f120a87efae8 success
INFO 07-24 07:15:41 server.py:188] Confirm GPU group 278 for meta-llama/Meta-Llama-3-8B_sllm-condense_3 replica 2f0814ee-93f4-4dba-8e9d-f120a87efae8 success
INFO 07-24 07:15:41 server.py:188] Confirm GPU group 279 for meta-llama/Meta-Llama-3-8B_sllm-condense_3 replica 2f0814ee-93f4-4dba-8e9d-f120a87efae8 success
INFO 07-24 07:15:41 server.py:188] Confirm GPU group 280 for meta-llama/Meta-Llama-3-8B_sllm-condense_3 replica 2f0814ee-93f4-4dba-8e9d-f120a87efae8 success
INFO 07-24 07:15:41 server.py:188] Confirm GPU group 281 for meta-llama/Meta-Llama-3-8B_sllm-condense_3 replica 2f0814ee-93f4-4dba-8e9d-f120a87efae8 success
INFO 07-24 07:15:41 server.py:188] Confirm GPU group 282 for meta-llama/Meta-Llama-3-8B_sllm-condense_3 replica 2f0814ee-93f4-4dba-8e9d-f120a87efae8 success
INFO 07-24 07:15:41 server.py:188] Confirm GPU group 283 for meta-llama/Meta-Llama-3-8B_sllm-condense_3 replica 2f0814ee-93f4-4dba-8e9d-f120a87efae8 success
INFO 07-24 07:15:41 server.py:188] Confirm GPU group 284 for meta-llama/Meta-Llama-3-8B_sllm-condense_3 replica 2f0814ee-93f4-4dba-8e9d-f120a87efae8 success
INFO 07-24 07:15:41 server.py:188] Confirm GPU group 285 for meta-llama/Meta-Llama-3-8B_sllm-condense_3 replica 2f0814ee-93f4-4dba-8e9d-f120a87efae8 success
INFO 07-24 07:15:41 server.py:188] Confirm GPU group 286 for meta-llama/Meta-Llama-3-8B_sllm-condense_3 replica 2f0814ee-93f4-4dba-8e9d-f120a87efae8 success
INFO 07-24 07:15:41 server.py:188] Confirm GPU group 287 for meta-llama/Meta-Llama-3-8B_sllm-condense_3 replica 2f0814ee-93f4-4dba-8e9d-f120a87efae8 success
INFO 07-24 07:15:41 server.py:188] Confirm GPU group 288 for meta-llama/Meta-Llama-3-8B_sllm-condense_3 replica 2f0814ee-93f4-4dba-8e9d-f120a87efae8 success
INFO 07-24 07:15:41 server.py:188] Confirm GPU group 289 for meta-llama/Meta-Llama-3-8B_sllm-condense_3 replica 2f0814ee-93f4-4dba-8e9d-f120a87efae8 success
INFO 07-24 07:15:41 server.py:188] Confirm GPU group 290 for meta-llama/Meta-Llama-3-8B_sllm-condense_3 replica 2f0814ee-93f4-4dba-8e9d-f120a87efae8 success
INFO 07-24 07:15:41 server.py:138] Confirm model meta-llama/Meta-Llama-3-8B_sllm-condense_3 replica 2f0814ee-93f4-4dba-8e9d-f120a87efae8 success
