INFO 07-26 21:00:21 cli.py:211] Starting gRPC server
INFO 07-26 21:00:21 server.py:40] StorageServicer: storage_path=/mnt/data1/mechels/sllm_storage/Llama-3.2-1B/, mem_pool_size=34359738368, num_thread=4, chunk_size=16777216, registration_required=False
WARNING: Logging before InitGoogleLogging() is written to STDERR
I20260726 21:00:21.289999 2963064 checkpoint_store.cpp:41] Number of GPUs: 1
I20260726 21:00:21.290058 2963064 checkpoint_store.cpp:43] I/O threads: 4, chunk size: 16MB
I20260726 21:00:21.290068 2963064 checkpoint_store.cpp:45] Storage path: "/mnt/data1/mechels/sllm_storage/Llama-3.2-1B/"
I20260726 21:00:21.408155 2963064 checkpoint_store.cpp:71] GPU 0 UUID: e00f9c39-26cb-e49a-5563-c9ff59f4e47f
I20260726 21:00:21.408237 2963064 pinned_memory_pool.cpp:29] Creating PinnedMemoryPool with 2048 buffers of 16777216 bytes
I20260726 21:00:31.250761 2963064 checkpoint_store.cpp:83] Memory pool created with 32GB
INFO 07-26 21:00:31 server.py:288] Starting gRPC server on 0.0.0.0:8073
I20260726 21:00:40.864430 2963064 model.cpp:53] Tensor file "/mnt/data1/mechels/sllm_storage/Llama-3.2-1B/meta-llama/Llama-3.2-1B_sllm-condense_1/tensor.data_1" does not exist
I20260726 21:00:40.864528 2963064 checkpoint_store.cpp:106] Model meta-llama/Llama-3.2-1B_sllm-condense_1 is registered
I20260726 21:00:40.865039 2964769 pinned_memory_pool.cpp:78] PinnedMemoryPool Allocate 75 buffers free buffers 1973 total buffers 2048
INFO 07-26 21:00:40 server.py:115] LoadModel: success meta-llama/Llama-3.2-1B_sllm-condense_1 with target 1
I20260726 21:00:40.865386 2964769 model.cpp:120] Loading model meta-llama/Llama-3.2-1B_sllm-condense_1 size 1256274432 to host
I20260726 21:00:40.865407 2964769 model.cpp:134] Loading model meta-llama/Llama-3.2-1B_sllm-condense_1 to host with 4 threads, 75 chunks, 16777216 chunk size, 19 chunks per thread
I20260726 21:00:40.865613 2964770 model.cpp:155] Thread 0 starting from partition 0 offset 0
I20260726 21:00:40.865660 2964771 model.cpp:155] Thread 1 starting from partition 0 offset 318767104
I20260726 21:00:40.865782 2964773 model.cpp:155] Thread 3 starting from partition 0 offset 956301312
I20260726 21:00:40.865779 2964772 model.cpp:155] Thread 2 starting from partition 0 offset 637534208
INFO 07-26 21:00:41 server.py:115] LoadModel: success meta-llama/Llama-3.2-1B_sllm-condense_1 with target 2
I20260726 21:00:41.931529 2964855 checkpoint_store.cpp:209] Loading model meta-llama/Llama-3.2-1B_sllm-condense_1
I20260726 21:00:41.946447 2964855 model.cpp:269] Creating replica 82544cb2-e25d-4e40-939e-1d5f52d63ac0
I20260726 21:00:41.946485 2964855 model.cpp:273] Creating queue for device 0
I20260726 21:00:41.946506 2964855 model.cpp:285] Created replica 82544cb2-e25d-4e40-939e-1d5f52d63ac0
I20260726 21:00:41.946574 2964855 model.cpp:296] Dispatcher started for model meta-llama/Llama-3.2-1B_sllm-condense_1
I20260726 21:00:41.946645 2964855 model.cpp:363] Waiting for model meta-llama/Llama-3.2-1B_sllm-condense_1 num tasks 1 state 3
INFO 07-26 21:00:48 server.py:188] Confirm GPU group 0 for meta-llama/Llama-3.2-1B_sllm-condense_1 replica 82544cb2-e25d-4e40-939e-1d5f52d63ac0 success
INFO 07-26 21:00:48 server.py:188] Confirm GPU group 1 for meta-llama/Llama-3.2-1B_sllm-condense_1 replica 82544cb2-e25d-4e40-939e-1d5f52d63ac0 success
INFO 07-26 21:00:48 server.py:188] Confirm GPU group 2 for meta-llama/Llama-3.2-1B_sllm-condense_1 replica 82544cb2-e25d-4e40-939e-1d5f52d63ac0 success
INFO 07-26 21:00:48 server.py:188] Confirm GPU group 3 for meta-llama/Llama-3.2-1B_sllm-condense_1 replica 82544cb2-e25d-4e40-939e-1d5f52d63ac0 success
INFO 07-26 21:00:48 server.py:188] Confirm GPU group 4 for meta-llama/Llama-3.2-1B_sllm-condense_1 replica 82544cb2-e25d-4e40-939e-1d5f52d63ac0 success
INFO 07-26 21:00:49 server.py:188] Confirm GPU group 5 for meta-llama/Llama-3.2-1B_sllm-condense_1 replica 82544cb2-e25d-4e40-939e-1d5f52d63ac0 success
INFO 07-26 21:00:50 server.py:188] Confirm GPU group 6 for meta-llama/Llama-3.2-1B_sllm-condense_1 replica 82544cb2-e25d-4e40-939e-1d5f52d63ac0 success
INFO 07-26 21:00:50 server.py:188] Confirm GPU group 7 for meta-llama/Llama-3.2-1B_sllm-condense_1 replica 82544cb2-e25d-4e40-939e-1d5f52d63ac0 success
INFO 07-26 21:00:50 server.py:188] Confirm GPU group 8 for meta-llama/Llama-3.2-1B_sllm-condense_1 replica 82544cb2-e25d-4e40-939e-1d5f52d63ac0 success
INFO 07-26 21:00:50 server.py:188] Confirm GPU group 9 for meta-llama/Llama-3.2-1B_sllm-condense_1 replica 82544cb2-e25d-4e40-939e-1d5f52d63ac0 success
INFO 07-26 21:00:50 server.py:188] Confirm GPU group 10 for meta-llama/Llama-3.2-1B_sllm-condense_1 replica 82544cb2-e25d-4e40-939e-1d5f52d63ac0 success
INFO 07-26 21:00:50 server.py:188] Confirm GPU group 11 for meta-llama/Llama-3.2-1B_sllm-condense_1 replica 82544cb2-e25d-4e40-939e-1d5f52d63ac0 success
INFO 07-26 21:00:50 server.py:188] Confirm GPU group 12 for meta-llama/Llama-3.2-1B_sllm-condense_1 replica 82544cb2-e25d-4e40-939e-1d5f52d63ac0 success
INFO 07-26 21:00:51 server.py:188] Confirm GPU group 13 for meta-llama/Llama-3.2-1B_sllm-condense_1 replica 82544cb2-e25d-4e40-939e-1d5f52d63ac0 success
INFO 07-26 21:00:51 server.py:188] Confirm GPU group 14 for meta-llama/Llama-3.2-1B_sllm-condense_1 replica 82544cb2-e25d-4e40-939e-1d5f52d63ac0 success
INFO 07-26 21:00:52 server.py:188] Confirm GPU group 15 for meta-llama/Llama-3.2-1B_sllm-condense_1 replica 82544cb2-e25d-4e40-939e-1d5f52d63ac0 success
INFO 07-26 21:00:52 server.py:188] Confirm GPU group 16 for meta-llama/Llama-3.2-1B_sllm-condense_1 replica 82544cb2-e25d-4e40-939e-1d5f52d63ac0 success
INFO 07-26 21:00:52 server.py:188] Confirm GPU group 17 for meta-llama/Llama-3.2-1B_sllm-condense_1 replica 82544cb2-e25d-4e40-939e-1d5f52d63ac0 success
INFO 07-26 21:00:52 server.py:188] Confirm GPU group 18 for meta-llama/Llama-3.2-1B_sllm-condense_1 replica 82544cb2-e25d-4e40-939e-1d5f52d63ac0 success
INFO 07-26 21:00:52 server.py:188] Confirm GPU group 19 for meta-llama/Llama-3.2-1B_sllm-condense_1 replica 82544cb2-e25d-4e40-939e-1d5f52d63ac0 success
INFO 07-26 21:00:52 server.py:188] Confirm GPU group 20 for meta-llama/Llama-3.2-1B_sllm-condense_1 replica 82544cb2-e25d-4e40-939e-1d5f52d63ac0 success
INFO 07-26 21:00:52 server.py:188] Confirm GPU group 21 for meta-llama/Llama-3.2-1B_sllm-condense_1 replica 82544cb2-e25d-4e40-939e-1d5f52d63ac0 success
INFO 07-26 21:00:52 server.py:188] Confirm GPU group 22 for meta-llama/Llama-3.2-1B_sllm-condense_1 replica 82544cb2-e25d-4e40-939e-1d5f52d63ac0 success
INFO 07-26 21:00:52 server.py:188] Confirm GPU group 23 for meta-llama/Llama-3.2-1B_sllm-condense_1 replica 82544cb2-e25d-4e40-939e-1d5f52d63ac0 success
INFO 07-26 21:00:52 server.py:188] Confirm GPU group 24 for meta-llama/Llama-3.2-1B_sllm-condense_1 replica 82544cb2-e25d-4e40-939e-1d5f52d63ac0 success
INFO 07-26 21:00:52 server.py:188] Confirm GPU group 25 for meta-llama/Llama-3.2-1B_sllm-condense_1 replica 82544cb2-e25d-4e40-939e-1d5f52d63ac0 success
INFO 07-26 21:00:52 server.py:188] Confirm GPU group 26 for meta-llama/Llama-3.2-1B_sllm-condense_1 replica 82544cb2-e25d-4e40-939e-1d5f52d63ac0 success
INFO 07-26 21:00:52 server.py:188] Confirm GPU group 27 for meta-llama/Llama-3.2-1B_sllm-condense_1 replica 82544cb2-e25d-4e40-939e-1d5f52d63ac0 success
INFO 07-26 21:00:52 server.py:188] Confirm GPU group 28 for meta-llama/Llama-3.2-1B_sllm-condense_1 replica 82544cb2-e25d-4e40-939e-1d5f52d63ac0 success
INFO 07-26 21:00:52 server.py:188] Confirm GPU group 29 for meta-llama/Llama-3.2-1B_sllm-condense_1 replica 82544cb2-e25d-4e40-939e-1d5f52d63ac0 success
INFO 07-26 21:00:52 server.py:188] Confirm GPU group 30 for meta-llama/Llama-3.2-1B_sllm-condense_1 replica 82544cb2-e25d-4e40-939e-1d5f52d63ac0 success
INFO 07-26 21:00:52 server.py:188] Confirm GPU group 31 for meta-llama/Llama-3.2-1B_sllm-condense_1 replica 82544cb2-e25d-4e40-939e-1d5f52d63ac0 success
INFO 07-26 21:00:52 server.py:188] Confirm GPU group 32 for meta-llama/Llama-3.2-1B_sllm-condense_1 replica 82544cb2-e25d-4e40-939e-1d5f52d63ac0 success
INFO 07-26 21:00:52 server.py:188] Confirm GPU group 33 for meta-llama/Llama-3.2-1B_sllm-condense_1 replica 82544cb2-e25d-4e40-939e-1d5f52d63ac0 success
INFO 07-26 21:00:52 server.py:188] Confirm GPU group 34 for meta-llama/Llama-3.2-1B_sllm-condense_1 replica 82544cb2-e25d-4e40-939e-1d5f52d63ac0 success
INFO 07-26 21:00:52 server.py:188] Confirm GPU group 35 for meta-llama/Llama-3.2-1B_sllm-condense_1 replica 82544cb2-e25d-4e40-939e-1d5f52d63ac0 success
INFO 07-26 21:00:52 server.py:188] Confirm GPU group 36 for meta-llama/Llama-3.2-1B_sllm-condense_1 replica 82544cb2-e25d-4e40-939e-1d5f52d63ac0 success
INFO 07-26 21:00:52 server.py:188] Confirm GPU group 37 for meta-llama/Llama-3.2-1B_sllm-condense_1 replica 82544cb2-e25d-4e40-939e-1d5f52d63ac0 success
INFO 07-26 21:00:52 server.py:188] Confirm GPU group 38 for meta-llama/Llama-3.2-1B_sllm-condense_1 replica 82544cb2-e25d-4e40-939e-1d5f52d63ac0 success
INFO 07-26 21:00:52 server.py:188] Confirm GPU group 39 for meta-llama/Llama-3.2-1B_sllm-condense_1 replica 82544cb2-e25d-4e40-939e-1d5f52d63ac0 success
INFO 07-26 21:00:52 server.py:188] Confirm GPU group 40 for meta-llama/Llama-3.2-1B_sllm-condense_1 replica 82544cb2-e25d-4e40-939e-1d5f52d63ac0 success
INFO 07-26 21:00:52 server.py:188] Confirm GPU group 41 for meta-llama/Llama-3.2-1B_sllm-condense_1 replica 82544cb2-e25d-4e40-939e-1d5f52d63ac0 success
INFO 07-26 21:00:52 server.py:188] Confirm GPU group 42 for meta-llama/Llama-3.2-1B_sllm-condense_1 replica 82544cb2-e25d-4e40-939e-1d5f52d63ac0 success
INFO 07-26 21:00:52 server.py:188] Confirm GPU group 43 for meta-llama/Llama-3.2-1B_sllm-condense_1 replica 82544cb2-e25d-4e40-939e-1d5f52d63ac0 success
INFO 07-26 21:00:52 server.py:188] Confirm GPU group 44 for meta-llama/Llama-3.2-1B_sllm-condense_1 replica 82544cb2-e25d-4e40-939e-1d5f52d63ac0 success
INFO 07-26 21:00:52 server.py:188] Confirm GPU group 45 for meta-llama/Llama-3.2-1B_sllm-condense_1 replica 82544cb2-e25d-4e40-939e-1d5f52d63ac0 success
INFO 07-26 21:00:52 server.py:188] Confirm GPU group 46 for meta-llama/Llama-3.2-1B_sllm-condense_1 replica 82544cb2-e25d-4e40-939e-1d5f52d63ac0 success
INFO 07-26 21:00:52 server.py:188] Confirm GPU group 47 for meta-llama/Llama-3.2-1B_sllm-condense_1 replica 82544cb2-e25d-4e40-939e-1d5f52d63ac0 success
INFO 07-26 21:00:52 server.py:188] Confirm GPU group 48 for meta-llama/Llama-3.2-1B_sllm-condense_1 replica 82544cb2-e25d-4e40-939e-1d5f52d63ac0 success
INFO 07-26 21:00:52 server.py:188] Confirm GPU group 49 for meta-llama/Llama-3.2-1B_sllm-condense_1 replica 82544cb2-e25d-4e40-939e-1d5f52d63ac0 success
INFO 07-26 21:00:52 server.py:188] Confirm GPU group 50 for meta-llama/Llama-3.2-1B_sllm-condense_1 replica 82544cb2-e25d-4e40-939e-1d5f52d63ac0 success
INFO 07-26 21:00:52 server.py:188] Confirm GPU group 51 for meta-llama/Llama-3.2-1B_sllm-condense_1 replica 82544cb2-e25d-4e40-939e-1d5f52d63ac0 success
INFO 07-26 21:00:52 server.py:188] Confirm GPU group 52 for meta-llama/Llama-3.2-1B_sllm-condense_1 replica 82544cb2-e25d-4e40-939e-1d5f52d63ac0 success
INFO 07-26 21:00:52 server.py:188] Confirm GPU group 53 for meta-llama/Llama-3.2-1B_sllm-condense_1 replica 82544cb2-e25d-4e40-939e-1d5f52d63ac0 success
INFO 07-26 21:00:52 server.py:188] Confirm GPU group 54 for meta-llama/Llama-3.2-1B_sllm-condense_1 replica 82544cb2-e25d-4e40-939e-1d5f52d63ac0 success
INFO 07-26 21:00:52 server.py:188] Confirm GPU group 55 for meta-llama/Llama-3.2-1B_sllm-condense_1 replica 82544cb2-e25d-4e40-939e-1d5f52d63ac0 success
INFO 07-26 21:00:52 server.py:188] Confirm GPU group 56 for meta-llama/Llama-3.2-1B_sllm-condense_1 replica 82544cb2-e25d-4e40-939e-1d5f52d63ac0 success
INFO 07-26 21:00:52 server.py:188] Confirm GPU group 57 for meta-llama/Llama-3.2-1B_sllm-condense_1 replica 82544cb2-e25d-4e40-939e-1d5f52d63ac0 success
INFO 07-26 21:00:52 server.py:188] Confirm GPU group 58 for meta-llama/Llama-3.2-1B_sllm-condense_1 replica 82544cb2-e25d-4e40-939e-1d5f52d63ac0 success
INFO 07-26 21:00:52 server.py:188] Confirm GPU group 59 for meta-llama/Llama-3.2-1B_sllm-condense_1 replica 82544cb2-e25d-4e40-939e-1d5f52d63ac0 success
INFO 07-26 21:00:53 server.py:188] Confirm GPU group 60 for meta-llama/Llama-3.2-1B_sllm-condense_1 replica 82544cb2-e25d-4e40-939e-1d5f52d63ac0 success
INFO 07-26 21:00:53 server.py:188] Confirm GPU group 61 for meta-llama/Llama-3.2-1B_sllm-condense_1 replica 82544cb2-e25d-4e40-939e-1d5f52d63ac0 success
INFO 07-26 21:00:53 server.py:188] Confirm GPU group 62 for meta-llama/Llama-3.2-1B_sllm-condense_1 replica 82544cb2-e25d-4e40-939e-1d5f52d63ac0 success
INFO 07-26 21:00:53 server.py:188] Confirm GPU group 63 for meta-llama/Llama-3.2-1B_sllm-condense_1 replica 82544cb2-e25d-4e40-939e-1d5f52d63ac0 success
INFO 07-26 21:00:53 server.py:188] Confirm GPU group 64 for meta-llama/Llama-3.2-1B_sllm-condense_1 replica 82544cb2-e25d-4e40-939e-1d5f52d63ac0 success
INFO 07-26 21:00:53 server.py:188] Confirm GPU group 65 for meta-llama/Llama-3.2-1B_sllm-condense_1 replica 82544cb2-e25d-4e40-939e-1d5f52d63ac0 success
INFO 07-26 21:00:53 server.py:188] Confirm GPU group 66 for meta-llama/Llama-3.2-1B_sllm-condense_1 replica 82544cb2-e25d-4e40-939e-1d5f52d63ac0 success
INFO 07-26 21:00:53 server.py:188] Confirm GPU group 67 for meta-llama/Llama-3.2-1B_sllm-condense_1 replica 82544cb2-e25d-4e40-939e-1d5f52d63ac0 success
INFO 07-26 21:00:53 server.py:188] Confirm GPU group 68 for meta-llama/Llama-3.2-1B_sllm-condense_1 replica 82544cb2-e25d-4e40-939e-1d5f52d63ac0 success
INFO 07-26 21:00:53 server.py:188] Confirm GPU group 69 for meta-llama/Llama-3.2-1B_sllm-condense_1 replica 82544cb2-e25d-4e40-939e-1d5f52d63ac0 success
INFO 07-26 21:00:53 server.py:188] Confirm GPU group 70 for meta-llama/Llama-3.2-1B_sllm-condense_1 replica 82544cb2-e25d-4e40-939e-1d5f52d63ac0 success
INFO 07-26 21:00:53 server.py:188] Confirm GPU group 71 for meta-llama/Llama-3.2-1B_sllm-condense_1 replica 82544cb2-e25d-4e40-939e-1d5f52d63ac0 success
INFO 07-26 21:00:53 server.py:188] Confirm GPU group 72 for meta-llama/Llama-3.2-1B_sllm-condense_1 replica 82544cb2-e25d-4e40-939e-1d5f52d63ac0 success
INFO 07-26 21:00:53 server.py:188] Confirm GPU group 73 for meta-llama/Llama-3.2-1B_sllm-condense_1 replica 82544cb2-e25d-4e40-939e-1d5f52d63ac0 success
INFO 07-26 21:00:53 server.py:188] Confirm GPU group 74 for meta-llama/Llama-3.2-1B_sllm-condense_1 replica 82544cb2-e25d-4e40-939e-1d5f52d63ac0 success
INFO 07-26 21:00:53 server.py:188] Confirm GPU group 75 for meta-llama/Llama-3.2-1B_sllm-condense_1 replica 82544cb2-e25d-4e40-939e-1d5f52d63ac0 success
INFO 07-26 21:00:53 server.py:188] Confirm GPU group 76 for meta-llama/Llama-3.2-1B_sllm-condense_1 replica 82544cb2-e25d-4e40-939e-1d5f52d63ac0 success
INFO 07-26 21:00:53 server.py:188] Confirm GPU group 77 for meta-llama/Llama-3.2-1B_sllm-condense_1 replica 82544cb2-e25d-4e40-939e-1d5f52d63ac0 success
INFO 07-26 21:00:53 server.py:188] Confirm GPU group 78 for meta-llama/Llama-3.2-1B_sllm-condense_1 replica 82544cb2-e25d-4e40-939e-1d5f52d63ac0 success
INFO 07-26 21:00:53 server.py:188] Confirm GPU group 79 for meta-llama/Llama-3.2-1B_sllm-condense_1 replica 82544cb2-e25d-4e40-939e-1d5f52d63ac0 success
INFO 07-26 21:00:53 server.py:188] Confirm GPU group 80 for meta-llama/Llama-3.2-1B_sllm-condense_1 replica 82544cb2-e25d-4e40-939e-1d5f52d63ac0 success
INFO 07-26 21:00:53 server.py:188] Confirm GPU group 81 for meta-llama/Llama-3.2-1B_sllm-condense_1 replica 82544cb2-e25d-4e40-939e-1d5f52d63ac0 success
INFO 07-26 21:00:53 server.py:188] Confirm GPU group 82 for meta-llama/Llama-3.2-1B_sllm-condense_1 replica 82544cb2-e25d-4e40-939e-1d5f52d63ac0 success
INFO 07-26 21:00:53 server.py:188] Confirm GPU group 83 for meta-llama/Llama-3.2-1B_sllm-condense_1 replica 82544cb2-e25d-4e40-939e-1d5f52d63ac0 success
INFO 07-26 21:00:53 server.py:188] Confirm GPU group 84 for meta-llama/Llama-3.2-1B_sllm-condense_1 replica 82544cb2-e25d-4e40-939e-1d5f52d63ac0 success
INFO 07-26 21:00:53 server.py:188] Confirm GPU group 85 for meta-llama/Llama-3.2-1B_sllm-condense_1 replica 82544cb2-e25d-4e40-939e-1d5f52d63ac0 success
INFO 07-26 21:00:53 server.py:188] Confirm GPU group 86 for meta-llama/Llama-3.2-1B_sllm-condense_1 replica 82544cb2-e25d-4e40-939e-1d5f52d63ac0 success
INFO 07-26 21:00:53 server.py:188] Confirm GPU group 87 for meta-llama/Llama-3.2-1B_sllm-condense_1 replica 82544cb2-e25d-4e40-939e-1d5f52d63ac0 success
INFO 07-26 21:00:53 server.py:188] Confirm GPU group 88 for meta-llama/Llama-3.2-1B_sllm-condense_1 replica 82544cb2-e25d-4e40-939e-1d5f52d63ac0 success
INFO 07-26 21:00:53 server.py:188] Confirm GPU group 89 for meta-llama/Llama-3.2-1B_sllm-condense_1 replica 82544cb2-e25d-4e40-939e-1d5f52d63ac0 success
INFO 07-26 21:00:53 server.py:188] Confirm GPU group 90 for meta-llama/Llama-3.2-1B_sllm-condense_1 replica 82544cb2-e25d-4e40-939e-1d5f52d63ac0 success
INFO 07-26 21:00:53 server.py:188] Confirm GPU group 91 for meta-llama/Llama-3.2-1B_sllm-condense_1 replica 82544cb2-e25d-4e40-939e-1d5f52d63ac0 success
INFO 07-26 21:00:53 server.py:188] Confirm GPU group 92 for meta-llama/Llama-3.2-1B_sllm-condense_1 replica 82544cb2-e25d-4e40-939e-1d5f52d63ac0 success
INFO 07-26 21:00:53 server.py:188] Confirm GPU group 93 for meta-llama/Llama-3.2-1B_sllm-condense_1 replica 82544cb2-e25d-4e40-939e-1d5f52d63ac0 success
INFO 07-26 21:00:53 server.py:188] Confirm GPU group 94 for meta-llama/Llama-3.2-1B_sllm-condense_1 replica 82544cb2-e25d-4e40-939e-1d5f52d63ac0 success
INFO 07-26 21:00:53 server.py:188] Confirm GPU group 95 for meta-llama/Llama-3.2-1B_sllm-condense_1 replica 82544cb2-e25d-4e40-939e-1d5f52d63ac0 success
INFO 07-26 21:00:53 server.py:188] Confirm GPU group 96 for meta-llama/Llama-3.2-1B_sllm-condense_1 replica 82544cb2-e25d-4e40-939e-1d5f52d63ac0 success
INFO 07-26 21:00:53 server.py:188] Confirm GPU group 97 for meta-llama/Llama-3.2-1B_sllm-condense_1 replica 82544cb2-e25d-4e40-939e-1d5f52d63ac0 success
INFO 07-26 21:00:53 server.py:188] Confirm GPU group 98 for meta-llama/Llama-3.2-1B_sllm-condense_1 replica 82544cb2-e25d-4e40-939e-1d5f52d63ac0 success
INFO 07-26 21:00:53 server.py:188] Confirm GPU group 99 for meta-llama/Llama-3.2-1B_sllm-condense_1 replica 82544cb2-e25d-4e40-939e-1d5f52d63ac0 success
INFO 07-26 21:00:53 server.py:188] Confirm GPU group 100 for meta-llama/Llama-3.2-1B_sllm-condense_1 replica 82544cb2-e25d-4e40-939e-1d5f52d63ac0 success
INFO 07-26 21:00:53 server.py:188] Confirm GPU group 101 for meta-llama/Llama-3.2-1B_sllm-condense_1 replica 82544cb2-e25d-4e40-939e-1d5f52d63ac0 success
INFO 07-26 21:00:53 server.py:188] Confirm GPU group 102 for meta-llama/Llama-3.2-1B_sllm-condense_1 replica 82544cb2-e25d-4e40-939e-1d5f52d63ac0 success
INFO 07-26 21:00:53 server.py:188] Confirm GPU group 103 for meta-llama/Llama-3.2-1B_sllm-condense_1 replica 82544cb2-e25d-4e40-939e-1d5f52d63ac0 success
INFO 07-26 21:00:53 server.py:188] Confirm GPU group 104 for meta-llama/Llama-3.2-1B_sllm-condense_1 replica 82544cb2-e25d-4e40-939e-1d5f52d63ac0 success
INFO 07-26 21:00:53 server.py:188] Confirm GPU group 105 for meta-llama/Llama-3.2-1B_sllm-condense_1 replica 82544cb2-e25d-4e40-939e-1d5f52d63ac0 success
INFO 07-26 21:00:53 server.py:188] Confirm GPU group 106 for meta-llama/Llama-3.2-1B_sllm-condense_1 replica 82544cb2-e25d-4e40-939e-1d5f52d63ac0 success
INFO 07-26 21:00:53 server.py:188] Confirm GPU group 107 for meta-llama/Llama-3.2-1B_sllm-condense_1 replica 82544cb2-e25d-4e40-939e-1d5f52d63ac0 success
INFO 07-26 21:00:53 server.py:188] Confirm GPU group 108 for meta-llama/Llama-3.2-1B_sllm-condense_1 replica 82544cb2-e25d-4e40-939e-1d5f52d63ac0 success
INFO 07-26 21:00:53 server.py:188] Confirm GPU group 109 for meta-llama/Llama-3.2-1B_sllm-condense_1 replica 82544cb2-e25d-4e40-939e-1d5f52d63ac0 success
INFO 07-26 21:00:53 server.py:188] Confirm GPU group 110 for meta-llama/Llama-3.2-1B_sllm-condense_1 replica 82544cb2-e25d-4e40-939e-1d5f52d63ac0 success
INFO 07-26 21:00:53 server.py:188] Confirm GPU group 111 for meta-llama/Llama-3.2-1B_sllm-condense_1 replica 82544cb2-e25d-4e40-939e-1d5f52d63ac0 success
INFO 07-26 21:00:53 server.py:188] Confirm GPU group 112 for meta-llama/Llama-3.2-1B_sllm-condense_1 replica 82544cb2-e25d-4e40-939e-1d5f52d63ac0 success
INFO 07-26 21:00:53 server.py:188] Confirm GPU group 113 for meta-llama/Llama-3.2-1B_sllm-condense_1 replica 82544cb2-e25d-4e40-939e-1d5f52d63ac0 success
I20260726 21:00:53.120790 2964769 model.cpp:250] Finished loading model meta-llama/Llama-3.2-1B_sllm-condense_1 from disk
I20260726 21:00:53.121196 2964857 model.cpp:356] Finished loading tensor from memory to device 0
INFO 07-26 21:00:53 server.py:188] Confirm GPU group 114 for meta-llama/Llama-3.2-1B_sllm-condense_1 replica 82544cb2-e25d-4e40-939e-1d5f52d63ac0 success
INFO 07-26 21:00:53 server.py:188] Confirm GPU group 115 for meta-llama/Llama-3.2-1B_sllm-condense_1 replica 82544cb2-e25d-4e40-939e-1d5f52d63ac0 success
INFO 07-26 21:00:53 server.py:188] Confirm GPU group 116 for meta-llama/Llama-3.2-1B_sllm-condense_1 replica 82544cb2-e25d-4e40-939e-1d5f52d63ac0 success
INFO 07-26 21:00:53 server.py:188] Confirm GPU group 117 for meta-llama/Llama-3.2-1B_sllm-condense_1 replica 82544cb2-e25d-4e40-939e-1d5f52d63ac0 success
INFO 07-26 21:00:53 server.py:188] Confirm GPU group 118 for meta-llama/Llama-3.2-1B_sllm-condense_1 replica 82544cb2-e25d-4e40-939e-1d5f52d63ac0 success
INFO 07-26 21:00:53 server.py:188] Confirm GPU group 119 for meta-llama/Llama-3.2-1B_sllm-condense_1 replica 82544cb2-e25d-4e40-939e-1d5f52d63ac0 success
INFO 07-26 21:00:53 server.py:188] Confirm GPU group 120 for meta-llama/Llama-3.2-1B_sllm-condense_1 replica 82544cb2-e25d-4e40-939e-1d5f52d63ac0 success
INFO 07-26 21:00:53 server.py:188] Confirm GPU group 121 for meta-llama/Llama-3.2-1B_sllm-condense_1 replica 82544cb2-e25d-4e40-939e-1d5f52d63ac0 success
INFO 07-26 21:00:53 server.py:188] Confirm GPU group 122 for meta-llama/Llama-3.2-1B_sllm-condense_1 replica 82544cb2-e25d-4e40-939e-1d5f52d63ac0 success
INFO 07-26 21:00:53 server.py:188] Confirm GPU group 123 for meta-llama/Llama-3.2-1B_sllm-condense_1 replica 82544cb2-e25d-4e40-939e-1d5f52d63ac0 success
INFO 07-26 21:00:53 server.py:188] Confirm GPU group 124 for meta-llama/Llama-3.2-1B_sllm-condense_1 replica 82544cb2-e25d-4e40-939e-1d5f52d63ac0 success
INFO 07-26 21:00:53 server.py:188] Confirm GPU group 125 for meta-llama/Llama-3.2-1B_sllm-condense_1 replica 82544cb2-e25d-4e40-939e-1d5f52d63ac0 success
INFO 07-26 21:00:53 server.py:188] Confirm GPU group 126 for meta-llama/Llama-3.2-1B_sllm-condense_1 replica 82544cb2-e25d-4e40-939e-1d5f52d63ac0 success
INFO 07-26 21:00:53 server.py:188] Confirm GPU group 127 for meta-llama/Llama-3.2-1B_sllm-condense_1 replica 82544cb2-e25d-4e40-939e-1d5f52d63ac0 success
INFO 07-26 21:00:53 server.py:188] Confirm GPU group 128 for meta-llama/Llama-3.2-1B_sllm-condense_1 replica 82544cb2-e25d-4e40-939e-1d5f52d63ac0 success
INFO 07-26 21:00:53 server.py:188] Confirm GPU group 129 for meta-llama/Llama-3.2-1B_sllm-condense_1 replica 82544cb2-e25d-4e40-939e-1d5f52d63ac0 success
INFO 07-26 21:00:53 server.py:188] Confirm GPU group 130 for meta-llama/Llama-3.2-1B_sllm-condense_1 replica 82544cb2-e25d-4e40-939e-1d5f52d63ac0 success
INFO 07-26 21:00:53 server.py:188] Confirm GPU group 131 for meta-llama/Llama-3.2-1B_sllm-condense_1 replica 82544cb2-e25d-4e40-939e-1d5f52d63ac0 success
INFO 07-26 21:00:53 server.py:188] Confirm GPU group 132 for meta-llama/Llama-3.2-1B_sllm-condense_1 replica 82544cb2-e25d-4e40-939e-1d5f52d63ac0 success
INFO 07-26 21:00:53 server.py:188] Confirm GPU group 133 for meta-llama/Llama-3.2-1B_sllm-condense_1 replica 82544cb2-e25d-4e40-939e-1d5f52d63ac0 success
INFO 07-26 21:00:53 server.py:188] Confirm GPU group 134 for meta-llama/Llama-3.2-1B_sllm-condense_1 replica 82544cb2-e25d-4e40-939e-1d5f52d63ac0 success
INFO 07-26 21:00:53 server.py:188] Confirm GPU group 135 for meta-llama/Llama-3.2-1B_sllm-condense_1 replica 82544cb2-e25d-4e40-939e-1d5f52d63ac0 success
INFO 07-26 21:00:53 server.py:188] Confirm GPU group 136 for meta-llama/Llama-3.2-1B_sllm-condense_1 replica 82544cb2-e25d-4e40-939e-1d5f52d63ac0 success
INFO 07-26 21:00:53 server.py:188] Confirm GPU group 137 for meta-llama/Llama-3.2-1B_sllm-condense_1 replica 82544cb2-e25d-4e40-939e-1d5f52d63ac0 success
INFO 07-26 21:00:53 server.py:188] Confirm GPU group 138 for meta-llama/Llama-3.2-1B_sllm-condense_1 replica 82544cb2-e25d-4e40-939e-1d5f52d63ac0 success
INFO 07-26 21:00:53 server.py:188] Confirm GPU group 139 for meta-llama/Llama-3.2-1B_sllm-condense_1 replica 82544cb2-e25d-4e40-939e-1d5f52d63ac0 success
INFO 07-26 21:00:53 server.py:188] Confirm GPU group 140 for meta-llama/Llama-3.2-1B_sllm-condense_1 replica 82544cb2-e25d-4e40-939e-1d5f52d63ac0 success
INFO 07-26 21:00:53 server.py:188] Confirm GPU group 141 for meta-llama/Llama-3.2-1B_sllm-condense_1 replica 82544cb2-e25d-4e40-939e-1d5f52d63ac0 success
INFO 07-26 21:00:53 server.py:188] Confirm GPU group 142 for meta-llama/Llama-3.2-1B_sllm-condense_1 replica 82544cb2-e25d-4e40-939e-1d5f52d63ac0 success
INFO 07-26 21:00:53 server.py:188] Confirm GPU group 143 for meta-llama/Llama-3.2-1B_sllm-condense_1 replica 82544cb2-e25d-4e40-939e-1d5f52d63ac0 success
INFO 07-26 21:00:53 server.py:188] Confirm GPU group 144 for meta-llama/Llama-3.2-1B_sllm-condense_1 replica 82544cb2-e25d-4e40-939e-1d5f52d63ac0 success
INFO 07-26 21:00:53 server.py:188] Confirm GPU group 145 for meta-llama/Llama-3.2-1B_sllm-condense_1 replica 82544cb2-e25d-4e40-939e-1d5f52d63ac0 success
INFO 07-26 21:00:53 server.py:188] Confirm GPU group 146 for meta-llama/Llama-3.2-1B_sllm-condense_1 replica 82544cb2-e25d-4e40-939e-1d5f52d63ac0 success
INFO 07-26 21:00:53 server.py:138] Confirm model meta-llama/Llama-3.2-1B_sllm-condense_1 replica 82544cb2-e25d-4e40-939e-1d5f52d63ac0 success
I20260726 21:00:55.523188 2963064 model.cpp:53] Tensor file "/mnt/data1/mechels/sllm_storage/Llama-3.2-1B/meta-llama/Llama-3.2-1B_sllm-condense_2/tensor.data_1" does not exist
I20260726 21:00:55.523257 2963064 checkpoint_store.cpp:106] Model meta-llama/Llama-3.2-1B_sllm-condense_2 is registered
I20260726 21:00:55.523392 2965500 pinned_memory_pool.cpp:78] PinnedMemoryPool Allocate 75 buffers free buffers 1898 total buffers 2048
INFO 07-26 21:00:55 server.py:115] LoadModel: success meta-llama/Llama-3.2-1B_sllm-condense_2 with target 1
I20260726 21:00:55.523766 2965500 model.cpp:120] Loading model meta-llama/Llama-3.2-1B_sllm-condense_2 size 1256274432 to host
I20260726 21:00:55.523783 2965500 model.cpp:134] Loading model meta-llama/Llama-3.2-1B_sllm-condense_2 to host with 4 threads, 75 chunks, 16777216 chunk size, 19 chunks per thread
I20260726 21:00:55.523891 2965501 model.cpp:155] Thread 0 starting from partition 0 offset 0
I20260726 21:00:55.523978 2965502 model.cpp:155] Thread 1 starting from partition 0 offset 318767104
I20260726 21:00:55.523994 2965503 model.cpp:155] Thread 2 starting from partition 0 offset 637534208
I20260726 21:00:55.524078 2965504 model.cpp:155] Thread 3 starting from partition 0 offset 956301312
INFO 07-26 21:00:56 server.py:115] LoadModel: success meta-llama/Llama-3.2-1B_sllm-condense_2 with target 2
I20260726 21:00:56.356880 2965597 checkpoint_store.cpp:209] Loading model meta-llama/Llama-3.2-1B_sllm-condense_2
I20260726 21:00:56.368091 2965597 model.cpp:269] Creating replica 638cce44-b331-43b8-aa9d-57f453d32b91
I20260726 21:00:56.368119 2965597 model.cpp:273] Creating queue for device 0
I20260726 21:00:56.368140 2965597 model.cpp:285] Created replica 638cce44-b331-43b8-aa9d-57f453d32b91
I20260726 21:00:56.368218 2965597 model.cpp:296] Dispatcher started for model meta-llama/Llama-3.2-1B_sllm-condense_2
I20260726 21:00:56.368254 2965597 model.cpp:363] Waiting for model meta-llama/Llama-3.2-1B_sllm-condense_2 num tasks 1 state 3
INFO 07-26 21:01:03 server.py:188] Confirm GPU group 0 for meta-llama/Llama-3.2-1B_sllm-condense_2 replica 638cce44-b331-43b8-aa9d-57f453d32b91 success
INFO 07-26 21:01:03 server.py:188] Confirm GPU group 1 for meta-llama/Llama-3.2-1B_sllm-condense_2 replica 638cce44-b331-43b8-aa9d-57f453d32b91 success
INFO 07-26 21:01:03 server.py:188] Confirm GPU group 2 for meta-llama/Llama-3.2-1B_sllm-condense_2 replica 638cce44-b331-43b8-aa9d-57f453d32b91 success
INFO 07-26 21:01:03 server.py:188] Confirm GPU group 3 for meta-llama/Llama-3.2-1B_sllm-condense_2 replica 638cce44-b331-43b8-aa9d-57f453d32b91 success
INFO 07-26 21:01:03 server.py:188] Confirm GPU group 4 for meta-llama/Llama-3.2-1B_sllm-condense_2 replica 638cce44-b331-43b8-aa9d-57f453d32b91 success
INFO 07-26 21:01:04 server.py:188] Confirm GPU group 5 for meta-llama/Llama-3.2-1B_sllm-condense_2 replica 638cce44-b331-43b8-aa9d-57f453d32b91 success
INFO 07-26 21:01:05 server.py:188] Confirm GPU group 6 for meta-llama/Llama-3.2-1B_sllm-condense_2 replica 638cce44-b331-43b8-aa9d-57f453d32b91 success
INFO 07-26 21:01:05 server.py:188] Confirm GPU group 7 for meta-llama/Llama-3.2-1B_sllm-condense_2 replica 638cce44-b331-43b8-aa9d-57f453d32b91 success
INFO 07-26 21:01:05 server.py:188] Confirm GPU group 8 for meta-llama/Llama-3.2-1B_sllm-condense_2 replica 638cce44-b331-43b8-aa9d-57f453d32b91 success
INFO 07-26 21:01:05 server.py:188] Confirm GPU group 9 for meta-llama/Llama-3.2-1B_sllm-condense_2 replica 638cce44-b331-43b8-aa9d-57f453d32b91 success
INFO 07-26 21:01:05 server.py:188] Confirm GPU group 10 for meta-llama/Llama-3.2-1B_sllm-condense_2 replica 638cce44-b331-43b8-aa9d-57f453d32b91 success
INFO 07-26 21:01:05 server.py:188] Confirm GPU group 11 for meta-llama/Llama-3.2-1B_sllm-condense_2 replica 638cce44-b331-43b8-aa9d-57f453d32b91 success
INFO 07-26 21:01:05 server.py:188] Confirm GPU group 12 for meta-llama/Llama-3.2-1B_sllm-condense_2 replica 638cce44-b331-43b8-aa9d-57f453d32b91 success
INFO 07-26 21:01:06 server.py:188] Confirm GPU group 13 for meta-llama/Llama-3.2-1B_sllm-condense_2 replica 638cce44-b331-43b8-aa9d-57f453d32b91 success
INFO 07-26 21:01:06 server.py:188] Confirm GPU group 14 for meta-llama/Llama-3.2-1B_sllm-condense_2 replica 638cce44-b331-43b8-aa9d-57f453d32b91 success
INFO 07-26 21:01:07 server.py:188] Confirm GPU group 15 for meta-llama/Llama-3.2-1B_sllm-condense_2 replica 638cce44-b331-43b8-aa9d-57f453d32b91 success
I20260726 21:01:07.637677 2965500 model.cpp:250] Finished loading model meta-llama/Llama-3.2-1B_sllm-condense_2 from disk
INFO 07-26 21:01:07 server.py:188] Confirm GPU group 16 for meta-llama/Llama-3.2-1B_sllm-condense_2 replica 638cce44-b331-43b8-aa9d-57f453d32b91 success
I20260726 21:01:07.638116 2965599 model.cpp:356] Finished loading tensor from memory to device 0
INFO 07-26 21:01:07 server.py:188] Confirm GPU group 17 for meta-llama/Llama-3.2-1B_sllm-condense_2 replica 638cce44-b331-43b8-aa9d-57f453d32b91 success
INFO 07-26 21:01:07 server.py:188] Confirm GPU group 18 for meta-llama/Llama-3.2-1B_sllm-condense_2 replica 638cce44-b331-43b8-aa9d-57f453d32b91 success
INFO 07-26 21:01:07 server.py:188] Confirm GPU group 19 for meta-llama/Llama-3.2-1B_sllm-condense_2 replica 638cce44-b331-43b8-aa9d-57f453d32b91 success
INFO 07-26 21:01:07 server.py:188] Confirm GPU group 20 for meta-llama/Llama-3.2-1B_sllm-condense_2 replica 638cce44-b331-43b8-aa9d-57f453d32b91 success
INFO 07-26 21:01:07 server.py:188] Confirm GPU group 21 for meta-llama/Llama-3.2-1B_sllm-condense_2 replica 638cce44-b331-43b8-aa9d-57f453d32b91 success
INFO 07-26 21:01:07 server.py:188] Confirm GPU group 22 for meta-llama/Llama-3.2-1B_sllm-condense_2 replica 638cce44-b331-43b8-aa9d-57f453d32b91 success
INFO 07-26 21:01:07 server.py:188] Confirm GPU group 23 for meta-llama/Llama-3.2-1B_sllm-condense_2 replica 638cce44-b331-43b8-aa9d-57f453d32b91 success
INFO 07-26 21:01:07 server.py:188] Confirm GPU group 24 for meta-llama/Llama-3.2-1B_sllm-condense_2 replica 638cce44-b331-43b8-aa9d-57f453d32b91 success
INFO 07-26 21:01:07 server.py:188] Confirm GPU group 25 for meta-llama/Llama-3.2-1B_sllm-condense_2 replica 638cce44-b331-43b8-aa9d-57f453d32b91 success
INFO 07-26 21:01:07 server.py:188] Confirm GPU group 26 for meta-llama/Llama-3.2-1B_sllm-condense_2 replica 638cce44-b331-43b8-aa9d-57f453d32b91 success
INFO 07-26 21:01:07 server.py:188] Confirm GPU group 27 for meta-llama/Llama-3.2-1B_sllm-condense_2 replica 638cce44-b331-43b8-aa9d-57f453d32b91 success
INFO 07-26 21:01:07 server.py:188] Confirm GPU group 28 for meta-llama/Llama-3.2-1B_sllm-condense_2 replica 638cce44-b331-43b8-aa9d-57f453d32b91 success
INFO 07-26 21:01:07 server.py:188] Confirm GPU group 29 for meta-llama/Llama-3.2-1B_sllm-condense_2 replica 638cce44-b331-43b8-aa9d-57f453d32b91 success
INFO 07-26 21:01:07 server.py:188] Confirm GPU group 30 for meta-llama/Llama-3.2-1B_sllm-condense_2 replica 638cce44-b331-43b8-aa9d-57f453d32b91 success
INFO 07-26 21:01:07 server.py:188] Confirm GPU group 31 for meta-llama/Llama-3.2-1B_sllm-condense_2 replica 638cce44-b331-43b8-aa9d-57f453d32b91 success
INFO 07-26 21:01:07 server.py:188] Confirm GPU group 32 for meta-llama/Llama-3.2-1B_sllm-condense_2 replica 638cce44-b331-43b8-aa9d-57f453d32b91 success
INFO 07-26 21:01:07 server.py:188] Confirm GPU group 33 for meta-llama/Llama-3.2-1B_sllm-condense_2 replica 638cce44-b331-43b8-aa9d-57f453d32b91 success
INFO 07-26 21:01:07 server.py:188] Confirm GPU group 34 for meta-llama/Llama-3.2-1B_sllm-condense_2 replica 638cce44-b331-43b8-aa9d-57f453d32b91 success
INFO 07-26 21:01:07 server.py:188] Confirm GPU group 35 for meta-llama/Llama-3.2-1B_sllm-condense_2 replica 638cce44-b331-43b8-aa9d-57f453d32b91 success
INFO 07-26 21:01:07 server.py:188] Confirm GPU group 36 for meta-llama/Llama-3.2-1B_sllm-condense_2 replica 638cce44-b331-43b8-aa9d-57f453d32b91 success
INFO 07-26 21:01:07 server.py:188] Confirm GPU group 37 for meta-llama/Llama-3.2-1B_sllm-condense_2 replica 638cce44-b331-43b8-aa9d-57f453d32b91 success
INFO 07-26 21:01:07 server.py:188] Confirm GPU group 38 for meta-llama/Llama-3.2-1B_sllm-condense_2 replica 638cce44-b331-43b8-aa9d-57f453d32b91 success
INFO 07-26 21:01:07 server.py:188] Confirm GPU group 39 for meta-llama/Llama-3.2-1B_sllm-condense_2 replica 638cce44-b331-43b8-aa9d-57f453d32b91 success
INFO 07-26 21:01:07 server.py:188] Confirm GPU group 40 for meta-llama/Llama-3.2-1B_sllm-condense_2 replica 638cce44-b331-43b8-aa9d-57f453d32b91 success
INFO 07-26 21:01:07 server.py:188] Confirm GPU group 41 for meta-llama/Llama-3.2-1B_sllm-condense_2 replica 638cce44-b331-43b8-aa9d-57f453d32b91 success
INFO 07-26 21:01:07 server.py:188] Confirm GPU group 42 for meta-llama/Llama-3.2-1B_sllm-condense_2 replica 638cce44-b331-43b8-aa9d-57f453d32b91 success
INFO 07-26 21:01:07 server.py:188] Confirm GPU group 43 for meta-llama/Llama-3.2-1B_sllm-condense_2 replica 638cce44-b331-43b8-aa9d-57f453d32b91 success
INFO 07-26 21:01:07 server.py:188] Confirm GPU group 44 for meta-llama/Llama-3.2-1B_sllm-condense_2 replica 638cce44-b331-43b8-aa9d-57f453d32b91 success
INFO 07-26 21:01:07 server.py:188] Confirm GPU group 45 for meta-llama/Llama-3.2-1B_sllm-condense_2 replica 638cce44-b331-43b8-aa9d-57f453d32b91 success
INFO 07-26 21:01:07 server.py:188] Confirm GPU group 46 for meta-llama/Llama-3.2-1B_sllm-condense_2 replica 638cce44-b331-43b8-aa9d-57f453d32b91 success
INFO 07-26 21:01:07 server.py:188] Confirm GPU group 47 for meta-llama/Llama-3.2-1B_sllm-condense_2 replica 638cce44-b331-43b8-aa9d-57f453d32b91 success
INFO 07-26 21:01:07 server.py:188] Confirm GPU group 48 for meta-llama/Llama-3.2-1B_sllm-condense_2 replica 638cce44-b331-43b8-aa9d-57f453d32b91 success
INFO 07-26 21:01:07 server.py:188] Confirm GPU group 49 for meta-llama/Llama-3.2-1B_sllm-condense_2 replica 638cce44-b331-43b8-aa9d-57f453d32b91 success
INFO 07-26 21:01:07 server.py:188] Confirm GPU group 50 for meta-llama/Llama-3.2-1B_sllm-condense_2 replica 638cce44-b331-43b8-aa9d-57f453d32b91 success
INFO 07-26 21:01:07 server.py:188] Confirm GPU group 51 for meta-llama/Llama-3.2-1B_sllm-condense_2 replica 638cce44-b331-43b8-aa9d-57f453d32b91 success
INFO 07-26 21:01:07 server.py:188] Confirm GPU group 52 for meta-llama/Llama-3.2-1B_sllm-condense_2 replica 638cce44-b331-43b8-aa9d-57f453d32b91 success
INFO 07-26 21:01:07 server.py:188] Confirm GPU group 53 for meta-llama/Llama-3.2-1B_sllm-condense_2 replica 638cce44-b331-43b8-aa9d-57f453d32b91 success
INFO 07-26 21:01:07 server.py:188] Confirm GPU group 54 for meta-llama/Llama-3.2-1B_sllm-condense_2 replica 638cce44-b331-43b8-aa9d-57f453d32b91 success
INFO 07-26 21:01:07 server.py:188] Confirm GPU group 55 for meta-llama/Llama-3.2-1B_sllm-condense_2 replica 638cce44-b331-43b8-aa9d-57f453d32b91 success
INFO 07-26 21:01:07 server.py:188] Confirm GPU group 56 for meta-llama/Llama-3.2-1B_sllm-condense_2 replica 638cce44-b331-43b8-aa9d-57f453d32b91 success
INFO 07-26 21:01:07 server.py:188] Confirm GPU group 57 for meta-llama/Llama-3.2-1B_sllm-condense_2 replica 638cce44-b331-43b8-aa9d-57f453d32b91 success
INFO 07-26 21:01:07 server.py:188] Confirm GPU group 58 for meta-llama/Llama-3.2-1B_sllm-condense_2 replica 638cce44-b331-43b8-aa9d-57f453d32b91 success
INFO 07-26 21:01:07 server.py:188] Confirm GPU group 59 for meta-llama/Llama-3.2-1B_sllm-condense_2 replica 638cce44-b331-43b8-aa9d-57f453d32b91 success
INFO 07-26 21:01:07 server.py:188] Confirm GPU group 60 for meta-llama/Llama-3.2-1B_sllm-condense_2 replica 638cce44-b331-43b8-aa9d-57f453d32b91 success
INFO 07-26 21:01:07 server.py:188] Confirm GPU group 61 for meta-llama/Llama-3.2-1B_sllm-condense_2 replica 638cce44-b331-43b8-aa9d-57f453d32b91 success
INFO 07-26 21:01:07 server.py:188] Confirm GPU group 62 for meta-llama/Llama-3.2-1B_sllm-condense_2 replica 638cce44-b331-43b8-aa9d-57f453d32b91 success
INFO 07-26 21:01:07 server.py:188] Confirm GPU group 63 for meta-llama/Llama-3.2-1B_sllm-condense_2 replica 638cce44-b331-43b8-aa9d-57f453d32b91 success
INFO 07-26 21:01:07 server.py:188] Confirm GPU group 64 for meta-llama/Llama-3.2-1B_sllm-condense_2 replica 638cce44-b331-43b8-aa9d-57f453d32b91 success
INFO 07-26 21:01:07 server.py:188] Confirm GPU group 65 for meta-llama/Llama-3.2-1B_sllm-condense_2 replica 638cce44-b331-43b8-aa9d-57f453d32b91 success
INFO 07-26 21:01:07 server.py:188] Confirm GPU group 66 for meta-llama/Llama-3.2-1B_sllm-condense_2 replica 638cce44-b331-43b8-aa9d-57f453d32b91 success
INFO 07-26 21:01:07 server.py:188] Confirm GPU group 67 for meta-llama/Llama-3.2-1B_sllm-condense_2 replica 638cce44-b331-43b8-aa9d-57f453d32b91 success
INFO 07-26 21:01:07 server.py:188] Confirm GPU group 68 for meta-llama/Llama-3.2-1B_sllm-condense_2 replica 638cce44-b331-43b8-aa9d-57f453d32b91 success
INFO 07-26 21:01:07 server.py:188] Confirm GPU group 69 for meta-llama/Llama-3.2-1B_sllm-condense_2 replica 638cce44-b331-43b8-aa9d-57f453d32b91 success
INFO 07-26 21:01:07 server.py:188] Confirm GPU group 70 for meta-llama/Llama-3.2-1B_sllm-condense_2 replica 638cce44-b331-43b8-aa9d-57f453d32b91 success
INFO 07-26 21:01:07 server.py:188] Confirm GPU group 71 for meta-llama/Llama-3.2-1B_sllm-condense_2 replica 638cce44-b331-43b8-aa9d-57f453d32b91 success
INFO 07-26 21:01:07 server.py:188] Confirm GPU group 72 for meta-llama/Llama-3.2-1B_sllm-condense_2 replica 638cce44-b331-43b8-aa9d-57f453d32b91 success
INFO 07-26 21:01:07 server.py:188] Confirm GPU group 73 for meta-llama/Llama-3.2-1B_sllm-condense_2 replica 638cce44-b331-43b8-aa9d-57f453d32b91 success
INFO 07-26 21:01:07 server.py:188] Confirm GPU group 74 for meta-llama/Llama-3.2-1B_sllm-condense_2 replica 638cce44-b331-43b8-aa9d-57f453d32b91 success
INFO 07-26 21:01:07 server.py:188] Confirm GPU group 75 for meta-llama/Llama-3.2-1B_sllm-condense_2 replica 638cce44-b331-43b8-aa9d-57f453d32b91 success
INFO 07-26 21:01:07 server.py:188] Confirm GPU group 76 for meta-llama/Llama-3.2-1B_sllm-condense_2 replica 638cce44-b331-43b8-aa9d-57f453d32b91 success
INFO 07-26 21:01:07 server.py:188] Confirm GPU group 77 for meta-llama/Llama-3.2-1B_sllm-condense_2 replica 638cce44-b331-43b8-aa9d-57f453d32b91 success
INFO 07-26 21:01:07 server.py:188] Confirm GPU group 78 for meta-llama/Llama-3.2-1B_sllm-condense_2 replica 638cce44-b331-43b8-aa9d-57f453d32b91 success
INFO 07-26 21:01:07 server.py:188] Confirm GPU group 79 for meta-llama/Llama-3.2-1B_sllm-condense_2 replica 638cce44-b331-43b8-aa9d-57f453d32b91 success
INFO 07-26 21:01:07 server.py:188] Confirm GPU group 80 for meta-llama/Llama-3.2-1B_sllm-condense_2 replica 638cce44-b331-43b8-aa9d-57f453d32b91 success
INFO 07-26 21:01:07 server.py:188] Confirm GPU group 81 for meta-llama/Llama-3.2-1B_sllm-condense_2 replica 638cce44-b331-43b8-aa9d-57f453d32b91 success
INFO 07-26 21:01:07 server.py:188] Confirm GPU group 82 for meta-llama/Llama-3.2-1B_sllm-condense_2 replica 638cce44-b331-43b8-aa9d-57f453d32b91 success
INFO 07-26 21:01:07 server.py:188] Confirm GPU group 83 for meta-llama/Llama-3.2-1B_sllm-condense_2 replica 638cce44-b331-43b8-aa9d-57f453d32b91 success
INFO 07-26 21:01:07 server.py:188] Confirm GPU group 84 for meta-llama/Llama-3.2-1B_sllm-condense_2 replica 638cce44-b331-43b8-aa9d-57f453d32b91 success
INFO 07-26 21:01:07 server.py:188] Confirm GPU group 85 for meta-llama/Llama-3.2-1B_sllm-condense_2 replica 638cce44-b331-43b8-aa9d-57f453d32b91 success
INFO 07-26 21:01:07 server.py:188] Confirm GPU group 86 for meta-llama/Llama-3.2-1B_sllm-condense_2 replica 638cce44-b331-43b8-aa9d-57f453d32b91 success
INFO 07-26 21:01:07 server.py:188] Confirm GPU group 87 for meta-llama/Llama-3.2-1B_sllm-condense_2 replica 638cce44-b331-43b8-aa9d-57f453d32b91 success
INFO 07-26 21:01:07 server.py:188] Confirm GPU group 88 for meta-llama/Llama-3.2-1B_sllm-condense_2 replica 638cce44-b331-43b8-aa9d-57f453d32b91 success
INFO 07-26 21:01:07 server.py:188] Confirm GPU group 89 for meta-llama/Llama-3.2-1B_sllm-condense_2 replica 638cce44-b331-43b8-aa9d-57f453d32b91 success
INFO 07-26 21:01:07 server.py:188] Confirm GPU group 90 for meta-llama/Llama-3.2-1B_sllm-condense_2 replica 638cce44-b331-43b8-aa9d-57f453d32b91 success
INFO 07-26 21:01:07 server.py:188] Confirm GPU group 91 for meta-llama/Llama-3.2-1B_sllm-condense_2 replica 638cce44-b331-43b8-aa9d-57f453d32b91 success
INFO 07-26 21:01:07 server.py:188] Confirm GPU group 92 for meta-llama/Llama-3.2-1B_sllm-condense_2 replica 638cce44-b331-43b8-aa9d-57f453d32b91 success
INFO 07-26 21:01:07 server.py:188] Confirm GPU group 93 for meta-llama/Llama-3.2-1B_sllm-condense_2 replica 638cce44-b331-43b8-aa9d-57f453d32b91 success
INFO 07-26 21:01:07 server.py:188] Confirm GPU group 94 for meta-llama/Llama-3.2-1B_sllm-condense_2 replica 638cce44-b331-43b8-aa9d-57f453d32b91 success
INFO 07-26 21:01:07 server.py:188] Confirm GPU group 95 for meta-llama/Llama-3.2-1B_sllm-condense_2 replica 638cce44-b331-43b8-aa9d-57f453d32b91 success
INFO 07-26 21:01:07 server.py:188] Confirm GPU group 96 for meta-llama/Llama-3.2-1B_sllm-condense_2 replica 638cce44-b331-43b8-aa9d-57f453d32b91 success
INFO 07-26 21:01:07 server.py:188] Confirm GPU group 97 for meta-llama/Llama-3.2-1B_sllm-condense_2 replica 638cce44-b331-43b8-aa9d-57f453d32b91 success
INFO 07-26 21:01:07 server.py:188] Confirm GPU group 98 for meta-llama/Llama-3.2-1B_sllm-condense_2 replica 638cce44-b331-43b8-aa9d-57f453d32b91 success
INFO 07-26 21:01:07 server.py:188] Confirm GPU group 99 for meta-llama/Llama-3.2-1B_sllm-condense_2 replica 638cce44-b331-43b8-aa9d-57f453d32b91 success
INFO 07-26 21:01:07 server.py:188] Confirm GPU group 100 for meta-llama/Llama-3.2-1B_sllm-condense_2 replica 638cce44-b331-43b8-aa9d-57f453d32b91 success
INFO 07-26 21:01:07 server.py:188] Confirm GPU group 101 for meta-llama/Llama-3.2-1B_sllm-condense_2 replica 638cce44-b331-43b8-aa9d-57f453d32b91 success
INFO 07-26 21:01:07 server.py:188] Confirm GPU group 102 for meta-llama/Llama-3.2-1B_sllm-condense_2 replica 638cce44-b331-43b8-aa9d-57f453d32b91 success
INFO 07-26 21:01:07 server.py:188] Confirm GPU group 103 for meta-llama/Llama-3.2-1B_sllm-condense_2 replica 638cce44-b331-43b8-aa9d-57f453d32b91 success
INFO 07-26 21:01:07 server.py:188] Confirm GPU group 104 for meta-llama/Llama-3.2-1B_sllm-condense_2 replica 638cce44-b331-43b8-aa9d-57f453d32b91 success
INFO 07-26 21:01:07 server.py:188] Confirm GPU group 105 for meta-llama/Llama-3.2-1B_sllm-condense_2 replica 638cce44-b331-43b8-aa9d-57f453d32b91 success
INFO 07-26 21:01:07 server.py:188] Confirm GPU group 106 for meta-llama/Llama-3.2-1B_sllm-condense_2 replica 638cce44-b331-43b8-aa9d-57f453d32b91 success
INFO 07-26 21:01:07 server.py:188] Confirm GPU group 107 for meta-llama/Llama-3.2-1B_sllm-condense_2 replica 638cce44-b331-43b8-aa9d-57f453d32b91 success
INFO 07-26 21:01:07 server.py:188] Confirm GPU group 108 for meta-llama/Llama-3.2-1B_sllm-condense_2 replica 638cce44-b331-43b8-aa9d-57f453d32b91 success
INFO 07-26 21:01:07 server.py:188] Confirm GPU group 109 for meta-llama/Llama-3.2-1B_sllm-condense_2 replica 638cce44-b331-43b8-aa9d-57f453d32b91 success
INFO 07-26 21:01:07 server.py:188] Confirm GPU group 110 for meta-llama/Llama-3.2-1B_sllm-condense_2 replica 638cce44-b331-43b8-aa9d-57f453d32b91 success
INFO 07-26 21:01:07 server.py:188] Confirm GPU group 111 for meta-llama/Llama-3.2-1B_sllm-condense_2 replica 638cce44-b331-43b8-aa9d-57f453d32b91 success
INFO 07-26 21:01:07 server.py:188] Confirm GPU group 112 for meta-llama/Llama-3.2-1B_sllm-condense_2 replica 638cce44-b331-43b8-aa9d-57f453d32b91 success
INFO 07-26 21:01:07 server.py:188] Confirm GPU group 113 for meta-llama/Llama-3.2-1B_sllm-condense_2 replica 638cce44-b331-43b8-aa9d-57f453d32b91 success
INFO 07-26 21:01:07 server.py:188] Confirm GPU group 114 for meta-llama/Llama-3.2-1B_sllm-condense_2 replica 638cce44-b331-43b8-aa9d-57f453d32b91 success
INFO 07-26 21:01:07 server.py:188] Confirm GPU group 115 for meta-llama/Llama-3.2-1B_sllm-condense_2 replica 638cce44-b331-43b8-aa9d-57f453d32b91 success
INFO 07-26 21:01:07 server.py:188] Confirm GPU group 116 for meta-llama/Llama-3.2-1B_sllm-condense_2 replica 638cce44-b331-43b8-aa9d-57f453d32b91 success
INFO 07-26 21:01:07 server.py:188] Confirm GPU group 117 for meta-llama/Llama-3.2-1B_sllm-condense_2 replica 638cce44-b331-43b8-aa9d-57f453d32b91 success
INFO 07-26 21:01:07 server.py:188] Confirm GPU group 118 for meta-llama/Llama-3.2-1B_sllm-condense_2 replica 638cce44-b331-43b8-aa9d-57f453d32b91 success
INFO 07-26 21:01:07 server.py:188] Confirm GPU group 119 for meta-llama/Llama-3.2-1B_sllm-condense_2 replica 638cce44-b331-43b8-aa9d-57f453d32b91 success
INFO 07-26 21:01:07 server.py:188] Confirm GPU group 120 for meta-llama/Llama-3.2-1B_sllm-condense_2 replica 638cce44-b331-43b8-aa9d-57f453d32b91 success
INFO 07-26 21:01:07 server.py:188] Confirm GPU group 121 for meta-llama/Llama-3.2-1B_sllm-condense_2 replica 638cce44-b331-43b8-aa9d-57f453d32b91 success
INFO 07-26 21:01:07 server.py:188] Confirm GPU group 122 for meta-llama/Llama-3.2-1B_sllm-condense_2 replica 638cce44-b331-43b8-aa9d-57f453d32b91 success
INFO 07-26 21:01:07 server.py:188] Confirm GPU group 123 for meta-llama/Llama-3.2-1B_sllm-condense_2 replica 638cce44-b331-43b8-aa9d-57f453d32b91 success
INFO 07-26 21:01:07 server.py:188] Confirm GPU group 124 for meta-llama/Llama-3.2-1B_sllm-condense_2 replica 638cce44-b331-43b8-aa9d-57f453d32b91 success
INFO 07-26 21:01:07 server.py:188] Confirm GPU group 125 for meta-llama/Llama-3.2-1B_sllm-condense_2 replica 638cce44-b331-43b8-aa9d-57f453d32b91 success
INFO 07-26 21:01:07 server.py:188] Confirm GPU group 126 for meta-llama/Llama-3.2-1B_sllm-condense_2 replica 638cce44-b331-43b8-aa9d-57f453d32b91 success
INFO 07-26 21:01:07 server.py:188] Confirm GPU group 127 for meta-llama/Llama-3.2-1B_sllm-condense_2 replica 638cce44-b331-43b8-aa9d-57f453d32b91 success
INFO 07-26 21:01:07 server.py:188] Confirm GPU group 128 for meta-llama/Llama-3.2-1B_sllm-condense_2 replica 638cce44-b331-43b8-aa9d-57f453d32b91 success
INFO 07-26 21:01:07 server.py:188] Confirm GPU group 129 for meta-llama/Llama-3.2-1B_sllm-condense_2 replica 638cce44-b331-43b8-aa9d-57f453d32b91 success
INFO 07-26 21:01:07 server.py:188] Confirm GPU group 130 for meta-llama/Llama-3.2-1B_sllm-condense_2 replica 638cce44-b331-43b8-aa9d-57f453d32b91 success
INFO 07-26 21:01:07 server.py:188] Confirm GPU group 131 for meta-llama/Llama-3.2-1B_sllm-condense_2 replica 638cce44-b331-43b8-aa9d-57f453d32b91 success
INFO 07-26 21:01:07 server.py:188] Confirm GPU group 132 for meta-llama/Llama-3.2-1B_sllm-condense_2 replica 638cce44-b331-43b8-aa9d-57f453d32b91 success
INFO 07-26 21:01:07 server.py:188] Confirm GPU group 133 for meta-llama/Llama-3.2-1B_sllm-condense_2 replica 638cce44-b331-43b8-aa9d-57f453d32b91 success
INFO 07-26 21:01:07 server.py:188] Confirm GPU group 134 for meta-llama/Llama-3.2-1B_sllm-condense_2 replica 638cce44-b331-43b8-aa9d-57f453d32b91 success
INFO 07-26 21:01:07 server.py:188] Confirm GPU group 135 for meta-llama/Llama-3.2-1B_sllm-condense_2 replica 638cce44-b331-43b8-aa9d-57f453d32b91 success
INFO 07-26 21:01:07 server.py:188] Confirm GPU group 136 for meta-llama/Llama-3.2-1B_sllm-condense_2 replica 638cce44-b331-43b8-aa9d-57f453d32b91 success
INFO 07-26 21:01:07 server.py:188] Confirm GPU group 137 for meta-llama/Llama-3.2-1B_sllm-condense_2 replica 638cce44-b331-43b8-aa9d-57f453d32b91 success
INFO 07-26 21:01:07 server.py:188] Confirm GPU group 138 for meta-llama/Llama-3.2-1B_sllm-condense_2 replica 638cce44-b331-43b8-aa9d-57f453d32b91 success
INFO 07-26 21:01:07 server.py:188] Confirm GPU group 139 for meta-llama/Llama-3.2-1B_sllm-condense_2 replica 638cce44-b331-43b8-aa9d-57f453d32b91 success
INFO 07-26 21:01:07 server.py:188] Confirm GPU group 140 for meta-llama/Llama-3.2-1B_sllm-condense_2 replica 638cce44-b331-43b8-aa9d-57f453d32b91 success
INFO 07-26 21:01:07 server.py:188] Confirm GPU group 141 for meta-llama/Llama-3.2-1B_sllm-condense_2 replica 638cce44-b331-43b8-aa9d-57f453d32b91 success
INFO 07-26 21:01:07 server.py:188] Confirm GPU group 142 for meta-llama/Llama-3.2-1B_sllm-condense_2 replica 638cce44-b331-43b8-aa9d-57f453d32b91 success
INFO 07-26 21:01:07 server.py:188] Confirm GPU group 143 for meta-llama/Llama-3.2-1B_sllm-condense_2 replica 638cce44-b331-43b8-aa9d-57f453d32b91 success
INFO 07-26 21:01:07 server.py:188] Confirm GPU group 144 for meta-llama/Llama-3.2-1B_sllm-condense_2 replica 638cce44-b331-43b8-aa9d-57f453d32b91 success
INFO 07-26 21:01:07 server.py:188] Confirm GPU group 145 for meta-llama/Llama-3.2-1B_sllm-condense_2 replica 638cce44-b331-43b8-aa9d-57f453d32b91 success
INFO 07-26 21:01:07 server.py:188] Confirm GPU group 146 for meta-llama/Llama-3.2-1B_sllm-condense_2 replica 638cce44-b331-43b8-aa9d-57f453d32b91 success
INFO 07-26 21:01:07 server.py:138] Confirm model meta-llama/Llama-3.2-1B_sllm-condense_2 replica 638cce44-b331-43b8-aa9d-57f453d32b91 success
I20260726 21:01:10.104377 2963064 model.cpp:53] Tensor file "/mnt/data1/mechels/sllm_storage/Llama-3.2-1B/meta-llama/Llama-3.2-1B_sllm-condense_0/tensor.data_1" does not exist
I20260726 21:01:10.107707 2963064 checkpoint_store.cpp:106] Model meta-llama/Llama-3.2-1B_sllm-condense_0 is registered
I20260726 21:01:10.107911 2966065 pinned_memory_pool.cpp:78] PinnedMemoryPool Allocate 75 buffers free buffers 1823 total buffers 2048
INFO 07-26 21:01:10 server.py:115] LoadModel: success meta-llama/Llama-3.2-1B_sllm-condense_0 with target 1
I20260726 21:01:10.108840 2966065 model.cpp:120] Loading model meta-llama/Llama-3.2-1B_sllm-condense_0 size 1256274432 to host
I20260726 21:01:10.108875 2966065 model.cpp:134] Loading model meta-llama/Llama-3.2-1B_sllm-condense_0 to host with 4 threads, 75 chunks, 16777216 chunk size, 19 chunks per thread
I20260726 21:01:10.109001 2966066 model.cpp:155] Thread 0 starting from partition 0 offset 0
I20260726 21:01:10.109118 2966068 model.cpp:155] Thread 2 starting from partition 0 offset 637534208
I20260726 21:01:10.109138 2966067 model.cpp:155] Thread 1 starting from partition 0 offset 318767104
I20260726 21:01:10.109210 2966069 model.cpp:155] Thread 3 starting from partition 0 offset 956301312
I20260726 21:01:11.124825 2966089 checkpoint_store.cpp:209] Loading model meta-llama/Llama-3.2-1B_sllm-condense_0
INFO 07-26 21:01:11 server.py:115] LoadModel: success meta-llama/Llama-3.2-1B_sllm-condense_0 with target 2
I20260726 21:01:11.135490 2966089 model.cpp:269] Creating replica 0ee8e664-5186-4794-a0a2-439a927a47b9
I20260726 21:01:11.135516 2966089 model.cpp:273] Creating queue for device 0
I20260726 21:01:11.135537 2966089 model.cpp:285] Created replica 0ee8e664-5186-4794-a0a2-439a927a47b9
I20260726 21:01:11.135619 2966089 model.cpp:296] Dispatcher started for model meta-llama/Llama-3.2-1B_sllm-condense_0
I20260726 21:01:11.135689 2966089 model.cpp:363] Waiting for model meta-llama/Llama-3.2-1B_sllm-condense_0 num tasks 1 state 3
INFO 07-26 21:01:18 server.py:188] Confirm GPU group 0 for meta-llama/Llama-3.2-1B_sllm-condense_0 replica 0ee8e664-5186-4794-a0a2-439a927a47b9 success
INFO 07-26 21:01:18 server.py:188] Confirm GPU group 1 for meta-llama/Llama-3.2-1B_sllm-condense_0 replica 0ee8e664-5186-4794-a0a2-439a927a47b9 success
INFO 07-26 21:01:18 server.py:188] Confirm GPU group 2 for meta-llama/Llama-3.2-1B_sllm-condense_0 replica 0ee8e664-5186-4794-a0a2-439a927a47b9 success
INFO 07-26 21:01:18 server.py:188] Confirm GPU group 3 for meta-llama/Llama-3.2-1B_sllm-condense_0 replica 0ee8e664-5186-4794-a0a2-439a927a47b9 success
INFO 07-26 21:01:18 server.py:188] Confirm GPU group 4 for meta-llama/Llama-3.2-1B_sllm-condense_0 replica 0ee8e664-5186-4794-a0a2-439a927a47b9 success
INFO 07-26 21:01:19 server.py:188] Confirm GPU group 5 for meta-llama/Llama-3.2-1B_sllm-condense_0 replica 0ee8e664-5186-4794-a0a2-439a927a47b9 success
INFO 07-26 21:01:20 server.py:188] Confirm GPU group 6 for meta-llama/Llama-3.2-1B_sllm-condense_0 replica 0ee8e664-5186-4794-a0a2-439a927a47b9 success
INFO 07-26 21:01:20 server.py:188] Confirm GPU group 7 for meta-llama/Llama-3.2-1B_sllm-condense_0 replica 0ee8e664-5186-4794-a0a2-439a927a47b9 success
INFO 07-26 21:01:20 server.py:188] Confirm GPU group 8 for meta-llama/Llama-3.2-1B_sllm-condense_0 replica 0ee8e664-5186-4794-a0a2-439a927a47b9 success
INFO 07-26 21:01:20 server.py:188] Confirm GPU group 9 for meta-llama/Llama-3.2-1B_sllm-condense_0 replica 0ee8e664-5186-4794-a0a2-439a927a47b9 success
INFO 07-26 21:01:20 server.py:188] Confirm GPU group 10 for meta-llama/Llama-3.2-1B_sllm-condense_0 replica 0ee8e664-5186-4794-a0a2-439a927a47b9 success
INFO 07-26 21:01:20 server.py:188] Confirm GPU group 11 for meta-llama/Llama-3.2-1B_sllm-condense_0 replica 0ee8e664-5186-4794-a0a2-439a927a47b9 success
INFO 07-26 21:01:20 server.py:188] Confirm GPU group 12 for meta-llama/Llama-3.2-1B_sllm-condense_0 replica 0ee8e664-5186-4794-a0a2-439a927a47b9 success
INFO 07-26 21:01:21 server.py:188] Confirm GPU group 13 for meta-llama/Llama-3.2-1B_sllm-condense_0 replica 0ee8e664-5186-4794-a0a2-439a927a47b9 success
INFO 07-26 21:01:21 server.py:188] Confirm GPU group 14 for meta-llama/Llama-3.2-1B_sllm-condense_0 replica 0ee8e664-5186-4794-a0a2-439a927a47b9 success
INFO 07-26 21:01:21 server.py:188] Confirm GPU group 15 for meta-llama/Llama-3.2-1B_sllm-condense_0 replica 0ee8e664-5186-4794-a0a2-439a927a47b9 success
I20260726 21:01:22.365078 2966065 model.cpp:250] Finished loading model meta-llama/Llama-3.2-1B_sllm-condense_0 from disk
INFO 07-26 21:01:22 server.py:188] Confirm GPU group 16 for meta-llama/Llama-3.2-1B_sllm-condense_0 replica 0ee8e664-5186-4794-a0a2-439a927a47b9 success
I20260726 21:01:22.365226 2966091 model.cpp:356] Finished loading tensor from memory to device 0
INFO 07-26 21:01:22 server.py:188] Confirm GPU group 17 for meta-llama/Llama-3.2-1B_sllm-condense_0 replica 0ee8e664-5186-4794-a0a2-439a927a47b9 success
INFO 07-26 21:01:22 server.py:188] Confirm GPU group 18 for meta-llama/Llama-3.2-1B_sllm-condense_0 replica 0ee8e664-5186-4794-a0a2-439a927a47b9 success
INFO 07-26 21:01:22 server.py:188] Confirm GPU group 19 for meta-llama/Llama-3.2-1B_sllm-condense_0 replica 0ee8e664-5186-4794-a0a2-439a927a47b9 success
INFO 07-26 21:01:22 server.py:188] Confirm GPU group 20 for meta-llama/Llama-3.2-1B_sllm-condense_0 replica 0ee8e664-5186-4794-a0a2-439a927a47b9 success
INFO 07-26 21:01:22 server.py:188] Confirm GPU group 21 for meta-llama/Llama-3.2-1B_sllm-condense_0 replica 0ee8e664-5186-4794-a0a2-439a927a47b9 success
INFO 07-26 21:01:22 server.py:188] Confirm GPU group 22 for meta-llama/Llama-3.2-1B_sllm-condense_0 replica 0ee8e664-5186-4794-a0a2-439a927a47b9 success
INFO 07-26 21:01:22 server.py:188] Confirm GPU group 23 for meta-llama/Llama-3.2-1B_sllm-condense_0 replica 0ee8e664-5186-4794-a0a2-439a927a47b9 success
INFO 07-26 21:01:22 server.py:188] Confirm GPU group 24 for meta-llama/Llama-3.2-1B_sllm-condense_0 replica 0ee8e664-5186-4794-a0a2-439a927a47b9 success
INFO 07-26 21:01:22 server.py:188] Confirm GPU group 25 for meta-llama/Llama-3.2-1B_sllm-condense_0 replica 0ee8e664-5186-4794-a0a2-439a927a47b9 success
INFO 07-26 21:01:22 server.py:188] Confirm GPU group 26 for meta-llama/Llama-3.2-1B_sllm-condense_0 replica 0ee8e664-5186-4794-a0a2-439a927a47b9 success
INFO 07-26 21:01:22 server.py:188] Confirm GPU group 27 for meta-llama/Llama-3.2-1B_sllm-condense_0 replica 0ee8e664-5186-4794-a0a2-439a927a47b9 success
INFO 07-26 21:01:22 server.py:188] Confirm GPU group 28 for meta-llama/Llama-3.2-1B_sllm-condense_0 replica 0ee8e664-5186-4794-a0a2-439a927a47b9 success
INFO 07-26 21:01:22 server.py:188] Confirm GPU group 29 for meta-llama/Llama-3.2-1B_sllm-condense_0 replica 0ee8e664-5186-4794-a0a2-439a927a47b9 success
INFO 07-26 21:01:22 server.py:188] Confirm GPU group 30 for meta-llama/Llama-3.2-1B_sllm-condense_0 replica 0ee8e664-5186-4794-a0a2-439a927a47b9 success
INFO 07-26 21:01:22 server.py:188] Confirm GPU group 31 for meta-llama/Llama-3.2-1B_sllm-condense_0 replica 0ee8e664-5186-4794-a0a2-439a927a47b9 success
INFO 07-26 21:01:22 server.py:188] Confirm GPU group 32 for meta-llama/Llama-3.2-1B_sllm-condense_0 replica 0ee8e664-5186-4794-a0a2-439a927a47b9 success
INFO 07-26 21:01:22 server.py:188] Confirm GPU group 33 for meta-llama/Llama-3.2-1B_sllm-condense_0 replica 0ee8e664-5186-4794-a0a2-439a927a47b9 success
INFO 07-26 21:01:22 server.py:188] Confirm GPU group 34 for meta-llama/Llama-3.2-1B_sllm-condense_0 replica 0ee8e664-5186-4794-a0a2-439a927a47b9 success
INFO 07-26 21:01:22 server.py:188] Confirm GPU group 35 for meta-llama/Llama-3.2-1B_sllm-condense_0 replica 0ee8e664-5186-4794-a0a2-439a927a47b9 success
INFO 07-26 21:01:22 server.py:188] Confirm GPU group 36 for meta-llama/Llama-3.2-1B_sllm-condense_0 replica 0ee8e664-5186-4794-a0a2-439a927a47b9 success
INFO 07-26 21:01:22 server.py:188] Confirm GPU group 37 for meta-llama/Llama-3.2-1B_sllm-condense_0 replica 0ee8e664-5186-4794-a0a2-439a927a47b9 success
INFO 07-26 21:01:22 server.py:188] Confirm GPU group 38 for meta-llama/Llama-3.2-1B_sllm-condense_0 replica 0ee8e664-5186-4794-a0a2-439a927a47b9 success
INFO 07-26 21:01:22 server.py:188] Confirm GPU group 39 for meta-llama/Llama-3.2-1B_sllm-condense_0 replica 0ee8e664-5186-4794-a0a2-439a927a47b9 success
INFO 07-26 21:01:22 server.py:188] Confirm GPU group 40 for meta-llama/Llama-3.2-1B_sllm-condense_0 replica 0ee8e664-5186-4794-a0a2-439a927a47b9 success
INFO 07-26 21:01:22 server.py:188] Confirm GPU group 41 for meta-llama/Llama-3.2-1B_sllm-condense_0 replica 0ee8e664-5186-4794-a0a2-439a927a47b9 success
INFO 07-26 21:01:22 server.py:188] Confirm GPU group 42 for meta-llama/Llama-3.2-1B_sllm-condense_0 replica 0ee8e664-5186-4794-a0a2-439a927a47b9 success
INFO 07-26 21:01:22 server.py:188] Confirm GPU group 43 for meta-llama/Llama-3.2-1B_sllm-condense_0 replica 0ee8e664-5186-4794-a0a2-439a927a47b9 success
INFO 07-26 21:01:22 server.py:188] Confirm GPU group 44 for meta-llama/Llama-3.2-1B_sllm-condense_0 replica 0ee8e664-5186-4794-a0a2-439a927a47b9 success
INFO 07-26 21:01:22 server.py:188] Confirm GPU group 45 for meta-llama/Llama-3.2-1B_sllm-condense_0 replica 0ee8e664-5186-4794-a0a2-439a927a47b9 success
INFO 07-26 21:01:22 server.py:188] Confirm GPU group 46 for meta-llama/Llama-3.2-1B_sllm-condense_0 replica 0ee8e664-5186-4794-a0a2-439a927a47b9 success
INFO 07-26 21:01:22 server.py:188] Confirm GPU group 47 for meta-llama/Llama-3.2-1B_sllm-condense_0 replica 0ee8e664-5186-4794-a0a2-439a927a47b9 success
INFO 07-26 21:01:22 server.py:188] Confirm GPU group 48 for meta-llama/Llama-3.2-1B_sllm-condense_0 replica 0ee8e664-5186-4794-a0a2-439a927a47b9 success
INFO 07-26 21:01:22 server.py:188] Confirm GPU group 49 for meta-llama/Llama-3.2-1B_sllm-condense_0 replica 0ee8e664-5186-4794-a0a2-439a927a47b9 success
INFO 07-26 21:01:22 server.py:188] Confirm GPU group 50 for meta-llama/Llama-3.2-1B_sllm-condense_0 replica 0ee8e664-5186-4794-a0a2-439a927a47b9 success
INFO 07-26 21:01:22 server.py:188] Confirm GPU group 51 for meta-llama/Llama-3.2-1B_sllm-condense_0 replica 0ee8e664-5186-4794-a0a2-439a927a47b9 success
INFO 07-26 21:01:22 server.py:188] Confirm GPU group 52 for meta-llama/Llama-3.2-1B_sllm-condense_0 replica 0ee8e664-5186-4794-a0a2-439a927a47b9 success
INFO 07-26 21:01:22 server.py:188] Confirm GPU group 53 for meta-llama/Llama-3.2-1B_sllm-condense_0 replica 0ee8e664-5186-4794-a0a2-439a927a47b9 success
INFO 07-26 21:01:22 server.py:188] Confirm GPU group 54 for meta-llama/Llama-3.2-1B_sllm-condense_0 replica 0ee8e664-5186-4794-a0a2-439a927a47b9 success
INFO 07-26 21:01:22 server.py:188] Confirm GPU group 55 for meta-llama/Llama-3.2-1B_sllm-condense_0 replica 0ee8e664-5186-4794-a0a2-439a927a47b9 success
INFO 07-26 21:01:22 server.py:188] Confirm GPU group 56 for meta-llama/Llama-3.2-1B_sllm-condense_0 replica 0ee8e664-5186-4794-a0a2-439a927a47b9 success
INFO 07-26 21:01:22 server.py:188] Confirm GPU group 57 for meta-llama/Llama-3.2-1B_sllm-condense_0 replica 0ee8e664-5186-4794-a0a2-439a927a47b9 success
INFO 07-26 21:01:22 server.py:188] Confirm GPU group 58 for meta-llama/Llama-3.2-1B_sllm-condense_0 replica 0ee8e664-5186-4794-a0a2-439a927a47b9 success
INFO 07-26 21:01:22 server.py:188] Confirm GPU group 59 for meta-llama/Llama-3.2-1B_sllm-condense_0 replica 0ee8e664-5186-4794-a0a2-439a927a47b9 success
INFO 07-26 21:01:22 server.py:188] Confirm GPU group 60 for meta-llama/Llama-3.2-1B_sllm-condense_0 replica 0ee8e664-5186-4794-a0a2-439a927a47b9 success
INFO 07-26 21:01:22 server.py:188] Confirm GPU group 61 for meta-llama/Llama-3.2-1B_sllm-condense_0 replica 0ee8e664-5186-4794-a0a2-439a927a47b9 success
INFO 07-26 21:01:22 server.py:188] Confirm GPU group 62 for meta-llama/Llama-3.2-1B_sllm-condense_0 replica 0ee8e664-5186-4794-a0a2-439a927a47b9 success
INFO 07-26 21:01:22 server.py:188] Confirm GPU group 63 for meta-llama/Llama-3.2-1B_sllm-condense_0 replica 0ee8e664-5186-4794-a0a2-439a927a47b9 success
INFO 07-26 21:01:22 server.py:188] Confirm GPU group 64 for meta-llama/Llama-3.2-1B_sllm-condense_0 replica 0ee8e664-5186-4794-a0a2-439a927a47b9 success
INFO 07-26 21:01:22 server.py:188] Confirm GPU group 65 for meta-llama/Llama-3.2-1B_sllm-condense_0 replica 0ee8e664-5186-4794-a0a2-439a927a47b9 success
INFO 07-26 21:01:22 server.py:188] Confirm GPU group 66 for meta-llama/Llama-3.2-1B_sllm-condense_0 replica 0ee8e664-5186-4794-a0a2-439a927a47b9 success
INFO 07-26 21:01:22 server.py:188] Confirm GPU group 67 for meta-llama/Llama-3.2-1B_sllm-condense_0 replica 0ee8e664-5186-4794-a0a2-439a927a47b9 success
INFO 07-26 21:01:22 server.py:188] Confirm GPU group 68 for meta-llama/Llama-3.2-1B_sllm-condense_0 replica 0ee8e664-5186-4794-a0a2-439a927a47b9 success
INFO 07-26 21:01:22 server.py:188] Confirm GPU group 69 for meta-llama/Llama-3.2-1B_sllm-condense_0 replica 0ee8e664-5186-4794-a0a2-439a927a47b9 success
INFO 07-26 21:01:22 server.py:188] Confirm GPU group 70 for meta-llama/Llama-3.2-1B_sllm-condense_0 replica 0ee8e664-5186-4794-a0a2-439a927a47b9 success
INFO 07-26 21:01:22 server.py:188] Confirm GPU group 71 for meta-llama/Llama-3.2-1B_sllm-condense_0 replica 0ee8e664-5186-4794-a0a2-439a927a47b9 success
INFO 07-26 21:01:22 server.py:188] Confirm GPU group 72 for meta-llama/Llama-3.2-1B_sllm-condense_0 replica 0ee8e664-5186-4794-a0a2-439a927a47b9 success
INFO 07-26 21:01:22 server.py:188] Confirm GPU group 73 for meta-llama/Llama-3.2-1B_sllm-condense_0 replica 0ee8e664-5186-4794-a0a2-439a927a47b9 success
INFO 07-26 21:01:22 server.py:188] Confirm GPU group 74 for meta-llama/Llama-3.2-1B_sllm-condense_0 replica 0ee8e664-5186-4794-a0a2-439a927a47b9 success
INFO 07-26 21:01:22 server.py:188] Confirm GPU group 75 for meta-llama/Llama-3.2-1B_sllm-condense_0 replica 0ee8e664-5186-4794-a0a2-439a927a47b9 success
INFO 07-26 21:01:22 server.py:188] Confirm GPU group 76 for meta-llama/Llama-3.2-1B_sllm-condense_0 replica 0ee8e664-5186-4794-a0a2-439a927a47b9 success
INFO 07-26 21:01:22 server.py:188] Confirm GPU group 77 for meta-llama/Llama-3.2-1B_sllm-condense_0 replica 0ee8e664-5186-4794-a0a2-439a927a47b9 success
INFO 07-26 21:01:22 server.py:188] Confirm GPU group 78 for meta-llama/Llama-3.2-1B_sllm-condense_0 replica 0ee8e664-5186-4794-a0a2-439a927a47b9 success
INFO 07-26 21:01:22 server.py:188] Confirm GPU group 79 for meta-llama/Llama-3.2-1B_sllm-condense_0 replica 0ee8e664-5186-4794-a0a2-439a927a47b9 success
INFO 07-26 21:01:22 server.py:188] Confirm GPU group 80 for meta-llama/Llama-3.2-1B_sllm-condense_0 replica 0ee8e664-5186-4794-a0a2-439a927a47b9 success
INFO 07-26 21:01:22 server.py:188] Confirm GPU group 81 for meta-llama/Llama-3.2-1B_sllm-condense_0 replica 0ee8e664-5186-4794-a0a2-439a927a47b9 success
INFO 07-26 21:01:22 server.py:188] Confirm GPU group 82 for meta-llama/Llama-3.2-1B_sllm-condense_0 replica 0ee8e664-5186-4794-a0a2-439a927a47b9 success
INFO 07-26 21:01:22 server.py:188] Confirm GPU group 83 for meta-llama/Llama-3.2-1B_sllm-condense_0 replica 0ee8e664-5186-4794-a0a2-439a927a47b9 success
INFO 07-26 21:01:22 server.py:188] Confirm GPU group 84 for meta-llama/Llama-3.2-1B_sllm-condense_0 replica 0ee8e664-5186-4794-a0a2-439a927a47b9 success
INFO 07-26 21:01:22 server.py:188] Confirm GPU group 85 for meta-llama/Llama-3.2-1B_sllm-condense_0 replica 0ee8e664-5186-4794-a0a2-439a927a47b9 success
INFO 07-26 21:01:22 server.py:188] Confirm GPU group 86 for meta-llama/Llama-3.2-1B_sllm-condense_0 replica 0ee8e664-5186-4794-a0a2-439a927a47b9 success
INFO 07-26 21:01:22 server.py:188] Confirm GPU group 87 for meta-llama/Llama-3.2-1B_sllm-condense_0 replica 0ee8e664-5186-4794-a0a2-439a927a47b9 success
INFO 07-26 21:01:22 server.py:188] Confirm GPU group 88 for meta-llama/Llama-3.2-1B_sllm-condense_0 replica 0ee8e664-5186-4794-a0a2-439a927a47b9 success
INFO 07-26 21:01:22 server.py:188] Confirm GPU group 89 for meta-llama/Llama-3.2-1B_sllm-condense_0 replica 0ee8e664-5186-4794-a0a2-439a927a47b9 success
INFO 07-26 21:01:22 server.py:188] Confirm GPU group 90 for meta-llama/Llama-3.2-1B_sllm-condense_0 replica 0ee8e664-5186-4794-a0a2-439a927a47b9 success
INFO 07-26 21:01:22 server.py:188] Confirm GPU group 91 for meta-llama/Llama-3.2-1B_sllm-condense_0 replica 0ee8e664-5186-4794-a0a2-439a927a47b9 success
INFO 07-26 21:01:22 server.py:188] Confirm GPU group 92 for meta-llama/Llama-3.2-1B_sllm-condense_0 replica 0ee8e664-5186-4794-a0a2-439a927a47b9 success
INFO 07-26 21:01:22 server.py:188] Confirm GPU group 93 for meta-llama/Llama-3.2-1B_sllm-condense_0 replica 0ee8e664-5186-4794-a0a2-439a927a47b9 success
INFO 07-26 21:01:22 server.py:188] Confirm GPU group 94 for meta-llama/Llama-3.2-1B_sllm-condense_0 replica 0ee8e664-5186-4794-a0a2-439a927a47b9 success
INFO 07-26 21:01:22 server.py:188] Confirm GPU group 95 for meta-llama/Llama-3.2-1B_sllm-condense_0 replica 0ee8e664-5186-4794-a0a2-439a927a47b9 success
INFO 07-26 21:01:22 server.py:188] Confirm GPU group 96 for meta-llama/Llama-3.2-1B_sllm-condense_0 replica 0ee8e664-5186-4794-a0a2-439a927a47b9 success
INFO 07-26 21:01:22 server.py:188] Confirm GPU group 97 for meta-llama/Llama-3.2-1B_sllm-condense_0 replica 0ee8e664-5186-4794-a0a2-439a927a47b9 success
INFO 07-26 21:01:22 server.py:188] Confirm GPU group 98 for meta-llama/Llama-3.2-1B_sllm-condense_0 replica 0ee8e664-5186-4794-a0a2-439a927a47b9 success
INFO 07-26 21:01:22 server.py:188] Confirm GPU group 99 for meta-llama/Llama-3.2-1B_sllm-condense_0 replica 0ee8e664-5186-4794-a0a2-439a927a47b9 success
INFO 07-26 21:01:22 server.py:188] Confirm GPU group 100 for meta-llama/Llama-3.2-1B_sllm-condense_0 replica 0ee8e664-5186-4794-a0a2-439a927a47b9 success
INFO 07-26 21:01:22 server.py:188] Confirm GPU group 101 for meta-llama/Llama-3.2-1B_sllm-condense_0 replica 0ee8e664-5186-4794-a0a2-439a927a47b9 success
INFO 07-26 21:01:22 server.py:188] Confirm GPU group 102 for meta-llama/Llama-3.2-1B_sllm-condense_0 replica 0ee8e664-5186-4794-a0a2-439a927a47b9 success
INFO 07-26 21:01:22 server.py:188] Confirm GPU group 103 for meta-llama/Llama-3.2-1B_sllm-condense_0 replica 0ee8e664-5186-4794-a0a2-439a927a47b9 success
INFO 07-26 21:01:22 server.py:188] Confirm GPU group 104 for meta-llama/Llama-3.2-1B_sllm-condense_0 replica 0ee8e664-5186-4794-a0a2-439a927a47b9 success
INFO 07-26 21:01:22 server.py:188] Confirm GPU group 105 for meta-llama/Llama-3.2-1B_sllm-condense_0 replica 0ee8e664-5186-4794-a0a2-439a927a47b9 success
INFO 07-26 21:01:22 server.py:188] Confirm GPU group 106 for meta-llama/Llama-3.2-1B_sllm-condense_0 replica 0ee8e664-5186-4794-a0a2-439a927a47b9 success
INFO 07-26 21:01:22 server.py:188] Confirm GPU group 107 for meta-llama/Llama-3.2-1B_sllm-condense_0 replica 0ee8e664-5186-4794-a0a2-439a927a47b9 success
INFO 07-26 21:01:22 server.py:188] Confirm GPU group 108 for meta-llama/Llama-3.2-1B_sllm-condense_0 replica 0ee8e664-5186-4794-a0a2-439a927a47b9 success
INFO 07-26 21:01:22 server.py:188] Confirm GPU group 109 for meta-llama/Llama-3.2-1B_sllm-condense_0 replica 0ee8e664-5186-4794-a0a2-439a927a47b9 success
INFO 07-26 21:01:22 server.py:188] Confirm GPU group 110 for meta-llama/Llama-3.2-1B_sllm-condense_0 replica 0ee8e664-5186-4794-a0a2-439a927a47b9 success
INFO 07-26 21:01:22 server.py:188] Confirm GPU group 111 for meta-llama/Llama-3.2-1B_sllm-condense_0 replica 0ee8e664-5186-4794-a0a2-439a927a47b9 success
INFO 07-26 21:01:22 server.py:188] Confirm GPU group 112 for meta-llama/Llama-3.2-1B_sllm-condense_0 replica 0ee8e664-5186-4794-a0a2-439a927a47b9 success
INFO 07-26 21:01:22 server.py:188] Confirm GPU group 113 for meta-llama/Llama-3.2-1B_sllm-condense_0 replica 0ee8e664-5186-4794-a0a2-439a927a47b9 success
INFO 07-26 21:01:22 server.py:188] Confirm GPU group 114 for meta-llama/Llama-3.2-1B_sllm-condense_0 replica 0ee8e664-5186-4794-a0a2-439a927a47b9 success
INFO 07-26 21:01:22 server.py:188] Confirm GPU group 115 for meta-llama/Llama-3.2-1B_sllm-condense_0 replica 0ee8e664-5186-4794-a0a2-439a927a47b9 success
INFO 07-26 21:01:22 server.py:188] Confirm GPU group 116 for meta-llama/Llama-3.2-1B_sllm-condense_0 replica 0ee8e664-5186-4794-a0a2-439a927a47b9 success
INFO 07-26 21:01:22 server.py:188] Confirm GPU group 117 for meta-llama/Llama-3.2-1B_sllm-condense_0 replica 0ee8e664-5186-4794-a0a2-439a927a47b9 success
INFO 07-26 21:01:22 server.py:188] Confirm GPU group 118 for meta-llama/Llama-3.2-1B_sllm-condense_0 replica 0ee8e664-5186-4794-a0a2-439a927a47b9 success
INFO 07-26 21:01:22 server.py:188] Confirm GPU group 119 for meta-llama/Llama-3.2-1B_sllm-condense_0 replica 0ee8e664-5186-4794-a0a2-439a927a47b9 success
INFO 07-26 21:01:22 server.py:188] Confirm GPU group 120 for meta-llama/Llama-3.2-1B_sllm-condense_0 replica 0ee8e664-5186-4794-a0a2-439a927a47b9 success
INFO 07-26 21:01:22 server.py:188] Confirm GPU group 121 for meta-llama/Llama-3.2-1B_sllm-condense_0 replica 0ee8e664-5186-4794-a0a2-439a927a47b9 success
INFO 07-26 21:01:22 server.py:188] Confirm GPU group 122 for meta-llama/Llama-3.2-1B_sllm-condense_0 replica 0ee8e664-5186-4794-a0a2-439a927a47b9 success
INFO 07-26 21:01:22 server.py:188] Confirm GPU group 123 for meta-llama/Llama-3.2-1B_sllm-condense_0 replica 0ee8e664-5186-4794-a0a2-439a927a47b9 success
INFO 07-26 21:01:22 server.py:188] Confirm GPU group 124 for meta-llama/Llama-3.2-1B_sllm-condense_0 replica 0ee8e664-5186-4794-a0a2-439a927a47b9 success
INFO 07-26 21:01:22 server.py:188] Confirm GPU group 125 for meta-llama/Llama-3.2-1B_sllm-condense_0 replica 0ee8e664-5186-4794-a0a2-439a927a47b9 success
INFO 07-26 21:01:22 server.py:188] Confirm GPU group 126 for meta-llama/Llama-3.2-1B_sllm-condense_0 replica 0ee8e664-5186-4794-a0a2-439a927a47b9 success
INFO 07-26 21:01:22 server.py:188] Confirm GPU group 127 for meta-llama/Llama-3.2-1B_sllm-condense_0 replica 0ee8e664-5186-4794-a0a2-439a927a47b9 success
INFO 07-26 21:01:22 server.py:188] Confirm GPU group 128 for meta-llama/Llama-3.2-1B_sllm-condense_0 replica 0ee8e664-5186-4794-a0a2-439a927a47b9 success
INFO 07-26 21:01:22 server.py:188] Confirm GPU group 129 for meta-llama/Llama-3.2-1B_sllm-condense_0 replica 0ee8e664-5186-4794-a0a2-439a927a47b9 success
INFO 07-26 21:01:22 server.py:188] Confirm GPU group 130 for meta-llama/Llama-3.2-1B_sllm-condense_0 replica 0ee8e664-5186-4794-a0a2-439a927a47b9 success
INFO 07-26 21:01:22 server.py:188] Confirm GPU group 131 for meta-llama/Llama-3.2-1B_sllm-condense_0 replica 0ee8e664-5186-4794-a0a2-439a927a47b9 success
INFO 07-26 21:01:22 server.py:188] Confirm GPU group 132 for meta-llama/Llama-3.2-1B_sllm-condense_0 replica 0ee8e664-5186-4794-a0a2-439a927a47b9 success
INFO 07-26 21:01:22 server.py:188] Confirm GPU group 133 for meta-llama/Llama-3.2-1B_sllm-condense_0 replica 0ee8e664-5186-4794-a0a2-439a927a47b9 success
INFO 07-26 21:01:22 server.py:188] Confirm GPU group 134 for meta-llama/Llama-3.2-1B_sllm-condense_0 replica 0ee8e664-5186-4794-a0a2-439a927a47b9 success
INFO 07-26 21:01:22 server.py:188] Confirm GPU group 135 for meta-llama/Llama-3.2-1B_sllm-condense_0 replica 0ee8e664-5186-4794-a0a2-439a927a47b9 success
INFO 07-26 21:01:22 server.py:188] Confirm GPU group 136 for meta-llama/Llama-3.2-1B_sllm-condense_0 replica 0ee8e664-5186-4794-a0a2-439a927a47b9 success
INFO 07-26 21:01:22 server.py:188] Confirm GPU group 137 for meta-llama/Llama-3.2-1B_sllm-condense_0 replica 0ee8e664-5186-4794-a0a2-439a927a47b9 success
INFO 07-26 21:01:22 server.py:188] Confirm GPU group 138 for meta-llama/Llama-3.2-1B_sllm-condense_0 replica 0ee8e664-5186-4794-a0a2-439a927a47b9 success
INFO 07-26 21:01:22 server.py:188] Confirm GPU group 139 for meta-llama/Llama-3.2-1B_sllm-condense_0 replica 0ee8e664-5186-4794-a0a2-439a927a47b9 success
INFO 07-26 21:01:22 server.py:188] Confirm GPU group 140 for meta-llama/Llama-3.2-1B_sllm-condense_0 replica 0ee8e664-5186-4794-a0a2-439a927a47b9 success
INFO 07-26 21:01:22 server.py:188] Confirm GPU group 141 for meta-llama/Llama-3.2-1B_sllm-condense_0 replica 0ee8e664-5186-4794-a0a2-439a927a47b9 success
INFO 07-26 21:01:22 server.py:188] Confirm GPU group 142 for meta-llama/Llama-3.2-1B_sllm-condense_0 replica 0ee8e664-5186-4794-a0a2-439a927a47b9 success
INFO 07-26 21:01:22 server.py:188] Confirm GPU group 143 for meta-llama/Llama-3.2-1B_sllm-condense_0 replica 0ee8e664-5186-4794-a0a2-439a927a47b9 success
INFO 07-26 21:01:22 server.py:188] Confirm GPU group 144 for meta-llama/Llama-3.2-1B_sllm-condense_0 replica 0ee8e664-5186-4794-a0a2-439a927a47b9 success
INFO 07-26 21:01:22 server.py:188] Confirm GPU group 145 for meta-llama/Llama-3.2-1B_sllm-condense_0 replica 0ee8e664-5186-4794-a0a2-439a927a47b9 success
INFO 07-26 21:01:22 server.py:188] Confirm GPU group 146 for meta-llama/Llama-3.2-1B_sllm-condense_0 replica 0ee8e664-5186-4794-a0a2-439a927a47b9 success
INFO 07-26 21:01:22 server.py:138] Confirm model meta-llama/Llama-3.2-1B_sllm-condense_0 replica 0ee8e664-5186-4794-a0a2-439a927a47b9 success
I20260726 21:01:24.751236 2963064 model.cpp:53] Tensor file "/mnt/data1/mechels/sllm_storage/Llama-3.2-1B/meta-llama/Llama-3.2-1B_sllm-condense_3/tensor.data_1" does not exist
I20260726 21:01:24.751335 2963064 checkpoint_store.cpp:106] Model meta-llama/Llama-3.2-1B_sllm-condense_3 is registered
I20260726 21:01:24.751531 2966644 pinned_memory_pool.cpp:78] PinnedMemoryPool Allocate 75 buffers free buffers 1748 total buffers 2048
INFO 07-26 21:01:24 server.py:115] LoadModel: success meta-llama/Llama-3.2-1B_sllm-condense_3 with target 1
I20260726 21:01:24.752002 2966644 model.cpp:120] Loading model meta-llama/Llama-3.2-1B_sllm-condense_3 size 1256274432 to host
I20260726 21:01:24.752035 2966644 model.cpp:134] Loading model meta-llama/Llama-3.2-1B_sllm-condense_3 to host with 4 threads, 75 chunks, 16777216 chunk size, 19 chunks per thread
I20260726 21:01:24.752140 2966645 model.cpp:155] Thread 0 starting from partition 0 offset 0
I20260726 21:01:24.752277 2966646 model.cpp:155] Thread 1 starting from partition 0 offset 318767104
I20260726 21:01:24.752285 2966647 model.cpp:155] Thread 2 starting from partition 0 offset 637534208
I20260726 21:01:24.752354 2966648 model.cpp:155] Thread 3 starting from partition 0 offset 956301312
I20260726 21:01:25.674125 2966677 checkpoint_store.cpp:209] Loading model meta-llama/Llama-3.2-1B_sllm-condense_3
INFO 07-26 21:01:25 server.py:115] LoadModel: success meta-llama/Llama-3.2-1B_sllm-condense_3 with target 2
I20260726 21:01:25.683887 2966677 model.cpp:269] Creating replica 0821c9b3-f871-49da-9c86-faa08f1be22a
I20260726 21:01:25.683913 2966677 model.cpp:273] Creating queue for device 0
I20260726 21:01:25.683929 2966677 model.cpp:285] Created replica 0821c9b3-f871-49da-9c86-faa08f1be22a
I20260726 21:01:25.684008 2966677 model.cpp:296] Dispatcher started for model meta-llama/Llama-3.2-1B_sllm-condense_3
I20260726 21:01:25.684047 2966677 model.cpp:363] Waiting for model meta-llama/Llama-3.2-1B_sllm-condense_3 num tasks 1 state 3
INFO 07-26 21:01:32 server.py:188] Confirm GPU group 0 for meta-llama/Llama-3.2-1B_sllm-condense_3 replica 0821c9b3-f871-49da-9c86-faa08f1be22a success
INFO 07-26 21:01:32 server.py:188] Confirm GPU group 1 for meta-llama/Llama-3.2-1B_sllm-condense_3 replica 0821c9b3-f871-49da-9c86-faa08f1be22a success
INFO 07-26 21:01:32 server.py:188] Confirm GPU group 2 for meta-llama/Llama-3.2-1B_sllm-condense_3 replica 0821c9b3-f871-49da-9c86-faa08f1be22a success
INFO 07-26 21:01:32 server.py:188] Confirm GPU group 3 for meta-llama/Llama-3.2-1B_sllm-condense_3 replica 0821c9b3-f871-49da-9c86-faa08f1be22a success
INFO 07-26 21:01:32 server.py:188] Confirm GPU group 4 for meta-llama/Llama-3.2-1B_sllm-condense_3 replica 0821c9b3-f871-49da-9c86-faa08f1be22a success
INFO 07-26 21:01:33 server.py:188] Confirm GPU group 5 for meta-llama/Llama-3.2-1B_sllm-condense_3 replica 0821c9b3-f871-49da-9c86-faa08f1be22a success
INFO 07-26 21:01:34 server.py:188] Confirm GPU group 6 for meta-llama/Llama-3.2-1B_sllm-condense_3 replica 0821c9b3-f871-49da-9c86-faa08f1be22a success
INFO 07-26 21:01:34 server.py:188] Confirm GPU group 7 for meta-llama/Llama-3.2-1B_sllm-condense_3 replica 0821c9b3-f871-49da-9c86-faa08f1be22a success
INFO 07-26 21:01:34 server.py:188] Confirm GPU group 8 for meta-llama/Llama-3.2-1B_sllm-condense_3 replica 0821c9b3-f871-49da-9c86-faa08f1be22a success
INFO 07-26 21:01:34 server.py:188] Confirm GPU group 9 for meta-llama/Llama-3.2-1B_sllm-condense_3 replica 0821c9b3-f871-49da-9c86-faa08f1be22a success
INFO 07-26 21:01:34 server.py:188] Confirm GPU group 10 for meta-llama/Llama-3.2-1B_sllm-condense_3 replica 0821c9b3-f871-49da-9c86-faa08f1be22a success
INFO 07-26 21:01:34 server.py:188] Confirm GPU group 11 for meta-llama/Llama-3.2-1B_sllm-condense_3 replica 0821c9b3-f871-49da-9c86-faa08f1be22a success
INFO 07-26 21:01:34 server.py:188] Confirm GPU group 12 for meta-llama/Llama-3.2-1B_sllm-condense_3 replica 0821c9b3-f871-49da-9c86-faa08f1be22a success
INFO 07-26 21:01:35 server.py:188] Confirm GPU group 13 for meta-llama/Llama-3.2-1B_sllm-condense_3 replica 0821c9b3-f871-49da-9c86-faa08f1be22a success
INFO 07-26 21:01:35 server.py:188] Confirm GPU group 14 for meta-llama/Llama-3.2-1B_sllm-condense_3 replica 0821c9b3-f871-49da-9c86-faa08f1be22a success
INFO 07-26 21:01:36 server.py:188] Confirm GPU group 15 for meta-llama/Llama-3.2-1B_sllm-condense_3 replica 0821c9b3-f871-49da-9c86-faa08f1be22a success
INFO 07-26 21:01:36 server.py:188] Confirm GPU group 16 for meta-llama/Llama-3.2-1B_sllm-condense_3 replica 0821c9b3-f871-49da-9c86-faa08f1be22a success
INFO 07-26 21:01:36 server.py:188] Confirm GPU group 17 for meta-llama/Llama-3.2-1B_sllm-condense_3 replica 0821c9b3-f871-49da-9c86-faa08f1be22a success
INFO 07-26 21:01:36 server.py:188] Confirm GPU group 18 for meta-llama/Llama-3.2-1B_sllm-condense_3 replica 0821c9b3-f871-49da-9c86-faa08f1be22a success
INFO 07-26 21:01:36 server.py:188] Confirm GPU group 19 for meta-llama/Llama-3.2-1B_sllm-condense_3 replica 0821c9b3-f871-49da-9c86-faa08f1be22a success
INFO 07-26 21:01:36 server.py:188] Confirm GPU group 20 for meta-llama/Llama-3.2-1B_sllm-condense_3 replica 0821c9b3-f871-49da-9c86-faa08f1be22a success
INFO 07-26 21:01:36 server.py:188] Confirm GPU group 21 for meta-llama/Llama-3.2-1B_sllm-condense_3 replica 0821c9b3-f871-49da-9c86-faa08f1be22a success
INFO 07-26 21:01:36 server.py:188] Confirm GPU group 22 for meta-llama/Llama-3.2-1B_sllm-condense_3 replica 0821c9b3-f871-49da-9c86-faa08f1be22a success
INFO 07-26 21:01:36 server.py:188] Confirm GPU group 23 for meta-llama/Llama-3.2-1B_sllm-condense_3 replica 0821c9b3-f871-49da-9c86-faa08f1be22a success
INFO 07-26 21:01:36 server.py:188] Confirm GPU group 24 for meta-llama/Llama-3.2-1B_sllm-condense_3 replica 0821c9b3-f871-49da-9c86-faa08f1be22a success
INFO 07-26 21:01:36 server.py:188] Confirm GPU group 25 for meta-llama/Llama-3.2-1B_sllm-condense_3 replica 0821c9b3-f871-49da-9c86-faa08f1be22a success
INFO 07-26 21:01:36 server.py:188] Confirm GPU group 26 for meta-llama/Llama-3.2-1B_sllm-condense_3 replica 0821c9b3-f871-49da-9c86-faa08f1be22a success
INFO 07-26 21:01:36 server.py:188] Confirm GPU group 27 for meta-llama/Llama-3.2-1B_sllm-condense_3 replica 0821c9b3-f871-49da-9c86-faa08f1be22a success
INFO 07-26 21:01:36 server.py:188] Confirm GPU group 28 for meta-llama/Llama-3.2-1B_sllm-condense_3 replica 0821c9b3-f871-49da-9c86-faa08f1be22a success
INFO 07-26 21:01:36 server.py:188] Confirm GPU group 29 for meta-llama/Llama-3.2-1B_sllm-condense_3 replica 0821c9b3-f871-49da-9c86-faa08f1be22a success
INFO 07-26 21:01:36 server.py:188] Confirm GPU group 30 for meta-llama/Llama-3.2-1B_sllm-condense_3 replica 0821c9b3-f871-49da-9c86-faa08f1be22a success
INFO 07-26 21:01:36 server.py:188] Confirm GPU group 31 for meta-llama/Llama-3.2-1B_sllm-condense_3 replica 0821c9b3-f871-49da-9c86-faa08f1be22a success
INFO 07-26 21:01:36 server.py:188] Confirm GPU group 32 for meta-llama/Llama-3.2-1B_sllm-condense_3 replica 0821c9b3-f871-49da-9c86-faa08f1be22a success
INFO 07-26 21:01:36 server.py:188] Confirm GPU group 33 for meta-llama/Llama-3.2-1B_sllm-condense_3 replica 0821c9b3-f871-49da-9c86-faa08f1be22a success
INFO 07-26 21:01:36 server.py:188] Confirm GPU group 34 for meta-llama/Llama-3.2-1B_sllm-condense_3 replica 0821c9b3-f871-49da-9c86-faa08f1be22a success
INFO 07-26 21:01:36 server.py:188] Confirm GPU group 35 for meta-llama/Llama-3.2-1B_sllm-condense_3 replica 0821c9b3-f871-49da-9c86-faa08f1be22a success
INFO 07-26 21:01:36 server.py:188] Confirm GPU group 36 for meta-llama/Llama-3.2-1B_sllm-condense_3 replica 0821c9b3-f871-49da-9c86-faa08f1be22a success
INFO 07-26 21:01:36 server.py:188] Confirm GPU group 37 for meta-llama/Llama-3.2-1B_sllm-condense_3 replica 0821c9b3-f871-49da-9c86-faa08f1be22a success
INFO 07-26 21:01:36 server.py:188] Confirm GPU group 38 for meta-llama/Llama-3.2-1B_sllm-condense_3 replica 0821c9b3-f871-49da-9c86-faa08f1be22a success
INFO 07-26 21:01:36 server.py:188] Confirm GPU group 39 for meta-llama/Llama-3.2-1B_sllm-condense_3 replica 0821c9b3-f871-49da-9c86-faa08f1be22a success
INFO 07-26 21:01:36 server.py:188] Confirm GPU group 40 for meta-llama/Llama-3.2-1B_sllm-condense_3 replica 0821c9b3-f871-49da-9c86-faa08f1be22a success
INFO 07-26 21:01:36 server.py:188] Confirm GPU group 41 for meta-llama/Llama-3.2-1B_sllm-condense_3 replica 0821c9b3-f871-49da-9c86-faa08f1be22a success
INFO 07-26 21:01:36 server.py:188] Confirm GPU group 42 for meta-llama/Llama-3.2-1B_sllm-condense_3 replica 0821c9b3-f871-49da-9c86-faa08f1be22a success
INFO 07-26 21:01:36 server.py:188] Confirm GPU group 43 for meta-llama/Llama-3.2-1B_sllm-condense_3 replica 0821c9b3-f871-49da-9c86-faa08f1be22a success
INFO 07-26 21:01:36 server.py:188] Confirm GPU group 44 for meta-llama/Llama-3.2-1B_sllm-condense_3 replica 0821c9b3-f871-49da-9c86-faa08f1be22a success
INFO 07-26 21:01:36 server.py:188] Confirm GPU group 45 for meta-llama/Llama-3.2-1B_sllm-condense_3 replica 0821c9b3-f871-49da-9c86-faa08f1be22a success
INFO 07-26 21:01:36 server.py:188] Confirm GPU group 46 for meta-llama/Llama-3.2-1B_sllm-condense_3 replica 0821c9b3-f871-49da-9c86-faa08f1be22a success
INFO 07-26 21:01:36 server.py:188] Confirm GPU group 47 for meta-llama/Llama-3.2-1B_sllm-condense_3 replica 0821c9b3-f871-49da-9c86-faa08f1be22a success
INFO 07-26 21:01:36 server.py:188] Confirm GPU group 48 for meta-llama/Llama-3.2-1B_sllm-condense_3 replica 0821c9b3-f871-49da-9c86-faa08f1be22a success
INFO 07-26 21:01:36 server.py:188] Confirm GPU group 49 for meta-llama/Llama-3.2-1B_sllm-condense_3 replica 0821c9b3-f871-49da-9c86-faa08f1be22a success
INFO 07-26 21:01:36 server.py:188] Confirm GPU group 50 for meta-llama/Llama-3.2-1B_sllm-condense_3 replica 0821c9b3-f871-49da-9c86-faa08f1be22a success
INFO 07-26 21:01:36 server.py:188] Confirm GPU group 51 for meta-llama/Llama-3.2-1B_sllm-condense_3 replica 0821c9b3-f871-49da-9c86-faa08f1be22a success
INFO 07-26 21:01:36 server.py:188] Confirm GPU group 52 for meta-llama/Llama-3.2-1B_sllm-condense_3 replica 0821c9b3-f871-49da-9c86-faa08f1be22a success
INFO 07-26 21:01:36 server.py:188] Confirm GPU group 53 for meta-llama/Llama-3.2-1B_sllm-condense_3 replica 0821c9b3-f871-49da-9c86-faa08f1be22a success
INFO 07-26 21:01:36 server.py:188] Confirm GPU group 54 for meta-llama/Llama-3.2-1B_sllm-condense_3 replica 0821c9b3-f871-49da-9c86-faa08f1be22a success
INFO 07-26 21:01:36 server.py:188] Confirm GPU group 55 for meta-llama/Llama-3.2-1B_sllm-condense_3 replica 0821c9b3-f871-49da-9c86-faa08f1be22a success
INFO 07-26 21:01:36 server.py:188] Confirm GPU group 56 for meta-llama/Llama-3.2-1B_sllm-condense_3 replica 0821c9b3-f871-49da-9c86-faa08f1be22a success
INFO 07-26 21:01:36 server.py:188] Confirm GPU group 57 for meta-llama/Llama-3.2-1B_sllm-condense_3 replica 0821c9b3-f871-49da-9c86-faa08f1be22a success
INFO 07-26 21:01:36 server.py:188] Confirm GPU group 58 for meta-llama/Llama-3.2-1B_sllm-condense_3 replica 0821c9b3-f871-49da-9c86-faa08f1be22a success
INFO 07-26 21:01:36 server.py:188] Confirm GPU group 59 for meta-llama/Llama-3.2-1B_sllm-condense_3 replica 0821c9b3-f871-49da-9c86-faa08f1be22a success
INFO 07-26 21:01:36 server.py:188] Confirm GPU group 60 for meta-llama/Llama-3.2-1B_sllm-condense_3 replica 0821c9b3-f871-49da-9c86-faa08f1be22a success
INFO 07-26 21:01:36 server.py:188] Confirm GPU group 61 for meta-llama/Llama-3.2-1B_sllm-condense_3 replica 0821c9b3-f871-49da-9c86-faa08f1be22a success
INFO 07-26 21:01:36 server.py:188] Confirm GPU group 62 for meta-llama/Llama-3.2-1B_sllm-condense_3 replica 0821c9b3-f871-49da-9c86-faa08f1be22a success
INFO 07-26 21:01:36 server.py:188] Confirm GPU group 63 for meta-llama/Llama-3.2-1B_sllm-condense_3 replica 0821c9b3-f871-49da-9c86-faa08f1be22a success
INFO 07-26 21:01:36 server.py:188] Confirm GPU group 64 for meta-llama/Llama-3.2-1B_sllm-condense_3 replica 0821c9b3-f871-49da-9c86-faa08f1be22a success
INFO 07-26 21:01:36 server.py:188] Confirm GPU group 65 for meta-llama/Llama-3.2-1B_sllm-condense_3 replica 0821c9b3-f871-49da-9c86-faa08f1be22a success
INFO 07-26 21:01:36 server.py:188] Confirm GPU group 66 for meta-llama/Llama-3.2-1B_sllm-condense_3 replica 0821c9b3-f871-49da-9c86-faa08f1be22a success
INFO 07-26 21:01:36 server.py:188] Confirm GPU group 67 for meta-llama/Llama-3.2-1B_sllm-condense_3 replica 0821c9b3-f871-49da-9c86-faa08f1be22a success
INFO 07-26 21:01:36 server.py:188] Confirm GPU group 68 for meta-llama/Llama-3.2-1B_sllm-condense_3 replica 0821c9b3-f871-49da-9c86-faa08f1be22a success
INFO 07-26 21:01:36 server.py:188] Confirm GPU group 69 for meta-llama/Llama-3.2-1B_sllm-condense_3 replica 0821c9b3-f871-49da-9c86-faa08f1be22a success
INFO 07-26 21:01:37 server.py:188] Confirm GPU group 70 for meta-llama/Llama-3.2-1B_sllm-condense_3 replica 0821c9b3-f871-49da-9c86-faa08f1be22a success
I20260726 21:01:37.050706 2966644 model.cpp:250] Finished loading model meta-llama/Llama-3.2-1B_sllm-condense_3 from disk
I20260726 21:01:37.050915 2966679 model.cpp:356] Finished loading tensor from memory to device 0
INFO 07-26 21:01:37 server.py:188] Confirm GPU group 71 for meta-llama/Llama-3.2-1B_sllm-condense_3 replica 0821c9b3-f871-49da-9c86-faa08f1be22a success
INFO 07-26 21:01:37 server.py:188] Confirm GPU group 72 for meta-llama/Llama-3.2-1B_sllm-condense_3 replica 0821c9b3-f871-49da-9c86-faa08f1be22a success
INFO 07-26 21:01:37 server.py:188] Confirm GPU group 73 for meta-llama/Llama-3.2-1B_sllm-condense_3 replica 0821c9b3-f871-49da-9c86-faa08f1be22a success
INFO 07-26 21:01:37 server.py:188] Confirm GPU group 74 for meta-llama/Llama-3.2-1B_sllm-condense_3 replica 0821c9b3-f871-49da-9c86-faa08f1be22a success
INFO 07-26 21:01:37 server.py:188] Confirm GPU group 75 for meta-llama/Llama-3.2-1B_sllm-condense_3 replica 0821c9b3-f871-49da-9c86-faa08f1be22a success
INFO 07-26 21:01:37 server.py:188] Confirm GPU group 76 for meta-llama/Llama-3.2-1B_sllm-condense_3 replica 0821c9b3-f871-49da-9c86-faa08f1be22a success
INFO 07-26 21:01:37 server.py:188] Confirm GPU group 77 for meta-llama/Llama-3.2-1B_sllm-condense_3 replica 0821c9b3-f871-49da-9c86-faa08f1be22a success
INFO 07-26 21:01:37 server.py:188] Confirm GPU group 78 for meta-llama/Llama-3.2-1B_sllm-condense_3 replica 0821c9b3-f871-49da-9c86-faa08f1be22a success
INFO 07-26 21:01:37 server.py:188] Confirm GPU group 79 for meta-llama/Llama-3.2-1B_sllm-condense_3 replica 0821c9b3-f871-49da-9c86-faa08f1be22a success
INFO 07-26 21:01:37 server.py:188] Confirm GPU group 80 for meta-llama/Llama-3.2-1B_sllm-condense_3 replica 0821c9b3-f871-49da-9c86-faa08f1be22a success
INFO 07-26 21:01:37 server.py:188] Confirm GPU group 81 for meta-llama/Llama-3.2-1B_sllm-condense_3 replica 0821c9b3-f871-49da-9c86-faa08f1be22a success
INFO 07-26 21:01:37 server.py:188] Confirm GPU group 82 for meta-llama/Llama-3.2-1B_sllm-condense_3 replica 0821c9b3-f871-49da-9c86-faa08f1be22a success
INFO 07-26 21:01:37 server.py:188] Confirm GPU group 83 for meta-llama/Llama-3.2-1B_sllm-condense_3 replica 0821c9b3-f871-49da-9c86-faa08f1be22a success
INFO 07-26 21:01:37 server.py:188] Confirm GPU group 84 for meta-llama/Llama-3.2-1B_sllm-condense_3 replica 0821c9b3-f871-49da-9c86-faa08f1be22a success
INFO 07-26 21:01:37 server.py:188] Confirm GPU group 85 for meta-llama/Llama-3.2-1B_sllm-condense_3 replica 0821c9b3-f871-49da-9c86-faa08f1be22a success
INFO 07-26 21:01:37 server.py:188] Confirm GPU group 86 for meta-llama/Llama-3.2-1B_sllm-condense_3 replica 0821c9b3-f871-49da-9c86-faa08f1be22a success
INFO 07-26 21:01:37 server.py:188] Confirm GPU group 87 for meta-llama/Llama-3.2-1B_sllm-condense_3 replica 0821c9b3-f871-49da-9c86-faa08f1be22a success
INFO 07-26 21:01:37 server.py:188] Confirm GPU group 88 for meta-llama/Llama-3.2-1B_sllm-condense_3 replica 0821c9b3-f871-49da-9c86-faa08f1be22a success
INFO 07-26 21:01:37 server.py:188] Confirm GPU group 89 for meta-llama/Llama-3.2-1B_sllm-condense_3 replica 0821c9b3-f871-49da-9c86-faa08f1be22a success
INFO 07-26 21:01:37 server.py:188] Confirm GPU group 90 for meta-llama/Llama-3.2-1B_sllm-condense_3 replica 0821c9b3-f871-49da-9c86-faa08f1be22a success
INFO 07-26 21:01:37 server.py:188] Confirm GPU group 91 for meta-llama/Llama-3.2-1B_sllm-condense_3 replica 0821c9b3-f871-49da-9c86-faa08f1be22a success
INFO 07-26 21:01:37 server.py:188] Confirm GPU group 92 for meta-llama/Llama-3.2-1B_sllm-condense_3 replica 0821c9b3-f871-49da-9c86-faa08f1be22a success
INFO 07-26 21:01:37 server.py:188] Confirm GPU group 93 for meta-llama/Llama-3.2-1B_sllm-condense_3 replica 0821c9b3-f871-49da-9c86-faa08f1be22a success
INFO 07-26 21:01:37 server.py:188] Confirm GPU group 94 for meta-llama/Llama-3.2-1B_sllm-condense_3 replica 0821c9b3-f871-49da-9c86-faa08f1be22a success
INFO 07-26 21:01:37 server.py:188] Confirm GPU group 95 for meta-llama/Llama-3.2-1B_sllm-condense_3 replica 0821c9b3-f871-49da-9c86-faa08f1be22a success
INFO 07-26 21:01:37 server.py:188] Confirm GPU group 96 for meta-llama/Llama-3.2-1B_sllm-condense_3 replica 0821c9b3-f871-49da-9c86-faa08f1be22a success
INFO 07-26 21:01:37 server.py:188] Confirm GPU group 97 for meta-llama/Llama-3.2-1B_sllm-condense_3 replica 0821c9b3-f871-49da-9c86-faa08f1be22a success
INFO 07-26 21:01:37 server.py:188] Confirm GPU group 98 for meta-llama/Llama-3.2-1B_sllm-condense_3 replica 0821c9b3-f871-49da-9c86-faa08f1be22a success
INFO 07-26 21:01:37 server.py:188] Confirm GPU group 99 for meta-llama/Llama-3.2-1B_sllm-condense_3 replica 0821c9b3-f871-49da-9c86-faa08f1be22a success
INFO 07-26 21:01:37 server.py:188] Confirm GPU group 100 for meta-llama/Llama-3.2-1B_sllm-condense_3 replica 0821c9b3-f871-49da-9c86-faa08f1be22a success
INFO 07-26 21:01:37 server.py:188] Confirm GPU group 101 for meta-llama/Llama-3.2-1B_sllm-condense_3 replica 0821c9b3-f871-49da-9c86-faa08f1be22a success
INFO 07-26 21:01:37 server.py:188] Confirm GPU group 102 for meta-llama/Llama-3.2-1B_sllm-condense_3 replica 0821c9b3-f871-49da-9c86-faa08f1be22a success
INFO 07-26 21:01:37 server.py:188] Confirm GPU group 103 for meta-llama/Llama-3.2-1B_sllm-condense_3 replica 0821c9b3-f871-49da-9c86-faa08f1be22a success
INFO 07-26 21:01:37 server.py:188] Confirm GPU group 104 for meta-llama/Llama-3.2-1B_sllm-condense_3 replica 0821c9b3-f871-49da-9c86-faa08f1be22a success
INFO 07-26 21:01:37 server.py:188] Confirm GPU group 105 for meta-llama/Llama-3.2-1B_sllm-condense_3 replica 0821c9b3-f871-49da-9c86-faa08f1be22a success
INFO 07-26 21:01:37 server.py:188] Confirm GPU group 106 for meta-llama/Llama-3.2-1B_sllm-condense_3 replica 0821c9b3-f871-49da-9c86-faa08f1be22a success
INFO 07-26 21:01:37 server.py:188] Confirm GPU group 107 for meta-llama/Llama-3.2-1B_sllm-condense_3 replica 0821c9b3-f871-49da-9c86-faa08f1be22a success
INFO 07-26 21:01:37 server.py:188] Confirm GPU group 108 for meta-llama/Llama-3.2-1B_sllm-condense_3 replica 0821c9b3-f871-49da-9c86-faa08f1be22a success
INFO 07-26 21:01:37 server.py:188] Confirm GPU group 109 for meta-llama/Llama-3.2-1B_sllm-condense_3 replica 0821c9b3-f871-49da-9c86-faa08f1be22a success
INFO 07-26 21:01:37 server.py:188] Confirm GPU group 110 for meta-llama/Llama-3.2-1B_sllm-condense_3 replica 0821c9b3-f871-49da-9c86-faa08f1be22a success
INFO 07-26 21:01:37 server.py:188] Confirm GPU group 111 for meta-llama/Llama-3.2-1B_sllm-condense_3 replica 0821c9b3-f871-49da-9c86-faa08f1be22a success
INFO 07-26 21:01:37 server.py:188] Confirm GPU group 112 for meta-llama/Llama-3.2-1B_sllm-condense_3 replica 0821c9b3-f871-49da-9c86-faa08f1be22a success
INFO 07-26 21:01:37 server.py:188] Confirm GPU group 113 for meta-llama/Llama-3.2-1B_sllm-condense_3 replica 0821c9b3-f871-49da-9c86-faa08f1be22a success
INFO 07-26 21:01:37 server.py:188] Confirm GPU group 114 for meta-llama/Llama-3.2-1B_sllm-condense_3 replica 0821c9b3-f871-49da-9c86-faa08f1be22a success
INFO 07-26 21:01:37 server.py:188] Confirm GPU group 115 for meta-llama/Llama-3.2-1B_sllm-condense_3 replica 0821c9b3-f871-49da-9c86-faa08f1be22a success
INFO 07-26 21:01:37 server.py:188] Confirm GPU group 116 for meta-llama/Llama-3.2-1B_sllm-condense_3 replica 0821c9b3-f871-49da-9c86-faa08f1be22a success
INFO 07-26 21:01:37 server.py:188] Confirm GPU group 117 for meta-llama/Llama-3.2-1B_sllm-condense_3 replica 0821c9b3-f871-49da-9c86-faa08f1be22a success
INFO 07-26 21:01:37 server.py:188] Confirm GPU group 118 for meta-llama/Llama-3.2-1B_sllm-condense_3 replica 0821c9b3-f871-49da-9c86-faa08f1be22a success
INFO 07-26 21:01:37 server.py:188] Confirm GPU group 119 for meta-llama/Llama-3.2-1B_sllm-condense_3 replica 0821c9b3-f871-49da-9c86-faa08f1be22a success
INFO 07-26 21:01:37 server.py:188] Confirm GPU group 120 for meta-llama/Llama-3.2-1B_sllm-condense_3 replica 0821c9b3-f871-49da-9c86-faa08f1be22a success
INFO 07-26 21:01:37 server.py:188] Confirm GPU group 121 for meta-llama/Llama-3.2-1B_sllm-condense_3 replica 0821c9b3-f871-49da-9c86-faa08f1be22a success
INFO 07-26 21:01:37 server.py:188] Confirm GPU group 122 for meta-llama/Llama-3.2-1B_sllm-condense_3 replica 0821c9b3-f871-49da-9c86-faa08f1be22a success
INFO 07-26 21:01:37 server.py:188] Confirm GPU group 123 for meta-llama/Llama-3.2-1B_sllm-condense_3 replica 0821c9b3-f871-49da-9c86-faa08f1be22a success
INFO 07-26 21:01:37 server.py:188] Confirm GPU group 124 for meta-llama/Llama-3.2-1B_sllm-condense_3 replica 0821c9b3-f871-49da-9c86-faa08f1be22a success
INFO 07-26 21:01:37 server.py:188] Confirm GPU group 125 for meta-llama/Llama-3.2-1B_sllm-condense_3 replica 0821c9b3-f871-49da-9c86-faa08f1be22a success
INFO 07-26 21:01:37 server.py:188] Confirm GPU group 126 for meta-llama/Llama-3.2-1B_sllm-condense_3 replica 0821c9b3-f871-49da-9c86-faa08f1be22a success
INFO 07-26 21:01:37 server.py:188] Confirm GPU group 127 for meta-llama/Llama-3.2-1B_sllm-condense_3 replica 0821c9b3-f871-49da-9c86-faa08f1be22a success
INFO 07-26 21:01:37 server.py:188] Confirm GPU group 128 for meta-llama/Llama-3.2-1B_sllm-condense_3 replica 0821c9b3-f871-49da-9c86-faa08f1be22a success
INFO 07-26 21:01:37 server.py:188] Confirm GPU group 129 for meta-llama/Llama-3.2-1B_sllm-condense_3 replica 0821c9b3-f871-49da-9c86-faa08f1be22a success
INFO 07-26 21:01:37 server.py:188] Confirm GPU group 130 for meta-llama/Llama-3.2-1B_sllm-condense_3 replica 0821c9b3-f871-49da-9c86-faa08f1be22a success
INFO 07-26 21:01:37 server.py:188] Confirm GPU group 131 for meta-llama/Llama-3.2-1B_sllm-condense_3 replica 0821c9b3-f871-49da-9c86-faa08f1be22a success
INFO 07-26 21:01:37 server.py:188] Confirm GPU group 132 for meta-llama/Llama-3.2-1B_sllm-condense_3 replica 0821c9b3-f871-49da-9c86-faa08f1be22a success
INFO 07-26 21:01:37 server.py:188] Confirm GPU group 133 for meta-llama/Llama-3.2-1B_sllm-condense_3 replica 0821c9b3-f871-49da-9c86-faa08f1be22a success
INFO 07-26 21:01:37 server.py:188] Confirm GPU group 134 for meta-llama/Llama-3.2-1B_sllm-condense_3 replica 0821c9b3-f871-49da-9c86-faa08f1be22a success
INFO 07-26 21:01:37 server.py:188] Confirm GPU group 135 for meta-llama/Llama-3.2-1B_sllm-condense_3 replica 0821c9b3-f871-49da-9c86-faa08f1be22a success
INFO 07-26 21:01:37 server.py:188] Confirm GPU group 136 for meta-llama/Llama-3.2-1B_sllm-condense_3 replica 0821c9b3-f871-49da-9c86-faa08f1be22a success
INFO 07-26 21:01:37 server.py:188] Confirm GPU group 137 for meta-llama/Llama-3.2-1B_sllm-condense_3 replica 0821c9b3-f871-49da-9c86-faa08f1be22a success
INFO 07-26 21:01:37 server.py:188] Confirm GPU group 138 for meta-llama/Llama-3.2-1B_sllm-condense_3 replica 0821c9b3-f871-49da-9c86-faa08f1be22a success
INFO 07-26 21:01:37 server.py:188] Confirm GPU group 139 for meta-llama/Llama-3.2-1B_sllm-condense_3 replica 0821c9b3-f871-49da-9c86-faa08f1be22a success
INFO 07-26 21:01:37 server.py:188] Confirm GPU group 140 for meta-llama/Llama-3.2-1B_sllm-condense_3 replica 0821c9b3-f871-49da-9c86-faa08f1be22a success
INFO 07-26 21:01:37 server.py:188] Confirm GPU group 141 for meta-llama/Llama-3.2-1B_sllm-condense_3 replica 0821c9b3-f871-49da-9c86-faa08f1be22a success
INFO 07-26 21:01:37 server.py:188] Confirm GPU group 142 for meta-llama/Llama-3.2-1B_sllm-condense_3 replica 0821c9b3-f871-49da-9c86-faa08f1be22a success
INFO 07-26 21:01:37 server.py:188] Confirm GPU group 143 for meta-llama/Llama-3.2-1B_sllm-condense_3 replica 0821c9b3-f871-49da-9c86-faa08f1be22a success
INFO 07-26 21:01:37 server.py:188] Confirm GPU group 144 for meta-llama/Llama-3.2-1B_sllm-condense_3 replica 0821c9b3-f871-49da-9c86-faa08f1be22a success
INFO 07-26 21:01:37 server.py:188] Confirm GPU group 145 for meta-llama/Llama-3.2-1B_sllm-condense_3 replica 0821c9b3-f871-49da-9c86-faa08f1be22a success
INFO 07-26 21:01:37 server.py:188] Confirm GPU group 146 for meta-llama/Llama-3.2-1B_sllm-condense_3 replica 0821c9b3-f871-49da-9c86-faa08f1be22a success
INFO 07-26 21:01:37 server.py:138] Confirm model meta-llama/Llama-3.2-1B_sllm-condense_3 replica 0821c9b3-f871-49da-9c86-faa08f1be22a success
