INFO 07-27 09:14:55 cli.py:211] Starting gRPC server
INFO 07-27 09:14:55 server.py:40] StorageServicer: storage_path=/mnt/data1/mechels/sllm_storage/Llama-3-8B/, mem_pool_size=34359738368, num_thread=4, chunk_size=16777216, registration_required=False
WARNING: Logging before InitGoogleLogging() is written to STDERR
I20260727 09:14:56.193137 2091727 checkpoint_store.cpp:41] Number of GPUs: 1
I20260727 09:14:56.193219 2091727 checkpoint_store.cpp:43] I/O threads: 4, chunk size: 16MB
I20260727 09:14:56.193230 2091727 checkpoint_store.cpp:45] Storage path: "/mnt/data1/mechels/sllm_storage/Llama-3-8B/"
I20260727 09:14:56.370254 2091727 checkpoint_store.cpp:71] GPU 0 UUID: e00f9c39-26cb-e49a-5563-c9ff59f4e47f
I20260727 09:14:56.370348 2091727 pinned_memory_pool.cpp:29] Creating PinnedMemoryPool with 2048 buffers of 16777216 bytes
I20260727 09:15:15.308300 2091727 checkpoint_store.cpp:83] Memory pool created with 32GB
INFO 07-27 09:15:15 server.py:288] Starting gRPC server on 0.0.0.0:8073
I20260727 09:15:27.023497 2091727 model.cpp:53] Tensor file "/mnt/data1/mechels/sllm_storage/Llama-3-8B/meta-llama/Meta-Llama-3-8B_sllm-condense_1/tensor.data_1" does not exist
I20260727 09:15:27.023571 2091727 checkpoint_store.cpp:106] Model meta-llama/Meta-Llama-3-8B_sllm-condense_1 is registered
I20260727 09:15:27.023777 2096584 pinned_memory_pool.cpp:78] PinnedMemoryPool Allocate 423 buffers free buffers 1625 total buffers 2048
INFO 07-27 09:15:27 server.py:115] LoadModel: success meta-llama/Meta-Llama-3-8B_sllm-condense_1 with target 1
I20260727 09:15:27.024045 2096584 model.cpp:120] Loading model meta-llama/Meta-Llama-3-8B_sllm-condense_1 size 7080803840 to host
I20260727 09:15:27.024065 2096584 model.cpp:134] Loading model meta-llama/Meta-Llama-3-8B_sllm-condense_1 to host with 4 threads, 423 chunks, 16777216 chunk size, 106 chunks per thread
I20260727 09:15:27.024207 2096586 model.cpp:155] Thread 1 starting from partition 0 offset 1778384896
I20260727 09:15:27.024287 2096585 model.cpp:155] Thread 0 starting from partition 0 offset 0
I20260727 09:15:27.024354 2096587 model.cpp:155] Thread 2 starting from partition 0 offset 3556769792
I20260727 09:15:27.024367 2096588 model.cpp:155] Thread 3 starting from partition 0 offset 5335154688
I20260727 09:15:28.569020 2096621 checkpoint_store.cpp:209] Loading model meta-llama/Meta-Llama-3-8B_sllm-condense_1
INFO 07-27 09:15:28 server.py:115] LoadModel: success meta-llama/Meta-Llama-3-8B_sllm-condense_1 with target 2
I20260727 09:15:28.674307 2096621 model.cpp:269] Creating replica d980d941-2615-4d26-a42b-954603b3a71a
I20260727 09:15:28.678946 2096621 model.cpp:273] Creating queue for device 0
I20260727 09:15:28.679005 2096621 model.cpp:285] Created replica d980d941-2615-4d26-a42b-954603b3a71a
I20260727 09:15:28.679138 2096621 model.cpp:296] Dispatcher started for model meta-llama/Meta-Llama-3-8B_sllm-condense_1
I20260727 09:15:28.679224 2096621 model.cpp:363] Waiting for model meta-llama/Meta-Llama-3-8B_sllm-condense_1 num tasks 1 state 3
INFO 07-27 09:15:45 server.py:188] Confirm GPU group 0 for meta-llama/Meta-Llama-3-8B_sllm-condense_1 replica d980d941-2615-4d26-a42b-954603b3a71a success
INFO 07-27 09:15:45 server.py:188] Confirm GPU group 1 for meta-llama/Meta-Llama-3-8B_sllm-condense_1 replica d980d941-2615-4d26-a42b-954603b3a71a success
INFO 07-27 09:15:46 server.py:188] Confirm GPU group 2 for meta-llama/Meta-Llama-3-8B_sllm-condense_1 replica d980d941-2615-4d26-a42b-954603b3a71a success
INFO 07-27 09:15:46 server.py:188] Confirm GPU group 3 for meta-llama/Meta-Llama-3-8B_sllm-condense_1 replica d980d941-2615-4d26-a42b-954603b3a71a success
INFO 07-27 09:15:46 server.py:188] Confirm GPU group 4 for meta-llama/Meta-Llama-3-8B_sllm-condense_1 replica d980d941-2615-4d26-a42b-954603b3a71a success
INFO 07-27 09:15:49 server.py:188] Confirm GPU group 5 for meta-llama/Meta-Llama-3-8B_sllm-condense_1 replica d980d941-2615-4d26-a42b-954603b3a71a success
INFO 07-27 09:15:51 server.py:188] Confirm GPU group 6 for meta-llama/Meta-Llama-3-8B_sllm-condense_1 replica d980d941-2615-4d26-a42b-954603b3a71a success
INFO 07-27 09:15:53 server.py:188] Confirm GPU group 7 for meta-llama/Meta-Llama-3-8B_sllm-condense_1 replica d980d941-2615-4d26-a42b-954603b3a71a success
INFO 07-27 09:15:53 server.py:188] Confirm GPU group 8 for meta-llama/Meta-Llama-3-8B_sllm-condense_1 replica d980d941-2615-4d26-a42b-954603b3a71a success
INFO 07-27 09:15:53 server.py:188] Confirm GPU group 9 for meta-llama/Meta-Llama-3-8B_sllm-condense_1 replica d980d941-2615-4d26-a42b-954603b3a71a success
INFO 07-27 09:15:54 server.py:188] Confirm GPU group 10 for meta-llama/Meta-Llama-3-8B_sllm-condense_1 replica d980d941-2615-4d26-a42b-954603b3a71a success
INFO 07-27 09:15:54 server.py:188] Confirm GPU group 11 for meta-llama/Meta-Llama-3-8B_sllm-condense_1 replica d980d941-2615-4d26-a42b-954603b3a71a success
INFO 07-27 09:15:55 server.py:188] Confirm GPU group 12 for meta-llama/Meta-Llama-3-8B_sllm-condense_1 replica d980d941-2615-4d26-a42b-954603b3a71a success
INFO 07-27 09:15:55 server.py:188] Confirm GPU group 13 for meta-llama/Meta-Llama-3-8B_sllm-condense_1 replica d980d941-2615-4d26-a42b-954603b3a71a success
INFO 07-27 09:15:58 server.py:188] Confirm GPU group 14 for meta-llama/Meta-Llama-3-8B_sllm-condense_1 replica d980d941-2615-4d26-a42b-954603b3a71a success
INFO 07-27 09:16:00 server.py:188] Confirm GPU group 15 for meta-llama/Meta-Llama-3-8B_sllm-condense_1 replica d980d941-2615-4d26-a42b-954603b3a71a success
INFO 07-27 09:16:02 server.py:188] Confirm GPU group 16 for meta-llama/Meta-Llama-3-8B_sllm-condense_1 replica d980d941-2615-4d26-a42b-954603b3a71a success
INFO 07-27 09:16:02 server.py:188] Confirm GPU group 17 for meta-llama/Meta-Llama-3-8B_sllm-condense_1 replica d980d941-2615-4d26-a42b-954603b3a71a success
INFO 07-27 09:16:02 server.py:188] Confirm GPU group 18 for meta-llama/Meta-Llama-3-8B_sllm-condense_1 replica d980d941-2615-4d26-a42b-954603b3a71a success
INFO 07-27 09:16:03 server.py:188] Confirm GPU group 19 for meta-llama/Meta-Llama-3-8B_sllm-condense_1 replica d980d941-2615-4d26-a42b-954603b3a71a success
INFO 07-27 09:16:03 server.py:188] Confirm GPU group 20 for meta-llama/Meta-Llama-3-8B_sllm-condense_1 replica d980d941-2615-4d26-a42b-954603b3a71a success
INFO 07-27 09:16:03 server.py:188] Confirm GPU group 21 for meta-llama/Meta-Llama-3-8B_sllm-condense_1 replica d980d941-2615-4d26-a42b-954603b3a71a success
INFO 07-27 09:16:03 server.py:188] Confirm GPU group 22 for meta-llama/Meta-Llama-3-8B_sllm-condense_1 replica d980d941-2615-4d26-a42b-954603b3a71a success
INFO 07-27 09:16:07 server.py:188] Confirm GPU group 23 for meta-llama/Meta-Llama-3-8B_sllm-condense_1 replica d980d941-2615-4d26-a42b-954603b3a71a success
INFO 07-27 09:16:08 server.py:188] Confirm GPU group 24 for meta-llama/Meta-Llama-3-8B_sllm-condense_1 replica d980d941-2615-4d26-a42b-954603b3a71a success
INFO 07-27 09:16:11 server.py:188] Confirm GPU group 25 for meta-llama/Meta-Llama-3-8B_sllm-condense_1 replica d980d941-2615-4d26-a42b-954603b3a71a success
INFO 07-27 09:16:11 server.py:188] Confirm GPU group 26 for meta-llama/Meta-Llama-3-8B_sllm-condense_1 replica d980d941-2615-4d26-a42b-954603b3a71a success
INFO 07-27 09:16:11 server.py:188] Confirm GPU group 27 for meta-llama/Meta-Llama-3-8B_sllm-condense_1 replica d980d941-2615-4d26-a42b-954603b3a71a success
INFO 07-27 09:16:11 server.py:188] Confirm GPU group 28 for meta-llama/Meta-Llama-3-8B_sllm-condense_1 replica d980d941-2615-4d26-a42b-954603b3a71a success
INFO 07-27 09:16:11 server.py:188] Confirm GPU group 29 for meta-llama/Meta-Llama-3-8B_sllm-condense_1 replica d980d941-2615-4d26-a42b-954603b3a71a success
INFO 07-27 09:16:12 server.py:188] Confirm GPU group 30 for meta-llama/Meta-Llama-3-8B_sllm-condense_1 replica d980d941-2615-4d26-a42b-954603b3a71a success
INFO 07-27 09:16:13 server.py:188] Confirm GPU group 31 for meta-llama/Meta-Llama-3-8B_sllm-condense_1 replica d980d941-2615-4d26-a42b-954603b3a71a success
INFO 07-27 09:16:15 server.py:188] Confirm GPU group 32 for meta-llama/Meta-Llama-3-8B_sllm-condense_1 replica d980d941-2615-4d26-a42b-954603b3a71a success
INFO 07-27 09:16:17 server.py:188] Confirm GPU group 33 for meta-llama/Meta-Llama-3-8B_sllm-condense_1 replica d980d941-2615-4d26-a42b-954603b3a71a success
INFO 07-27 09:16:20 server.py:188] Confirm GPU group 34 for meta-llama/Meta-Llama-3-8B_sllm-condense_1 replica d980d941-2615-4d26-a42b-954603b3a71a success
INFO 07-27 09:16:20 server.py:188] Confirm GPU group 35 for meta-llama/Meta-Llama-3-8B_sllm-condense_1 replica d980d941-2615-4d26-a42b-954603b3a71a success
INFO 07-27 09:16:20 server.py:188] Confirm GPU group 36 for meta-llama/Meta-Llama-3-8B_sllm-condense_1 replica d980d941-2615-4d26-a42b-954603b3a71a success
INFO 07-27 09:16:20 server.py:188] Confirm GPU group 37 for meta-llama/Meta-Llama-3-8B_sllm-condense_1 replica d980d941-2615-4d26-a42b-954603b3a71a success
INFO 07-27 09:16:20 server.py:188] Confirm GPU group 38 for meta-llama/Meta-Llama-3-8B_sllm-condense_1 replica d980d941-2615-4d26-a42b-954603b3a71a success
INFO 07-27 09:16:20 server.py:188] Confirm GPU group 39 for meta-llama/Meta-Llama-3-8B_sllm-condense_1 replica d980d941-2615-4d26-a42b-954603b3a71a success
INFO 07-27 09:16:21 server.py:188] Confirm GPU group 40 for meta-llama/Meta-Llama-3-8B_sllm-condense_1 replica d980d941-2615-4d26-a42b-954603b3a71a success
INFO 07-27 09:16:24 server.py:188] Confirm GPU group 41 for meta-llama/Meta-Llama-3-8B_sllm-condense_1 replica d980d941-2615-4d26-a42b-954603b3a71a success
INFO 07-27 09:16:25 server.py:188] Confirm GPU group 42 for meta-llama/Meta-Llama-3-8B_sllm-condense_1 replica d980d941-2615-4d26-a42b-954603b3a71a success
INFO 07-27 09:16:28 server.py:188] Confirm GPU group 43 for meta-llama/Meta-Llama-3-8B_sllm-condense_1 replica d980d941-2615-4d26-a42b-954603b3a71a success
INFO 07-27 09:16:28 server.py:188] Confirm GPU group 44 for meta-llama/Meta-Llama-3-8B_sllm-condense_1 replica d980d941-2615-4d26-a42b-954603b3a71a success
INFO 07-27 09:16:28 server.py:188] Confirm GPU group 45 for meta-llama/Meta-Llama-3-8B_sllm-condense_1 replica d980d941-2615-4d26-a42b-954603b3a71a success
INFO 07-27 09:16:29 server.py:188] Confirm GPU group 46 for meta-llama/Meta-Llama-3-8B_sllm-condense_1 replica d980d941-2615-4d26-a42b-954603b3a71a success
INFO 07-27 09:16:29 server.py:188] Confirm GPU group 47 for meta-llama/Meta-Llama-3-8B_sllm-condense_1 replica d980d941-2615-4d26-a42b-954603b3a71a success
INFO 07-27 09:16:29 server.py:188] Confirm GPU group 48 for meta-llama/Meta-Llama-3-8B_sllm-condense_1 replica d980d941-2615-4d26-a42b-954603b3a71a success
INFO 07-27 09:16:29 server.py:188] Confirm GPU group 49 for meta-llama/Meta-Llama-3-8B_sllm-condense_1 replica d980d941-2615-4d26-a42b-954603b3a71a success
INFO 07-27 09:16:31 server.py:188] Confirm GPU group 50 for meta-llama/Meta-Llama-3-8B_sllm-condense_1 replica d980d941-2615-4d26-a42b-954603b3a71a success
INFO 07-27 09:16:33 server.py:188] Confirm GPU group 51 for meta-llama/Meta-Llama-3-8B_sllm-condense_1 replica d980d941-2615-4d26-a42b-954603b3a71a success
INFO 07-27 09:16:35 server.py:188] Confirm GPU group 52 for meta-llama/Meta-Llama-3-8B_sllm-condense_1 replica d980d941-2615-4d26-a42b-954603b3a71a success
INFO 07-27 09:16:35 server.py:188] Confirm GPU group 53 for meta-llama/Meta-Llama-3-8B_sllm-condense_1 replica d980d941-2615-4d26-a42b-954603b3a71a success
INFO 07-27 09:16:35 server.py:188] Confirm GPU group 54 for meta-llama/Meta-Llama-3-8B_sllm-condense_1 replica d980d941-2615-4d26-a42b-954603b3a71a success
INFO 07-27 09:16:36 server.py:188] Confirm GPU group 55 for meta-llama/Meta-Llama-3-8B_sllm-condense_1 replica d980d941-2615-4d26-a42b-954603b3a71a success
INFO 07-27 09:16:36 server.py:188] Confirm GPU group 56 for meta-llama/Meta-Llama-3-8B_sllm-condense_1 replica d980d941-2615-4d26-a42b-954603b3a71a success
INFO 07-27 09:16:37 server.py:188] Confirm GPU group 57 for meta-llama/Meta-Llama-3-8B_sllm-condense_1 replica d980d941-2615-4d26-a42b-954603b3a71a success
INFO 07-27 09:16:37 server.py:188] Confirm GPU group 58 for meta-llama/Meta-Llama-3-8B_sllm-condense_1 replica d980d941-2615-4d26-a42b-954603b3a71a success
INFO 07-27 09:16:40 server.py:188] Confirm GPU group 59 for meta-llama/Meta-Llama-3-8B_sllm-condense_1 replica d980d941-2615-4d26-a42b-954603b3a71a success
INFO 07-27 09:16:41 server.py:188] Confirm GPU group 60 for meta-llama/Meta-Llama-3-8B_sllm-condense_1 replica d980d941-2615-4d26-a42b-954603b3a71a success
I20260727 09:16:42.332660 2096584 model.cpp:250] Finished loading model meta-llama/Meta-Llama-3-8B_sllm-condense_1 from disk
I20260727 09:16:42.332849 2096633 model.cpp:356] Finished loading tensor from memory to device 0
INFO 07-27 09:16:42 server.py:188] Confirm GPU group 61 for meta-llama/Meta-Llama-3-8B_sllm-condense_1 replica d980d941-2615-4d26-a42b-954603b3a71a success
INFO 07-27 09:16:42 server.py:188] Confirm GPU group 62 for meta-llama/Meta-Llama-3-8B_sllm-condense_1 replica d980d941-2615-4d26-a42b-954603b3a71a success
INFO 07-27 09:16:42 server.py:188] Confirm GPU group 63 for meta-llama/Meta-Llama-3-8B_sllm-condense_1 replica d980d941-2615-4d26-a42b-954603b3a71a success
INFO 07-27 09:16:42 server.py:188] Confirm GPU group 64 for meta-llama/Meta-Llama-3-8B_sllm-condense_1 replica d980d941-2615-4d26-a42b-954603b3a71a success
INFO 07-27 09:16:42 server.py:188] Confirm GPU group 65 for meta-llama/Meta-Llama-3-8B_sllm-condense_1 replica d980d941-2615-4d26-a42b-954603b3a71a success
INFO 07-27 09:16:42 server.py:188] Confirm GPU group 66 for meta-llama/Meta-Llama-3-8B_sllm-condense_1 replica d980d941-2615-4d26-a42b-954603b3a71a success
INFO 07-27 09:16:42 server.py:188] Confirm GPU group 67 for meta-llama/Meta-Llama-3-8B_sllm-condense_1 replica d980d941-2615-4d26-a42b-954603b3a71a success
INFO 07-27 09:16:42 server.py:188] Confirm GPU group 68 for meta-llama/Meta-Llama-3-8B_sllm-condense_1 replica d980d941-2615-4d26-a42b-954603b3a71a success
INFO 07-27 09:16:42 server.py:188] Confirm GPU group 69 for meta-llama/Meta-Llama-3-8B_sllm-condense_1 replica d980d941-2615-4d26-a42b-954603b3a71a success
INFO 07-27 09:16:42 server.py:188] Confirm GPU group 70 for meta-llama/Meta-Llama-3-8B_sllm-condense_1 replica d980d941-2615-4d26-a42b-954603b3a71a success
INFO 07-27 09:16:42 server.py:188] Confirm GPU group 71 for meta-llama/Meta-Llama-3-8B_sllm-condense_1 replica d980d941-2615-4d26-a42b-954603b3a71a success
INFO 07-27 09:16:42 server.py:188] Confirm GPU group 72 for meta-llama/Meta-Llama-3-8B_sllm-condense_1 replica d980d941-2615-4d26-a42b-954603b3a71a success
INFO 07-27 09:16:42 server.py:188] Confirm GPU group 73 for meta-llama/Meta-Llama-3-8B_sllm-condense_1 replica d980d941-2615-4d26-a42b-954603b3a71a success
INFO 07-27 09:16:42 server.py:188] Confirm GPU group 74 for meta-llama/Meta-Llama-3-8B_sllm-condense_1 replica d980d941-2615-4d26-a42b-954603b3a71a success
INFO 07-27 09:16:42 server.py:188] Confirm GPU group 75 for meta-llama/Meta-Llama-3-8B_sllm-condense_1 replica d980d941-2615-4d26-a42b-954603b3a71a success
INFO 07-27 09:16:42 server.py:188] Confirm GPU group 76 for meta-llama/Meta-Llama-3-8B_sllm-condense_1 replica d980d941-2615-4d26-a42b-954603b3a71a success
INFO 07-27 09:16:42 server.py:188] Confirm GPU group 77 for meta-llama/Meta-Llama-3-8B_sllm-condense_1 replica d980d941-2615-4d26-a42b-954603b3a71a success
INFO 07-27 09:16:42 server.py:188] Confirm GPU group 78 for meta-llama/Meta-Llama-3-8B_sllm-condense_1 replica d980d941-2615-4d26-a42b-954603b3a71a success
INFO 07-27 09:16:42 server.py:188] Confirm GPU group 79 for meta-llama/Meta-Llama-3-8B_sllm-condense_1 replica d980d941-2615-4d26-a42b-954603b3a71a success
INFO 07-27 09:16:42 server.py:188] Confirm GPU group 80 for meta-llama/Meta-Llama-3-8B_sllm-condense_1 replica d980d941-2615-4d26-a42b-954603b3a71a success
INFO 07-27 09:16:42 server.py:188] Confirm GPU group 81 for meta-llama/Meta-Llama-3-8B_sllm-condense_1 replica d980d941-2615-4d26-a42b-954603b3a71a success
INFO 07-27 09:16:42 server.py:188] Confirm GPU group 82 for meta-llama/Meta-Llama-3-8B_sllm-condense_1 replica d980d941-2615-4d26-a42b-954603b3a71a success
INFO 07-27 09:16:42 server.py:188] Confirm GPU group 83 for meta-llama/Meta-Llama-3-8B_sllm-condense_1 replica d980d941-2615-4d26-a42b-954603b3a71a success
INFO 07-27 09:16:42 server.py:188] Confirm GPU group 84 for meta-llama/Meta-Llama-3-8B_sllm-condense_1 replica d980d941-2615-4d26-a42b-954603b3a71a success
INFO 07-27 09:16:42 server.py:188] Confirm GPU group 85 for meta-llama/Meta-Llama-3-8B_sllm-condense_1 replica d980d941-2615-4d26-a42b-954603b3a71a success
INFO 07-27 09:16:42 server.py:188] Confirm GPU group 86 for meta-llama/Meta-Llama-3-8B_sllm-condense_1 replica d980d941-2615-4d26-a42b-954603b3a71a success
INFO 07-27 09:16:42 server.py:188] Confirm GPU group 87 for meta-llama/Meta-Llama-3-8B_sllm-condense_1 replica d980d941-2615-4d26-a42b-954603b3a71a success
INFO 07-27 09:16:42 server.py:188] Confirm GPU group 88 for meta-llama/Meta-Llama-3-8B_sllm-condense_1 replica d980d941-2615-4d26-a42b-954603b3a71a success
INFO 07-27 09:16:42 server.py:188] Confirm GPU group 89 for meta-llama/Meta-Llama-3-8B_sllm-condense_1 replica d980d941-2615-4d26-a42b-954603b3a71a success
INFO 07-27 09:16:42 server.py:188] Confirm GPU group 90 for meta-llama/Meta-Llama-3-8B_sllm-condense_1 replica d980d941-2615-4d26-a42b-954603b3a71a success
INFO 07-27 09:16:42 server.py:188] Confirm GPU group 91 for meta-llama/Meta-Llama-3-8B_sllm-condense_1 replica d980d941-2615-4d26-a42b-954603b3a71a success
INFO 07-27 09:16:42 server.py:188] Confirm GPU group 92 for meta-llama/Meta-Llama-3-8B_sllm-condense_1 replica d980d941-2615-4d26-a42b-954603b3a71a success
INFO 07-27 09:16:42 server.py:188] Confirm GPU group 93 for meta-llama/Meta-Llama-3-8B_sllm-condense_1 replica d980d941-2615-4d26-a42b-954603b3a71a success
INFO 07-27 09:16:42 server.py:188] Confirm GPU group 94 for meta-llama/Meta-Llama-3-8B_sllm-condense_1 replica d980d941-2615-4d26-a42b-954603b3a71a success
INFO 07-27 09:16:42 server.py:188] Confirm GPU group 95 for meta-llama/Meta-Llama-3-8B_sllm-condense_1 replica d980d941-2615-4d26-a42b-954603b3a71a success
INFO 07-27 09:16:42 server.py:188] Confirm GPU group 96 for meta-llama/Meta-Llama-3-8B_sllm-condense_1 replica d980d941-2615-4d26-a42b-954603b3a71a success
INFO 07-27 09:16:42 server.py:188] Confirm GPU group 97 for meta-llama/Meta-Llama-3-8B_sllm-condense_1 replica d980d941-2615-4d26-a42b-954603b3a71a success
INFO 07-27 09:16:42 server.py:188] Confirm GPU group 98 for meta-llama/Meta-Llama-3-8B_sllm-condense_1 replica d980d941-2615-4d26-a42b-954603b3a71a success
INFO 07-27 09:16:42 server.py:188] Confirm GPU group 99 for meta-llama/Meta-Llama-3-8B_sllm-condense_1 replica d980d941-2615-4d26-a42b-954603b3a71a success
INFO 07-27 09:16:42 server.py:188] Confirm GPU group 100 for meta-llama/Meta-Llama-3-8B_sllm-condense_1 replica d980d941-2615-4d26-a42b-954603b3a71a success
INFO 07-27 09:16:42 server.py:188] Confirm GPU group 101 for meta-llama/Meta-Llama-3-8B_sllm-condense_1 replica d980d941-2615-4d26-a42b-954603b3a71a success
INFO 07-27 09:16:42 server.py:188] Confirm GPU group 102 for meta-llama/Meta-Llama-3-8B_sllm-condense_1 replica d980d941-2615-4d26-a42b-954603b3a71a success
INFO 07-27 09:16:42 server.py:188] Confirm GPU group 103 for meta-llama/Meta-Llama-3-8B_sllm-condense_1 replica d980d941-2615-4d26-a42b-954603b3a71a success
INFO 07-27 09:16:42 server.py:188] Confirm GPU group 104 for meta-llama/Meta-Llama-3-8B_sllm-condense_1 replica d980d941-2615-4d26-a42b-954603b3a71a success
INFO 07-27 09:16:42 server.py:188] Confirm GPU group 105 for meta-llama/Meta-Llama-3-8B_sllm-condense_1 replica d980d941-2615-4d26-a42b-954603b3a71a success
INFO 07-27 09:16:42 server.py:188] Confirm GPU group 106 for meta-llama/Meta-Llama-3-8B_sllm-condense_1 replica d980d941-2615-4d26-a42b-954603b3a71a success
INFO 07-27 09:16:42 server.py:188] Confirm GPU group 107 for meta-llama/Meta-Llama-3-8B_sllm-condense_1 replica d980d941-2615-4d26-a42b-954603b3a71a success
INFO 07-27 09:16:42 server.py:188] Confirm GPU group 108 for meta-llama/Meta-Llama-3-8B_sllm-condense_1 replica d980d941-2615-4d26-a42b-954603b3a71a success
INFO 07-27 09:16:42 server.py:188] Confirm GPU group 109 for meta-llama/Meta-Llama-3-8B_sllm-condense_1 replica d980d941-2615-4d26-a42b-954603b3a71a success
INFO 07-27 09:16:42 server.py:188] Confirm GPU group 110 for meta-llama/Meta-Llama-3-8B_sllm-condense_1 replica d980d941-2615-4d26-a42b-954603b3a71a success
INFO 07-27 09:16:42 server.py:188] Confirm GPU group 111 for meta-llama/Meta-Llama-3-8B_sllm-condense_1 replica d980d941-2615-4d26-a42b-954603b3a71a success
INFO 07-27 09:16:42 server.py:188] Confirm GPU group 112 for meta-llama/Meta-Llama-3-8B_sllm-condense_1 replica d980d941-2615-4d26-a42b-954603b3a71a success
INFO 07-27 09:16:42 server.py:188] Confirm GPU group 113 for meta-llama/Meta-Llama-3-8B_sllm-condense_1 replica d980d941-2615-4d26-a42b-954603b3a71a success
INFO 07-27 09:16:42 server.py:188] Confirm GPU group 114 for meta-llama/Meta-Llama-3-8B_sllm-condense_1 replica d980d941-2615-4d26-a42b-954603b3a71a success
INFO 07-27 09:16:42 server.py:188] Confirm GPU group 115 for meta-llama/Meta-Llama-3-8B_sllm-condense_1 replica d980d941-2615-4d26-a42b-954603b3a71a success
INFO 07-27 09:16:42 server.py:188] Confirm GPU group 116 for meta-llama/Meta-Llama-3-8B_sllm-condense_1 replica d980d941-2615-4d26-a42b-954603b3a71a success
INFO 07-27 09:16:42 server.py:188] Confirm GPU group 117 for meta-llama/Meta-Llama-3-8B_sllm-condense_1 replica d980d941-2615-4d26-a42b-954603b3a71a success
INFO 07-27 09:16:42 server.py:188] Confirm GPU group 118 for meta-llama/Meta-Llama-3-8B_sllm-condense_1 replica d980d941-2615-4d26-a42b-954603b3a71a success
INFO 07-27 09:16:42 server.py:188] Confirm GPU group 119 for meta-llama/Meta-Llama-3-8B_sllm-condense_1 replica d980d941-2615-4d26-a42b-954603b3a71a success
INFO 07-27 09:16:42 server.py:188] Confirm GPU group 120 for meta-llama/Meta-Llama-3-8B_sllm-condense_1 replica d980d941-2615-4d26-a42b-954603b3a71a success
INFO 07-27 09:16:42 server.py:188] Confirm GPU group 121 for meta-llama/Meta-Llama-3-8B_sllm-condense_1 replica d980d941-2615-4d26-a42b-954603b3a71a success
INFO 07-27 09:16:42 server.py:188] Confirm GPU group 122 for meta-llama/Meta-Llama-3-8B_sllm-condense_1 replica d980d941-2615-4d26-a42b-954603b3a71a success
INFO 07-27 09:16:42 server.py:188] Confirm GPU group 123 for meta-llama/Meta-Llama-3-8B_sllm-condense_1 replica d980d941-2615-4d26-a42b-954603b3a71a success
INFO 07-27 09:16:42 server.py:188] Confirm GPU group 124 for meta-llama/Meta-Llama-3-8B_sllm-condense_1 replica d980d941-2615-4d26-a42b-954603b3a71a success
INFO 07-27 09:16:42 server.py:188] Confirm GPU group 125 for meta-llama/Meta-Llama-3-8B_sllm-condense_1 replica d980d941-2615-4d26-a42b-954603b3a71a success
INFO 07-27 09:16:42 server.py:188] Confirm GPU group 126 for meta-llama/Meta-Llama-3-8B_sllm-condense_1 replica d980d941-2615-4d26-a42b-954603b3a71a success
INFO 07-27 09:16:42 server.py:188] Confirm GPU group 127 for meta-llama/Meta-Llama-3-8B_sllm-condense_1 replica d980d941-2615-4d26-a42b-954603b3a71a success
INFO 07-27 09:16:42 server.py:188] Confirm GPU group 128 for meta-llama/Meta-Llama-3-8B_sllm-condense_1 replica d980d941-2615-4d26-a42b-954603b3a71a success
INFO 07-27 09:16:42 server.py:188] Confirm GPU group 129 for meta-llama/Meta-Llama-3-8B_sllm-condense_1 replica d980d941-2615-4d26-a42b-954603b3a71a success
INFO 07-27 09:16:42 server.py:188] Confirm GPU group 130 for meta-llama/Meta-Llama-3-8B_sllm-condense_1 replica d980d941-2615-4d26-a42b-954603b3a71a success
INFO 07-27 09:16:42 server.py:188] Confirm GPU group 131 for meta-llama/Meta-Llama-3-8B_sllm-condense_1 replica d980d941-2615-4d26-a42b-954603b3a71a success
INFO 07-27 09:16:42 server.py:188] Confirm GPU group 132 for meta-llama/Meta-Llama-3-8B_sllm-condense_1 replica d980d941-2615-4d26-a42b-954603b3a71a success
INFO 07-27 09:16:42 server.py:188] Confirm GPU group 133 for meta-llama/Meta-Llama-3-8B_sllm-condense_1 replica d980d941-2615-4d26-a42b-954603b3a71a success
INFO 07-27 09:16:42 server.py:188] Confirm GPU group 134 for meta-llama/Meta-Llama-3-8B_sllm-condense_1 replica d980d941-2615-4d26-a42b-954603b3a71a success
INFO 07-27 09:16:42 server.py:188] Confirm GPU group 135 for meta-llama/Meta-Llama-3-8B_sllm-condense_1 replica d980d941-2615-4d26-a42b-954603b3a71a success
INFO 07-27 09:16:42 server.py:188] Confirm GPU group 136 for meta-llama/Meta-Llama-3-8B_sllm-condense_1 replica d980d941-2615-4d26-a42b-954603b3a71a success
INFO 07-27 09:16:42 server.py:188] Confirm GPU group 137 for meta-llama/Meta-Llama-3-8B_sllm-condense_1 replica d980d941-2615-4d26-a42b-954603b3a71a success
INFO 07-27 09:16:42 server.py:188] Confirm GPU group 138 for meta-llama/Meta-Llama-3-8B_sllm-condense_1 replica d980d941-2615-4d26-a42b-954603b3a71a success
INFO 07-27 09:16:42 server.py:188] Confirm GPU group 139 for meta-llama/Meta-Llama-3-8B_sllm-condense_1 replica d980d941-2615-4d26-a42b-954603b3a71a success
INFO 07-27 09:16:42 server.py:188] Confirm GPU group 140 for meta-llama/Meta-Llama-3-8B_sllm-condense_1 replica d980d941-2615-4d26-a42b-954603b3a71a success
INFO 07-27 09:16:42 server.py:188] Confirm GPU group 141 for meta-llama/Meta-Llama-3-8B_sllm-condense_1 replica d980d941-2615-4d26-a42b-954603b3a71a success
INFO 07-27 09:16:42 server.py:188] Confirm GPU group 142 for meta-llama/Meta-Llama-3-8B_sllm-condense_1 replica d980d941-2615-4d26-a42b-954603b3a71a success
INFO 07-27 09:16:42 server.py:188] Confirm GPU group 143 for meta-llama/Meta-Llama-3-8B_sllm-condense_1 replica d980d941-2615-4d26-a42b-954603b3a71a success
INFO 07-27 09:16:42 server.py:188] Confirm GPU group 144 for meta-llama/Meta-Llama-3-8B_sllm-condense_1 replica d980d941-2615-4d26-a42b-954603b3a71a success
INFO 07-27 09:16:42 server.py:188] Confirm GPU group 145 for meta-llama/Meta-Llama-3-8B_sllm-condense_1 replica d980d941-2615-4d26-a42b-954603b3a71a success
INFO 07-27 09:16:42 server.py:188] Confirm GPU group 146 for meta-llama/Meta-Llama-3-8B_sllm-condense_1 replica d980d941-2615-4d26-a42b-954603b3a71a success
INFO 07-27 09:16:42 server.py:188] Confirm GPU group 147 for meta-llama/Meta-Llama-3-8B_sllm-condense_1 replica d980d941-2615-4d26-a42b-954603b3a71a success
INFO 07-27 09:16:42 server.py:188] Confirm GPU group 148 for meta-llama/Meta-Llama-3-8B_sllm-condense_1 replica d980d941-2615-4d26-a42b-954603b3a71a success
INFO 07-27 09:16:42 server.py:188] Confirm GPU group 149 for meta-llama/Meta-Llama-3-8B_sllm-condense_1 replica d980d941-2615-4d26-a42b-954603b3a71a success
INFO 07-27 09:16:42 server.py:188] Confirm GPU group 150 for meta-llama/Meta-Llama-3-8B_sllm-condense_1 replica d980d941-2615-4d26-a42b-954603b3a71a success
INFO 07-27 09:16:42 server.py:188] Confirm GPU group 151 for meta-llama/Meta-Llama-3-8B_sllm-condense_1 replica d980d941-2615-4d26-a42b-954603b3a71a success
INFO 07-27 09:16:42 server.py:188] Confirm GPU group 152 for meta-llama/Meta-Llama-3-8B_sllm-condense_1 replica d980d941-2615-4d26-a42b-954603b3a71a success
INFO 07-27 09:16:42 server.py:188] Confirm GPU group 153 for meta-llama/Meta-Llama-3-8B_sllm-condense_1 replica d980d941-2615-4d26-a42b-954603b3a71a success
INFO 07-27 09:16:42 server.py:188] Confirm GPU group 154 for meta-llama/Meta-Llama-3-8B_sllm-condense_1 replica d980d941-2615-4d26-a42b-954603b3a71a success
INFO 07-27 09:16:42 server.py:188] Confirm GPU group 155 for meta-llama/Meta-Llama-3-8B_sllm-condense_1 replica d980d941-2615-4d26-a42b-954603b3a71a success
INFO 07-27 09:16:42 server.py:188] Confirm GPU group 156 for meta-llama/Meta-Llama-3-8B_sllm-condense_1 replica d980d941-2615-4d26-a42b-954603b3a71a success
INFO 07-27 09:16:42 server.py:188] Confirm GPU group 157 for meta-llama/Meta-Llama-3-8B_sllm-condense_1 replica d980d941-2615-4d26-a42b-954603b3a71a success
INFO 07-27 09:16:42 server.py:188] Confirm GPU group 158 for meta-llama/Meta-Llama-3-8B_sllm-condense_1 replica d980d941-2615-4d26-a42b-954603b3a71a success
INFO 07-27 09:16:42 server.py:188] Confirm GPU group 159 for meta-llama/Meta-Llama-3-8B_sllm-condense_1 replica d980d941-2615-4d26-a42b-954603b3a71a success
INFO 07-27 09:16:42 server.py:188] Confirm GPU group 160 for meta-llama/Meta-Llama-3-8B_sllm-condense_1 replica d980d941-2615-4d26-a42b-954603b3a71a success
INFO 07-27 09:16:42 server.py:188] Confirm GPU group 161 for meta-llama/Meta-Llama-3-8B_sllm-condense_1 replica d980d941-2615-4d26-a42b-954603b3a71a success
INFO 07-27 09:16:42 server.py:188] Confirm GPU group 162 for meta-llama/Meta-Llama-3-8B_sllm-condense_1 replica d980d941-2615-4d26-a42b-954603b3a71a success
INFO 07-27 09:16:42 server.py:188] Confirm GPU group 163 for meta-llama/Meta-Llama-3-8B_sllm-condense_1 replica d980d941-2615-4d26-a42b-954603b3a71a success
INFO 07-27 09:16:42 server.py:188] Confirm GPU group 164 for meta-llama/Meta-Llama-3-8B_sllm-condense_1 replica d980d941-2615-4d26-a42b-954603b3a71a success
INFO 07-27 09:16:42 server.py:188] Confirm GPU group 165 for meta-llama/Meta-Llama-3-8B_sllm-condense_1 replica d980d941-2615-4d26-a42b-954603b3a71a success
INFO 07-27 09:16:42 server.py:188] Confirm GPU group 166 for meta-llama/Meta-Llama-3-8B_sllm-condense_1 replica d980d941-2615-4d26-a42b-954603b3a71a success
INFO 07-27 09:16:42 server.py:188] Confirm GPU group 167 for meta-llama/Meta-Llama-3-8B_sllm-condense_1 replica d980d941-2615-4d26-a42b-954603b3a71a success
INFO 07-27 09:16:42 server.py:188] Confirm GPU group 168 for meta-llama/Meta-Llama-3-8B_sllm-condense_1 replica d980d941-2615-4d26-a42b-954603b3a71a success
INFO 07-27 09:16:42 server.py:188] Confirm GPU group 169 for meta-llama/Meta-Llama-3-8B_sllm-condense_1 replica d980d941-2615-4d26-a42b-954603b3a71a success
INFO 07-27 09:16:42 server.py:188] Confirm GPU group 170 for meta-llama/Meta-Llama-3-8B_sllm-condense_1 replica d980d941-2615-4d26-a42b-954603b3a71a success
INFO 07-27 09:16:42 server.py:188] Confirm GPU group 171 for meta-llama/Meta-Llama-3-8B_sllm-condense_1 replica d980d941-2615-4d26-a42b-954603b3a71a success
INFO 07-27 09:16:42 server.py:188] Confirm GPU group 172 for meta-llama/Meta-Llama-3-8B_sllm-condense_1 replica d980d941-2615-4d26-a42b-954603b3a71a success
INFO 07-27 09:16:42 server.py:188] Confirm GPU group 173 for meta-llama/Meta-Llama-3-8B_sllm-condense_1 replica d980d941-2615-4d26-a42b-954603b3a71a success
INFO 07-27 09:16:42 server.py:188] Confirm GPU group 174 for meta-llama/Meta-Llama-3-8B_sllm-condense_1 replica d980d941-2615-4d26-a42b-954603b3a71a success
INFO 07-27 09:16:42 server.py:188] Confirm GPU group 175 for meta-llama/Meta-Llama-3-8B_sllm-condense_1 replica d980d941-2615-4d26-a42b-954603b3a71a success
INFO 07-27 09:16:42 server.py:188] Confirm GPU group 176 for meta-llama/Meta-Llama-3-8B_sllm-condense_1 replica d980d941-2615-4d26-a42b-954603b3a71a success
INFO 07-27 09:16:42 server.py:188] Confirm GPU group 177 for meta-llama/Meta-Llama-3-8B_sllm-condense_1 replica d980d941-2615-4d26-a42b-954603b3a71a success
INFO 07-27 09:16:42 server.py:188] Confirm GPU group 178 for meta-llama/Meta-Llama-3-8B_sllm-condense_1 replica d980d941-2615-4d26-a42b-954603b3a71a success
INFO 07-27 09:16:42 server.py:188] Confirm GPU group 179 for meta-llama/Meta-Llama-3-8B_sllm-condense_1 replica d980d941-2615-4d26-a42b-954603b3a71a success
INFO 07-27 09:16:42 server.py:188] Confirm GPU group 180 for meta-llama/Meta-Llama-3-8B_sllm-condense_1 replica d980d941-2615-4d26-a42b-954603b3a71a success
INFO 07-27 09:16:42 server.py:188] Confirm GPU group 181 for meta-llama/Meta-Llama-3-8B_sllm-condense_1 replica d980d941-2615-4d26-a42b-954603b3a71a success
INFO 07-27 09:16:42 server.py:188] Confirm GPU group 182 for meta-llama/Meta-Llama-3-8B_sllm-condense_1 replica d980d941-2615-4d26-a42b-954603b3a71a success
INFO 07-27 09:16:42 server.py:188] Confirm GPU group 183 for meta-llama/Meta-Llama-3-8B_sllm-condense_1 replica d980d941-2615-4d26-a42b-954603b3a71a success
INFO 07-27 09:16:42 server.py:188] Confirm GPU group 184 for meta-llama/Meta-Llama-3-8B_sllm-condense_1 replica d980d941-2615-4d26-a42b-954603b3a71a success
INFO 07-27 09:16:42 server.py:188] Confirm GPU group 185 for meta-llama/Meta-Llama-3-8B_sllm-condense_1 replica d980d941-2615-4d26-a42b-954603b3a71a success
INFO 07-27 09:16:42 server.py:188] Confirm GPU group 186 for meta-llama/Meta-Llama-3-8B_sllm-condense_1 replica d980d941-2615-4d26-a42b-954603b3a71a success
INFO 07-27 09:16:42 server.py:188] Confirm GPU group 187 for meta-llama/Meta-Llama-3-8B_sllm-condense_1 replica d980d941-2615-4d26-a42b-954603b3a71a success
INFO 07-27 09:16:42 server.py:188] Confirm GPU group 188 for meta-llama/Meta-Llama-3-8B_sllm-condense_1 replica d980d941-2615-4d26-a42b-954603b3a71a success
INFO 07-27 09:16:42 server.py:188] Confirm GPU group 189 for meta-llama/Meta-Llama-3-8B_sllm-condense_1 replica d980d941-2615-4d26-a42b-954603b3a71a success
INFO 07-27 09:16:42 server.py:188] Confirm GPU group 190 for meta-llama/Meta-Llama-3-8B_sllm-condense_1 replica d980d941-2615-4d26-a42b-954603b3a71a success
INFO 07-27 09:16:42 server.py:188] Confirm GPU group 191 for meta-llama/Meta-Llama-3-8B_sllm-condense_1 replica d980d941-2615-4d26-a42b-954603b3a71a success
INFO 07-27 09:16:42 server.py:188] Confirm GPU group 192 for meta-llama/Meta-Llama-3-8B_sllm-condense_1 replica d980d941-2615-4d26-a42b-954603b3a71a success
INFO 07-27 09:16:42 server.py:188] Confirm GPU group 193 for meta-llama/Meta-Llama-3-8B_sllm-condense_1 replica d980d941-2615-4d26-a42b-954603b3a71a success
INFO 07-27 09:16:42 server.py:188] Confirm GPU group 194 for meta-llama/Meta-Llama-3-8B_sllm-condense_1 replica d980d941-2615-4d26-a42b-954603b3a71a success
INFO 07-27 09:16:42 server.py:188] Confirm GPU group 195 for meta-llama/Meta-Llama-3-8B_sllm-condense_1 replica d980d941-2615-4d26-a42b-954603b3a71a success
INFO 07-27 09:16:42 server.py:188] Confirm GPU group 196 for meta-llama/Meta-Llama-3-8B_sllm-condense_1 replica d980d941-2615-4d26-a42b-954603b3a71a success
INFO 07-27 09:16:42 server.py:188] Confirm GPU group 197 for meta-llama/Meta-Llama-3-8B_sllm-condense_1 replica d980d941-2615-4d26-a42b-954603b3a71a success
INFO 07-27 09:16:42 server.py:188] Confirm GPU group 198 for meta-llama/Meta-Llama-3-8B_sllm-condense_1 replica d980d941-2615-4d26-a42b-954603b3a71a success
INFO 07-27 09:16:42 server.py:188] Confirm GPU group 199 for meta-llama/Meta-Llama-3-8B_sllm-condense_1 replica d980d941-2615-4d26-a42b-954603b3a71a success
INFO 07-27 09:16:42 server.py:188] Confirm GPU group 200 for meta-llama/Meta-Llama-3-8B_sllm-condense_1 replica d980d941-2615-4d26-a42b-954603b3a71a success
INFO 07-27 09:16:42 server.py:188] Confirm GPU group 201 for meta-llama/Meta-Llama-3-8B_sllm-condense_1 replica d980d941-2615-4d26-a42b-954603b3a71a success
INFO 07-27 09:16:42 server.py:188] Confirm GPU group 202 for meta-llama/Meta-Llama-3-8B_sllm-condense_1 replica d980d941-2615-4d26-a42b-954603b3a71a success
INFO 07-27 09:16:42 server.py:188] Confirm GPU group 203 for meta-llama/Meta-Llama-3-8B_sllm-condense_1 replica d980d941-2615-4d26-a42b-954603b3a71a success
INFO 07-27 09:16:42 server.py:188] Confirm GPU group 204 for meta-llama/Meta-Llama-3-8B_sllm-condense_1 replica d980d941-2615-4d26-a42b-954603b3a71a success
INFO 07-27 09:16:42 server.py:188] Confirm GPU group 205 for meta-llama/Meta-Llama-3-8B_sllm-condense_1 replica d980d941-2615-4d26-a42b-954603b3a71a success
INFO 07-27 09:16:42 server.py:188] Confirm GPU group 206 for meta-llama/Meta-Llama-3-8B_sllm-condense_1 replica d980d941-2615-4d26-a42b-954603b3a71a success
INFO 07-27 09:16:42 server.py:188] Confirm GPU group 207 for meta-llama/Meta-Llama-3-8B_sllm-condense_1 replica d980d941-2615-4d26-a42b-954603b3a71a success
INFO 07-27 09:16:42 server.py:188] Confirm GPU group 208 for meta-llama/Meta-Llama-3-8B_sllm-condense_1 replica d980d941-2615-4d26-a42b-954603b3a71a success
INFO 07-27 09:16:42 server.py:188] Confirm GPU group 209 for meta-llama/Meta-Llama-3-8B_sllm-condense_1 replica d980d941-2615-4d26-a42b-954603b3a71a success
INFO 07-27 09:16:42 server.py:188] Confirm GPU group 210 for meta-llama/Meta-Llama-3-8B_sllm-condense_1 replica d980d941-2615-4d26-a42b-954603b3a71a success
INFO 07-27 09:16:42 server.py:188] Confirm GPU group 211 for meta-llama/Meta-Llama-3-8B_sllm-condense_1 replica d980d941-2615-4d26-a42b-954603b3a71a success
INFO 07-27 09:16:43 server.py:188] Confirm GPU group 212 for meta-llama/Meta-Llama-3-8B_sllm-condense_1 replica d980d941-2615-4d26-a42b-954603b3a71a success
INFO 07-27 09:16:43 server.py:188] Confirm GPU group 213 for meta-llama/Meta-Llama-3-8B_sllm-condense_1 replica d980d941-2615-4d26-a42b-954603b3a71a success
INFO 07-27 09:16:43 server.py:188] Confirm GPU group 214 for meta-llama/Meta-Llama-3-8B_sllm-condense_1 replica d980d941-2615-4d26-a42b-954603b3a71a success
INFO 07-27 09:16:43 server.py:188] Confirm GPU group 215 for meta-llama/Meta-Llama-3-8B_sllm-condense_1 replica d980d941-2615-4d26-a42b-954603b3a71a success
INFO 07-27 09:16:43 server.py:188] Confirm GPU group 216 for meta-llama/Meta-Llama-3-8B_sllm-condense_1 replica d980d941-2615-4d26-a42b-954603b3a71a success
INFO 07-27 09:16:43 server.py:188] Confirm GPU group 217 for meta-llama/Meta-Llama-3-8B_sllm-condense_1 replica d980d941-2615-4d26-a42b-954603b3a71a success
INFO 07-27 09:16:43 server.py:188] Confirm GPU group 218 for meta-llama/Meta-Llama-3-8B_sllm-condense_1 replica d980d941-2615-4d26-a42b-954603b3a71a success
INFO 07-27 09:16:43 server.py:188] Confirm GPU group 219 for meta-llama/Meta-Llama-3-8B_sllm-condense_1 replica d980d941-2615-4d26-a42b-954603b3a71a success
INFO 07-27 09:16:43 server.py:188] Confirm GPU group 220 for meta-llama/Meta-Llama-3-8B_sllm-condense_1 replica d980d941-2615-4d26-a42b-954603b3a71a success
INFO 07-27 09:16:43 server.py:188] Confirm GPU group 221 for meta-llama/Meta-Llama-3-8B_sllm-condense_1 replica d980d941-2615-4d26-a42b-954603b3a71a success
INFO 07-27 09:16:43 server.py:188] Confirm GPU group 222 for meta-llama/Meta-Llama-3-8B_sllm-condense_1 replica d980d941-2615-4d26-a42b-954603b3a71a success
INFO 07-27 09:16:43 server.py:188] Confirm GPU group 223 for meta-llama/Meta-Llama-3-8B_sllm-condense_1 replica d980d941-2615-4d26-a42b-954603b3a71a success
INFO 07-27 09:16:43 server.py:188] Confirm GPU group 224 for meta-llama/Meta-Llama-3-8B_sllm-condense_1 replica d980d941-2615-4d26-a42b-954603b3a71a success
INFO 07-27 09:16:43 server.py:188] Confirm GPU group 225 for meta-llama/Meta-Llama-3-8B_sllm-condense_1 replica d980d941-2615-4d26-a42b-954603b3a71a success
INFO 07-27 09:16:43 server.py:188] Confirm GPU group 226 for meta-llama/Meta-Llama-3-8B_sllm-condense_1 replica d980d941-2615-4d26-a42b-954603b3a71a success
INFO 07-27 09:16:43 server.py:188] Confirm GPU group 227 for meta-llama/Meta-Llama-3-8B_sllm-condense_1 replica d980d941-2615-4d26-a42b-954603b3a71a success
INFO 07-27 09:16:43 server.py:188] Confirm GPU group 228 for meta-llama/Meta-Llama-3-8B_sllm-condense_1 replica d980d941-2615-4d26-a42b-954603b3a71a success
INFO 07-27 09:16:43 server.py:188] Confirm GPU group 229 for meta-llama/Meta-Llama-3-8B_sllm-condense_1 replica d980d941-2615-4d26-a42b-954603b3a71a success
INFO 07-27 09:16:43 server.py:188] Confirm GPU group 230 for meta-llama/Meta-Llama-3-8B_sllm-condense_1 replica d980d941-2615-4d26-a42b-954603b3a71a success
INFO 07-27 09:16:43 server.py:188] Confirm GPU group 231 for meta-llama/Meta-Llama-3-8B_sllm-condense_1 replica d980d941-2615-4d26-a42b-954603b3a71a success
INFO 07-27 09:16:43 server.py:188] Confirm GPU group 232 for meta-llama/Meta-Llama-3-8B_sllm-condense_1 replica d980d941-2615-4d26-a42b-954603b3a71a success
INFO 07-27 09:16:43 server.py:188] Confirm GPU group 233 for meta-llama/Meta-Llama-3-8B_sllm-condense_1 replica d980d941-2615-4d26-a42b-954603b3a71a success
INFO 07-27 09:16:43 server.py:188] Confirm GPU group 234 for meta-llama/Meta-Llama-3-8B_sllm-condense_1 replica d980d941-2615-4d26-a42b-954603b3a71a success
INFO 07-27 09:16:43 server.py:188] Confirm GPU group 235 for meta-llama/Meta-Llama-3-8B_sllm-condense_1 replica d980d941-2615-4d26-a42b-954603b3a71a success
INFO 07-27 09:16:43 server.py:188] Confirm GPU group 236 for meta-llama/Meta-Llama-3-8B_sllm-condense_1 replica d980d941-2615-4d26-a42b-954603b3a71a success
INFO 07-27 09:16:43 server.py:188] Confirm GPU group 237 for meta-llama/Meta-Llama-3-8B_sllm-condense_1 replica d980d941-2615-4d26-a42b-954603b3a71a success
INFO 07-27 09:16:43 server.py:188] Confirm GPU group 238 for meta-llama/Meta-Llama-3-8B_sllm-condense_1 replica d980d941-2615-4d26-a42b-954603b3a71a success
INFO 07-27 09:16:43 server.py:188] Confirm GPU group 239 for meta-llama/Meta-Llama-3-8B_sllm-condense_1 replica d980d941-2615-4d26-a42b-954603b3a71a success
INFO 07-27 09:16:43 server.py:188] Confirm GPU group 240 for meta-llama/Meta-Llama-3-8B_sllm-condense_1 replica d980d941-2615-4d26-a42b-954603b3a71a success
INFO 07-27 09:16:43 server.py:188] Confirm GPU group 241 for meta-llama/Meta-Llama-3-8B_sllm-condense_1 replica d980d941-2615-4d26-a42b-954603b3a71a success
INFO 07-27 09:16:43 server.py:188] Confirm GPU group 242 for meta-llama/Meta-Llama-3-8B_sllm-condense_1 replica d980d941-2615-4d26-a42b-954603b3a71a success
INFO 07-27 09:16:43 server.py:188] Confirm GPU group 243 for meta-llama/Meta-Llama-3-8B_sllm-condense_1 replica d980d941-2615-4d26-a42b-954603b3a71a success
INFO 07-27 09:16:43 server.py:188] Confirm GPU group 244 for meta-llama/Meta-Llama-3-8B_sllm-condense_1 replica d980d941-2615-4d26-a42b-954603b3a71a success
INFO 07-27 09:16:43 server.py:188] Confirm GPU group 245 for meta-llama/Meta-Llama-3-8B_sllm-condense_1 replica d980d941-2615-4d26-a42b-954603b3a71a success
INFO 07-27 09:16:43 server.py:188] Confirm GPU group 246 for meta-llama/Meta-Llama-3-8B_sllm-condense_1 replica d980d941-2615-4d26-a42b-954603b3a71a success
INFO 07-27 09:16:43 server.py:188] Confirm GPU group 247 for meta-llama/Meta-Llama-3-8B_sllm-condense_1 replica d980d941-2615-4d26-a42b-954603b3a71a success
INFO 07-27 09:16:43 server.py:188] Confirm GPU group 248 for meta-llama/Meta-Llama-3-8B_sllm-condense_1 replica d980d941-2615-4d26-a42b-954603b3a71a success
INFO 07-27 09:16:43 server.py:188] Confirm GPU group 249 for meta-llama/Meta-Llama-3-8B_sllm-condense_1 replica d980d941-2615-4d26-a42b-954603b3a71a success
INFO 07-27 09:16:43 server.py:188] Confirm GPU group 250 for meta-llama/Meta-Llama-3-8B_sllm-condense_1 replica d980d941-2615-4d26-a42b-954603b3a71a success
INFO 07-27 09:16:43 server.py:188] Confirm GPU group 251 for meta-llama/Meta-Llama-3-8B_sllm-condense_1 replica d980d941-2615-4d26-a42b-954603b3a71a success
INFO 07-27 09:16:43 server.py:188] Confirm GPU group 252 for meta-llama/Meta-Llama-3-8B_sllm-condense_1 replica d980d941-2615-4d26-a42b-954603b3a71a success
INFO 07-27 09:16:43 server.py:188] Confirm GPU group 253 for meta-llama/Meta-Llama-3-8B_sllm-condense_1 replica d980d941-2615-4d26-a42b-954603b3a71a success
INFO 07-27 09:16:43 server.py:188] Confirm GPU group 254 for meta-llama/Meta-Llama-3-8B_sllm-condense_1 replica d980d941-2615-4d26-a42b-954603b3a71a success
INFO 07-27 09:16:43 server.py:188] Confirm GPU group 255 for meta-llama/Meta-Llama-3-8B_sllm-condense_1 replica d980d941-2615-4d26-a42b-954603b3a71a success
INFO 07-27 09:16:43 server.py:188] Confirm GPU group 256 for meta-llama/Meta-Llama-3-8B_sllm-condense_1 replica d980d941-2615-4d26-a42b-954603b3a71a success
INFO 07-27 09:16:43 server.py:188] Confirm GPU group 257 for meta-llama/Meta-Llama-3-8B_sllm-condense_1 replica d980d941-2615-4d26-a42b-954603b3a71a success
INFO 07-27 09:16:43 server.py:188] Confirm GPU group 258 for meta-llama/Meta-Llama-3-8B_sllm-condense_1 replica d980d941-2615-4d26-a42b-954603b3a71a success
INFO 07-27 09:16:43 server.py:188] Confirm GPU group 259 for meta-llama/Meta-Llama-3-8B_sllm-condense_1 replica d980d941-2615-4d26-a42b-954603b3a71a success
INFO 07-27 09:16:43 server.py:188] Confirm GPU group 260 for meta-llama/Meta-Llama-3-8B_sllm-condense_1 replica d980d941-2615-4d26-a42b-954603b3a71a success
INFO 07-27 09:16:43 server.py:188] Confirm GPU group 261 for meta-llama/Meta-Llama-3-8B_sllm-condense_1 replica d980d941-2615-4d26-a42b-954603b3a71a success
INFO 07-27 09:16:43 server.py:188] Confirm GPU group 262 for meta-llama/Meta-Llama-3-8B_sllm-condense_1 replica d980d941-2615-4d26-a42b-954603b3a71a success
INFO 07-27 09:16:43 server.py:188] Confirm GPU group 263 for meta-llama/Meta-Llama-3-8B_sllm-condense_1 replica d980d941-2615-4d26-a42b-954603b3a71a success
INFO 07-27 09:16:43 server.py:188] Confirm GPU group 264 for meta-llama/Meta-Llama-3-8B_sllm-condense_1 replica d980d941-2615-4d26-a42b-954603b3a71a success
INFO 07-27 09:16:43 server.py:188] Confirm GPU group 265 for meta-llama/Meta-Llama-3-8B_sllm-condense_1 replica d980d941-2615-4d26-a42b-954603b3a71a success
INFO 07-27 09:16:43 server.py:188] Confirm GPU group 266 for meta-llama/Meta-Llama-3-8B_sllm-condense_1 replica d980d941-2615-4d26-a42b-954603b3a71a success
INFO 07-27 09:16:43 server.py:188] Confirm GPU group 267 for meta-llama/Meta-Llama-3-8B_sllm-condense_1 replica d980d941-2615-4d26-a42b-954603b3a71a success
INFO 07-27 09:16:43 server.py:188] Confirm GPU group 268 for meta-llama/Meta-Llama-3-8B_sllm-condense_1 replica d980d941-2615-4d26-a42b-954603b3a71a success
INFO 07-27 09:16:43 server.py:188] Confirm GPU group 269 for meta-llama/Meta-Llama-3-8B_sllm-condense_1 replica d980d941-2615-4d26-a42b-954603b3a71a success
INFO 07-27 09:16:43 server.py:188] Confirm GPU group 270 for meta-llama/Meta-Llama-3-8B_sllm-condense_1 replica d980d941-2615-4d26-a42b-954603b3a71a success
INFO 07-27 09:16:43 server.py:188] Confirm GPU group 271 for meta-llama/Meta-Llama-3-8B_sllm-condense_1 replica d980d941-2615-4d26-a42b-954603b3a71a success
INFO 07-27 09:16:43 server.py:188] Confirm GPU group 272 for meta-llama/Meta-Llama-3-8B_sllm-condense_1 replica d980d941-2615-4d26-a42b-954603b3a71a success
INFO 07-27 09:16:43 server.py:188] Confirm GPU group 273 for meta-llama/Meta-Llama-3-8B_sllm-condense_1 replica d980d941-2615-4d26-a42b-954603b3a71a success
INFO 07-27 09:16:43 server.py:188] Confirm GPU group 274 for meta-llama/Meta-Llama-3-8B_sllm-condense_1 replica d980d941-2615-4d26-a42b-954603b3a71a success
INFO 07-27 09:16:43 server.py:188] Confirm GPU group 275 for meta-llama/Meta-Llama-3-8B_sllm-condense_1 replica d980d941-2615-4d26-a42b-954603b3a71a success
INFO 07-27 09:16:43 server.py:188] Confirm GPU group 276 for meta-llama/Meta-Llama-3-8B_sllm-condense_1 replica d980d941-2615-4d26-a42b-954603b3a71a success
INFO 07-27 09:16:43 server.py:188] Confirm GPU group 277 for meta-llama/Meta-Llama-3-8B_sllm-condense_1 replica d980d941-2615-4d26-a42b-954603b3a71a success
INFO 07-27 09:16:43 server.py:188] Confirm GPU group 278 for meta-llama/Meta-Llama-3-8B_sllm-condense_1 replica d980d941-2615-4d26-a42b-954603b3a71a success
INFO 07-27 09:16:43 server.py:188] Confirm GPU group 279 for meta-llama/Meta-Llama-3-8B_sllm-condense_1 replica d980d941-2615-4d26-a42b-954603b3a71a success
INFO 07-27 09:16:43 server.py:188] Confirm GPU group 280 for meta-llama/Meta-Llama-3-8B_sllm-condense_1 replica d980d941-2615-4d26-a42b-954603b3a71a success
INFO 07-27 09:16:43 server.py:188] Confirm GPU group 281 for meta-llama/Meta-Llama-3-8B_sllm-condense_1 replica d980d941-2615-4d26-a42b-954603b3a71a success
INFO 07-27 09:16:43 server.py:188] Confirm GPU group 282 for meta-llama/Meta-Llama-3-8B_sllm-condense_1 replica d980d941-2615-4d26-a42b-954603b3a71a success
INFO 07-27 09:16:43 server.py:188] Confirm GPU group 283 for meta-llama/Meta-Llama-3-8B_sllm-condense_1 replica d980d941-2615-4d26-a42b-954603b3a71a success
INFO 07-27 09:16:43 server.py:188] Confirm GPU group 284 for meta-llama/Meta-Llama-3-8B_sllm-condense_1 replica d980d941-2615-4d26-a42b-954603b3a71a success
INFO 07-27 09:16:43 server.py:188] Confirm GPU group 285 for meta-llama/Meta-Llama-3-8B_sllm-condense_1 replica d980d941-2615-4d26-a42b-954603b3a71a success
INFO 07-27 09:16:43 server.py:188] Confirm GPU group 286 for meta-llama/Meta-Llama-3-8B_sllm-condense_1 replica d980d941-2615-4d26-a42b-954603b3a71a success
INFO 07-27 09:16:43 server.py:188] Confirm GPU group 287 for meta-llama/Meta-Llama-3-8B_sllm-condense_1 replica d980d941-2615-4d26-a42b-954603b3a71a success
INFO 07-27 09:16:43 server.py:188] Confirm GPU group 288 for meta-llama/Meta-Llama-3-8B_sllm-condense_1 replica d980d941-2615-4d26-a42b-954603b3a71a success
INFO 07-27 09:16:43 server.py:188] Confirm GPU group 289 for meta-llama/Meta-Llama-3-8B_sllm-condense_1 replica d980d941-2615-4d26-a42b-954603b3a71a success
INFO 07-27 09:16:43 server.py:188] Confirm GPU group 290 for meta-llama/Meta-Llama-3-8B_sllm-condense_1 replica d980d941-2615-4d26-a42b-954603b3a71a success
INFO 07-27 09:16:43 server.py:138] Confirm model meta-llama/Meta-Llama-3-8B_sllm-condense_1 replica d980d941-2615-4d26-a42b-954603b3a71a success
I20260727 09:16:46.261389 2091727 model.cpp:53] Tensor file "/mnt/data1/mechels/sllm_storage/Llama-3-8B/meta-llama/Meta-Llama-3-8B_sllm-condense_3/tensor.data_1" does not exist
I20260727 09:16:46.261467 2091727 checkpoint_store.cpp:106] Model meta-llama/Meta-Llama-3-8B_sllm-condense_3 is registered
INFO 07-27 09:16:46 server.py:115] LoadModel: success meta-llama/Meta-Llama-3-8B_sllm-condense_3 with target 1
I20260727 09:16:46.261978 2100547 pinned_memory_pool.cpp:78] PinnedMemoryPool Allocate 423 buffers free buffers 1202 total buffers 2048
I20260727 09:16:46.262372 2100547 model.cpp:120] Loading model meta-llama/Meta-Llama-3-8B_sllm-condense_3 size 7080803840 to host
I20260727 09:16:46.262403 2100547 model.cpp:134] Loading model meta-llama/Meta-Llama-3-8B_sllm-condense_3 to host with 4 threads, 423 chunks, 16777216 chunk size, 106 chunks per thread
I20260727 09:16:46.262486 2100548 model.cpp:155] Thread 0 starting from partition 0 offset 0
I20260727 09:16:46.262534 2100550 model.cpp:155] Thread 2 starting from partition 0 offset 3556769792
I20260727 09:16:46.262573 2100549 model.cpp:155] Thread 1 starting from partition 0 offset 1778384896
I20260727 09:16:46.262591 2100551 model.cpp:155] Thread 3 starting from partition 0 offset 5335154688
I20260727 09:16:47.515116 2100703 checkpoint_store.cpp:209] Loading model meta-llama/Meta-Llama-3-8B_sllm-condense_3
INFO 07-27 09:16:47 server.py:115] LoadModel: success meta-llama/Meta-Llama-3-8B_sllm-condense_3 with target 2
I20260727 09:16:47.578194 2100703 model.cpp:269] Creating replica 253e7ac0-74b4-46ed-af79-0de2604367b9
I20260727 09:16:47.578265 2100703 model.cpp:273] Creating queue for device 0
I20260727 09:16:47.578296 2100703 model.cpp:285] Created replica 253e7ac0-74b4-46ed-af79-0de2604367b9
I20260727 09:16:47.578397 2100703 model.cpp:296] Dispatcher started for model meta-llama/Meta-Llama-3-8B_sllm-condense_3
I20260727 09:16:47.578445 2100703 model.cpp:363] Waiting for model meta-llama/Meta-Llama-3-8B_sllm-condense_3 num tasks 1 state 3
INFO 07-27 09:17:04 server.py:188] Confirm GPU group 0 for meta-llama/Meta-Llama-3-8B_sllm-condense_3 replica 253e7ac0-74b4-46ed-af79-0de2604367b9 success
INFO 07-27 09:17:04 server.py:188] Confirm GPU group 1 for meta-llama/Meta-Llama-3-8B_sllm-condense_3 replica 253e7ac0-74b4-46ed-af79-0de2604367b9 success
INFO 07-27 09:17:05 server.py:188] Confirm GPU group 2 for meta-llama/Meta-Llama-3-8B_sllm-condense_3 replica 253e7ac0-74b4-46ed-af79-0de2604367b9 success
INFO 07-27 09:17:05 server.py:188] Confirm GPU group 3 for meta-llama/Meta-Llama-3-8B_sllm-condense_3 replica 253e7ac0-74b4-46ed-af79-0de2604367b9 success
INFO 07-27 09:17:05 server.py:188] Confirm GPU group 4 for meta-llama/Meta-Llama-3-8B_sllm-condense_3 replica 253e7ac0-74b4-46ed-af79-0de2604367b9 success
INFO 07-27 09:17:08 server.py:188] Confirm GPU group 5 for meta-llama/Meta-Llama-3-8B_sllm-condense_3 replica 253e7ac0-74b4-46ed-af79-0de2604367b9 success
INFO 07-27 09:17:10 server.py:188] Confirm GPU group 6 for meta-llama/Meta-Llama-3-8B_sllm-condense_3 replica 253e7ac0-74b4-46ed-af79-0de2604367b9 success
INFO 07-27 09:17:12 server.py:188] Confirm GPU group 7 for meta-llama/Meta-Llama-3-8B_sllm-condense_3 replica 253e7ac0-74b4-46ed-af79-0de2604367b9 success
INFO 07-27 09:17:12 server.py:188] Confirm GPU group 8 for meta-llama/Meta-Llama-3-8B_sllm-condense_3 replica 253e7ac0-74b4-46ed-af79-0de2604367b9 success
INFO 07-27 09:17:12 server.py:188] Confirm GPU group 9 for meta-llama/Meta-Llama-3-8B_sllm-condense_3 replica 253e7ac0-74b4-46ed-af79-0de2604367b9 success
INFO 07-27 09:17:13 server.py:188] Confirm GPU group 10 for meta-llama/Meta-Llama-3-8B_sllm-condense_3 replica 253e7ac0-74b4-46ed-af79-0de2604367b9 success
INFO 07-27 09:17:13 server.py:188] Confirm GPU group 11 for meta-llama/Meta-Llama-3-8B_sllm-condense_3 replica 253e7ac0-74b4-46ed-af79-0de2604367b9 success
INFO 07-27 09:17:13 server.py:188] Confirm GPU group 12 for meta-llama/Meta-Llama-3-8B_sllm-condense_3 replica 253e7ac0-74b4-46ed-af79-0de2604367b9 success
INFO 07-27 09:17:14 server.py:188] Confirm GPU group 13 for meta-llama/Meta-Llama-3-8B_sllm-condense_3 replica 253e7ac0-74b4-46ed-af79-0de2604367b9 success
INFO 07-27 09:17:16 server.py:188] Confirm GPU group 14 for meta-llama/Meta-Llama-3-8B_sllm-condense_3 replica 253e7ac0-74b4-46ed-af79-0de2604367b9 success
INFO 07-27 09:17:18 server.py:188] Confirm GPU group 15 for meta-llama/Meta-Llama-3-8B_sllm-condense_3 replica 253e7ac0-74b4-46ed-af79-0de2604367b9 success
INFO 07-27 09:17:20 server.py:188] Confirm GPU group 16 for meta-llama/Meta-Llama-3-8B_sllm-condense_3 replica 253e7ac0-74b4-46ed-af79-0de2604367b9 success
INFO 07-27 09:17:20 server.py:188] Confirm GPU group 17 for meta-llama/Meta-Llama-3-8B_sllm-condense_3 replica 253e7ac0-74b4-46ed-af79-0de2604367b9 success
INFO 07-27 09:17:20 server.py:188] Confirm GPU group 18 for meta-llama/Meta-Llama-3-8B_sllm-condense_3 replica 253e7ac0-74b4-46ed-af79-0de2604367b9 success
INFO 07-27 09:17:21 server.py:188] Confirm GPU group 19 for meta-llama/Meta-Llama-3-8B_sllm-condense_3 replica 253e7ac0-74b4-46ed-af79-0de2604367b9 success
INFO 07-27 09:17:21 server.py:188] Confirm GPU group 20 for meta-llama/Meta-Llama-3-8B_sllm-condense_3 replica 253e7ac0-74b4-46ed-af79-0de2604367b9 success
INFO 07-27 09:17:22 server.py:188] Confirm GPU group 21 for meta-llama/Meta-Llama-3-8B_sllm-condense_3 replica 253e7ac0-74b4-46ed-af79-0de2604367b9 success
INFO 07-27 09:17:22 server.py:188] Confirm GPU group 22 for meta-llama/Meta-Llama-3-8B_sllm-condense_3 replica 253e7ac0-74b4-46ed-af79-0de2604367b9 success
INFO 07-27 09:17:24 server.py:188] Confirm GPU group 23 for meta-llama/Meta-Llama-3-8B_sllm-condense_3 replica 253e7ac0-74b4-46ed-af79-0de2604367b9 success
INFO 07-27 09:17:27 server.py:188] Confirm GPU group 24 for meta-llama/Meta-Llama-3-8B_sllm-condense_3 replica 253e7ac0-74b4-46ed-af79-0de2604367b9 success
INFO 07-27 09:17:29 server.py:188] Confirm GPU group 25 for meta-llama/Meta-Llama-3-8B_sllm-condense_3 replica 253e7ac0-74b4-46ed-af79-0de2604367b9 success
INFO 07-27 09:17:29 server.py:188] Confirm GPU group 26 for meta-llama/Meta-Llama-3-8B_sllm-condense_3 replica 253e7ac0-74b4-46ed-af79-0de2604367b9 success
INFO 07-27 09:17:29 server.py:188] Confirm GPU group 27 for meta-llama/Meta-Llama-3-8B_sllm-condense_3 replica 253e7ac0-74b4-46ed-af79-0de2604367b9 success
INFO 07-27 09:17:29 server.py:188] Confirm GPU group 28 for meta-llama/Meta-Llama-3-8B_sllm-condense_3 replica 253e7ac0-74b4-46ed-af79-0de2604367b9 success
INFO 07-27 09:17:29 server.py:188] Confirm GPU group 29 for meta-llama/Meta-Llama-3-8B_sllm-condense_3 replica 253e7ac0-74b4-46ed-af79-0de2604367b9 success
INFO 07-27 09:17:30 server.py:188] Confirm GPU group 30 for meta-llama/Meta-Llama-3-8B_sllm-condense_3 replica 253e7ac0-74b4-46ed-af79-0de2604367b9 success
INFO 07-27 09:17:31 server.py:188] Confirm GPU group 31 for meta-llama/Meta-Llama-3-8B_sllm-condense_3 replica 253e7ac0-74b4-46ed-af79-0de2604367b9 success
INFO 07-27 09:17:33 server.py:188] Confirm GPU group 32 for meta-llama/Meta-Llama-3-8B_sllm-condense_3 replica 253e7ac0-74b4-46ed-af79-0de2604367b9 success
INFO 07-27 09:17:35 server.py:188] Confirm GPU group 33 for meta-llama/Meta-Llama-3-8B_sllm-condense_3 replica 253e7ac0-74b4-46ed-af79-0de2604367b9 success
INFO 07-27 09:17:37 server.py:188] Confirm GPU group 34 for meta-llama/Meta-Llama-3-8B_sllm-condense_3 replica 253e7ac0-74b4-46ed-af79-0de2604367b9 success
INFO 07-27 09:17:37 server.py:188] Confirm GPU group 35 for meta-llama/Meta-Llama-3-8B_sllm-condense_3 replica 253e7ac0-74b4-46ed-af79-0de2604367b9 success
INFO 07-27 09:17:37 server.py:188] Confirm GPU group 36 for meta-llama/Meta-Llama-3-8B_sllm-condense_3 replica 253e7ac0-74b4-46ed-af79-0de2604367b9 success
INFO 07-27 09:17:37 server.py:188] Confirm GPU group 37 for meta-llama/Meta-Llama-3-8B_sllm-condense_3 replica 253e7ac0-74b4-46ed-af79-0de2604367b9 success
INFO 07-27 09:17:37 server.py:188] Confirm GPU group 38 for meta-llama/Meta-Llama-3-8B_sllm-condense_3 replica 253e7ac0-74b4-46ed-af79-0de2604367b9 success
INFO 07-27 09:17:37 server.py:188] Confirm GPU group 39 for meta-llama/Meta-Llama-3-8B_sllm-condense_3 replica 253e7ac0-74b4-46ed-af79-0de2604367b9 success
INFO 07-27 09:17:38 server.py:188] Confirm GPU group 40 for meta-llama/Meta-Llama-3-8B_sllm-condense_3 replica 253e7ac0-74b4-46ed-af79-0de2604367b9 success
INFO 07-27 09:17:41 server.py:188] Confirm GPU group 41 for meta-llama/Meta-Llama-3-8B_sllm-condense_3 replica 253e7ac0-74b4-46ed-af79-0de2604367b9 success
INFO 07-27 09:17:42 server.py:188] Confirm GPU group 42 for meta-llama/Meta-Llama-3-8B_sllm-condense_3 replica 253e7ac0-74b4-46ed-af79-0de2604367b9 success
INFO 07-27 09:17:45 server.py:188] Confirm GPU group 43 for meta-llama/Meta-Llama-3-8B_sllm-condense_3 replica 253e7ac0-74b4-46ed-af79-0de2604367b9 success
INFO 07-27 09:17:45 server.py:188] Confirm GPU group 44 for meta-llama/Meta-Llama-3-8B_sllm-condense_3 replica 253e7ac0-74b4-46ed-af79-0de2604367b9 success
INFO 07-27 09:17:45 server.py:188] Confirm GPU group 45 for meta-llama/Meta-Llama-3-8B_sllm-condense_3 replica 253e7ac0-74b4-46ed-af79-0de2604367b9 success
INFO 07-27 09:17:46 server.py:188] Confirm GPU group 46 for meta-llama/Meta-Llama-3-8B_sllm-condense_3 replica 253e7ac0-74b4-46ed-af79-0de2604367b9 success
INFO 07-27 09:17:46 server.py:188] Confirm GPU group 47 for meta-llama/Meta-Llama-3-8B_sllm-condense_3 replica 253e7ac0-74b4-46ed-af79-0de2604367b9 success
INFO 07-27 09:17:46 server.py:188] Confirm GPU group 48 for meta-llama/Meta-Llama-3-8B_sllm-condense_3 replica 253e7ac0-74b4-46ed-af79-0de2604367b9 success
INFO 07-27 09:17:47 server.py:188] Confirm GPU group 49 for meta-llama/Meta-Llama-3-8B_sllm-condense_3 replica 253e7ac0-74b4-46ed-af79-0de2604367b9 success
INFO 07-27 09:17:49 server.py:188] Confirm GPU group 50 for meta-llama/Meta-Llama-3-8B_sllm-condense_3 replica 253e7ac0-74b4-46ed-af79-0de2604367b9 success
INFO 07-27 09:17:51 server.py:188] Confirm GPU group 51 for meta-llama/Meta-Llama-3-8B_sllm-condense_3 replica 253e7ac0-74b4-46ed-af79-0de2604367b9 success
INFO 07-27 09:17:53 server.py:188] Confirm GPU group 52 for meta-llama/Meta-Llama-3-8B_sllm-condense_3 replica 253e7ac0-74b4-46ed-af79-0de2604367b9 success
INFO 07-27 09:17:53 server.py:188] Confirm GPU group 53 for meta-llama/Meta-Llama-3-8B_sllm-condense_3 replica 253e7ac0-74b4-46ed-af79-0de2604367b9 success
INFO 07-27 09:17:53 server.py:188] Confirm GPU group 54 for meta-llama/Meta-Llama-3-8B_sllm-condense_3 replica 253e7ac0-74b4-46ed-af79-0de2604367b9 success
INFO 07-27 09:17:54 server.py:188] Confirm GPU group 55 for meta-llama/Meta-Llama-3-8B_sllm-condense_3 replica 253e7ac0-74b4-46ed-af79-0de2604367b9 success
INFO 07-27 09:17:54 server.py:188] Confirm GPU group 56 for meta-llama/Meta-Llama-3-8B_sllm-condense_3 replica 253e7ac0-74b4-46ed-af79-0de2604367b9 success
INFO 07-27 09:17:55 server.py:188] Confirm GPU group 57 for meta-llama/Meta-Llama-3-8B_sllm-condense_3 replica 253e7ac0-74b4-46ed-af79-0de2604367b9 success
INFO 07-27 09:17:55 server.py:188] Confirm GPU group 58 for meta-llama/Meta-Llama-3-8B_sllm-condense_3 replica 253e7ac0-74b4-46ed-af79-0de2604367b9 success
INFO 07-27 09:17:58 server.py:188] Confirm GPU group 59 for meta-llama/Meta-Llama-3-8B_sllm-condense_3 replica 253e7ac0-74b4-46ed-af79-0de2604367b9 success
INFO 07-27 09:17:59 server.py:188] Confirm GPU group 60 for meta-llama/Meta-Llama-3-8B_sllm-condense_3 replica 253e7ac0-74b4-46ed-af79-0de2604367b9 success
INFO 07-27 09:18:00 server.py:188] Confirm GPU group 61 for meta-llama/Meta-Llama-3-8B_sllm-condense_3 replica 253e7ac0-74b4-46ed-af79-0de2604367b9 success
INFO 07-27 09:18:00 server.py:188] Confirm GPU group 62 for meta-llama/Meta-Llama-3-8B_sllm-condense_3 replica 253e7ac0-74b4-46ed-af79-0de2604367b9 success
INFO 07-27 09:18:00 server.py:188] Confirm GPU group 63 for meta-llama/Meta-Llama-3-8B_sllm-condense_3 replica 253e7ac0-74b4-46ed-af79-0de2604367b9 success
INFO 07-27 09:18:00 server.py:188] Confirm GPU group 64 for meta-llama/Meta-Llama-3-8B_sllm-condense_3 replica 253e7ac0-74b4-46ed-af79-0de2604367b9 success
INFO 07-27 09:18:00 server.py:188] Confirm GPU group 65 for meta-llama/Meta-Llama-3-8B_sllm-condense_3 replica 253e7ac0-74b4-46ed-af79-0de2604367b9 success
INFO 07-27 09:18:00 server.py:188] Confirm GPU group 66 for meta-llama/Meta-Llama-3-8B_sllm-condense_3 replica 253e7ac0-74b4-46ed-af79-0de2604367b9 success
INFO 07-27 09:18:00 server.py:188] Confirm GPU group 67 for meta-llama/Meta-Llama-3-8B_sllm-condense_3 replica 253e7ac0-74b4-46ed-af79-0de2604367b9 success
INFO 07-27 09:18:00 server.py:188] Confirm GPU group 68 for meta-llama/Meta-Llama-3-8B_sllm-condense_3 replica 253e7ac0-74b4-46ed-af79-0de2604367b9 success
INFO 07-27 09:18:00 server.py:188] Confirm GPU group 69 for meta-llama/Meta-Llama-3-8B_sllm-condense_3 replica 253e7ac0-74b4-46ed-af79-0de2604367b9 success
INFO 07-27 09:18:00 server.py:188] Confirm GPU group 70 for meta-llama/Meta-Llama-3-8B_sllm-condense_3 replica 253e7ac0-74b4-46ed-af79-0de2604367b9 success
INFO 07-27 09:18:00 server.py:188] Confirm GPU group 71 for meta-llama/Meta-Llama-3-8B_sllm-condense_3 replica 253e7ac0-74b4-46ed-af79-0de2604367b9 success
INFO 07-27 09:18:00 server.py:188] Confirm GPU group 72 for meta-llama/Meta-Llama-3-8B_sllm-condense_3 replica 253e7ac0-74b4-46ed-af79-0de2604367b9 success
INFO 07-27 09:18:00 server.py:188] Confirm GPU group 73 for meta-llama/Meta-Llama-3-8B_sllm-condense_3 replica 253e7ac0-74b4-46ed-af79-0de2604367b9 success
INFO 07-27 09:18:00 server.py:188] Confirm GPU group 74 for meta-llama/Meta-Llama-3-8B_sllm-condense_3 replica 253e7ac0-74b4-46ed-af79-0de2604367b9 success
INFO 07-27 09:18:00 server.py:188] Confirm GPU group 75 for meta-llama/Meta-Llama-3-8B_sllm-condense_3 replica 253e7ac0-74b4-46ed-af79-0de2604367b9 success
INFO 07-27 09:18:00 server.py:188] Confirm GPU group 76 for meta-llama/Meta-Llama-3-8B_sllm-condense_3 replica 253e7ac0-74b4-46ed-af79-0de2604367b9 success
INFO 07-27 09:18:00 server.py:188] Confirm GPU group 77 for meta-llama/Meta-Llama-3-8B_sllm-condense_3 replica 253e7ac0-74b4-46ed-af79-0de2604367b9 success
INFO 07-27 09:18:00 server.py:188] Confirm GPU group 78 for meta-llama/Meta-Llama-3-8B_sllm-condense_3 replica 253e7ac0-74b4-46ed-af79-0de2604367b9 success
INFO 07-27 09:18:00 server.py:188] Confirm GPU group 79 for meta-llama/Meta-Llama-3-8B_sllm-condense_3 replica 253e7ac0-74b4-46ed-af79-0de2604367b9 success
INFO 07-27 09:18:00 server.py:188] Confirm GPU group 80 for meta-llama/Meta-Llama-3-8B_sllm-condense_3 replica 253e7ac0-74b4-46ed-af79-0de2604367b9 success
INFO 07-27 09:18:00 server.py:188] Confirm GPU group 81 for meta-llama/Meta-Llama-3-8B_sllm-condense_3 replica 253e7ac0-74b4-46ed-af79-0de2604367b9 success
INFO 07-27 09:18:00 server.py:188] Confirm GPU group 82 for meta-llama/Meta-Llama-3-8B_sllm-condense_3 replica 253e7ac0-74b4-46ed-af79-0de2604367b9 success
INFO 07-27 09:18:00 server.py:188] Confirm GPU group 83 for meta-llama/Meta-Llama-3-8B_sllm-condense_3 replica 253e7ac0-74b4-46ed-af79-0de2604367b9 success
INFO 07-27 09:18:00 server.py:188] Confirm GPU group 84 for meta-llama/Meta-Llama-3-8B_sllm-condense_3 replica 253e7ac0-74b4-46ed-af79-0de2604367b9 success
INFO 07-27 09:18:00 server.py:188] Confirm GPU group 85 for meta-llama/Meta-Llama-3-8B_sllm-condense_3 replica 253e7ac0-74b4-46ed-af79-0de2604367b9 success
INFO 07-27 09:18:00 server.py:188] Confirm GPU group 86 for meta-llama/Meta-Llama-3-8B_sllm-condense_3 replica 253e7ac0-74b4-46ed-af79-0de2604367b9 success
INFO 07-27 09:18:00 server.py:188] Confirm GPU group 87 for meta-llama/Meta-Llama-3-8B_sllm-condense_3 replica 253e7ac0-74b4-46ed-af79-0de2604367b9 success
INFO 07-27 09:18:00 server.py:188] Confirm GPU group 88 for meta-llama/Meta-Llama-3-8B_sllm-condense_3 replica 253e7ac0-74b4-46ed-af79-0de2604367b9 success
INFO 07-27 09:18:00 server.py:188] Confirm GPU group 89 for meta-llama/Meta-Llama-3-8B_sllm-condense_3 replica 253e7ac0-74b4-46ed-af79-0de2604367b9 success
INFO 07-27 09:18:00 server.py:188] Confirm GPU group 90 for meta-llama/Meta-Llama-3-8B_sllm-condense_3 replica 253e7ac0-74b4-46ed-af79-0de2604367b9 success
INFO 07-27 09:18:00 server.py:188] Confirm GPU group 91 for meta-llama/Meta-Llama-3-8B_sllm-condense_3 replica 253e7ac0-74b4-46ed-af79-0de2604367b9 success
INFO 07-27 09:18:00 server.py:188] Confirm GPU group 92 for meta-llama/Meta-Llama-3-8B_sllm-condense_3 replica 253e7ac0-74b4-46ed-af79-0de2604367b9 success
INFO 07-27 09:18:00 server.py:188] Confirm GPU group 93 for meta-llama/Meta-Llama-3-8B_sllm-condense_3 replica 253e7ac0-74b4-46ed-af79-0de2604367b9 success
INFO 07-27 09:18:00 server.py:188] Confirm GPU group 94 for meta-llama/Meta-Llama-3-8B_sllm-condense_3 replica 253e7ac0-74b4-46ed-af79-0de2604367b9 success
INFO 07-27 09:18:00 server.py:188] Confirm GPU group 95 for meta-llama/Meta-Llama-3-8B_sllm-condense_3 replica 253e7ac0-74b4-46ed-af79-0de2604367b9 success
INFO 07-27 09:18:00 server.py:188] Confirm GPU group 96 for meta-llama/Meta-Llama-3-8B_sllm-condense_3 replica 253e7ac0-74b4-46ed-af79-0de2604367b9 success
I20260727 09:18:00.646409 2100547 model.cpp:250] Finished loading model meta-llama/Meta-Llama-3-8B_sllm-condense_3 from disk
I20260727 09:18:00.646520 2100705 model.cpp:356] Finished loading tensor from memory to device 0
INFO 07-27 09:18:00 server.py:188] Confirm GPU group 97 for meta-llama/Meta-Llama-3-8B_sllm-condense_3 replica 253e7ac0-74b4-46ed-af79-0de2604367b9 success
INFO 07-27 09:18:00 server.py:188] Confirm GPU group 98 for meta-llama/Meta-Llama-3-8B_sllm-condense_3 replica 253e7ac0-74b4-46ed-af79-0de2604367b9 success
INFO 07-27 09:18:00 server.py:188] Confirm GPU group 99 for meta-llama/Meta-Llama-3-8B_sllm-condense_3 replica 253e7ac0-74b4-46ed-af79-0de2604367b9 success
INFO 07-27 09:18:00 server.py:188] Confirm GPU group 100 for meta-llama/Meta-Llama-3-8B_sllm-condense_3 replica 253e7ac0-74b4-46ed-af79-0de2604367b9 success
INFO 07-27 09:18:00 server.py:188] Confirm GPU group 101 for meta-llama/Meta-Llama-3-8B_sllm-condense_3 replica 253e7ac0-74b4-46ed-af79-0de2604367b9 success
INFO 07-27 09:18:00 server.py:188] Confirm GPU group 102 for meta-llama/Meta-Llama-3-8B_sllm-condense_3 replica 253e7ac0-74b4-46ed-af79-0de2604367b9 success
INFO 07-27 09:18:00 server.py:188] Confirm GPU group 103 for meta-llama/Meta-Llama-3-8B_sllm-condense_3 replica 253e7ac0-74b4-46ed-af79-0de2604367b9 success
INFO 07-27 09:18:00 server.py:188] Confirm GPU group 104 for meta-llama/Meta-Llama-3-8B_sllm-condense_3 replica 253e7ac0-74b4-46ed-af79-0de2604367b9 success
INFO 07-27 09:18:00 server.py:188] Confirm GPU group 105 for meta-llama/Meta-Llama-3-8B_sllm-condense_3 replica 253e7ac0-74b4-46ed-af79-0de2604367b9 success
INFO 07-27 09:18:00 server.py:188] Confirm GPU group 106 for meta-llama/Meta-Llama-3-8B_sllm-condense_3 replica 253e7ac0-74b4-46ed-af79-0de2604367b9 success
INFO 07-27 09:18:00 server.py:188] Confirm GPU group 107 for meta-llama/Meta-Llama-3-8B_sllm-condense_3 replica 253e7ac0-74b4-46ed-af79-0de2604367b9 success
INFO 07-27 09:18:00 server.py:188] Confirm GPU group 108 for meta-llama/Meta-Llama-3-8B_sllm-condense_3 replica 253e7ac0-74b4-46ed-af79-0de2604367b9 success
INFO 07-27 09:18:00 server.py:188] Confirm GPU group 109 for meta-llama/Meta-Llama-3-8B_sllm-condense_3 replica 253e7ac0-74b4-46ed-af79-0de2604367b9 success
INFO 07-27 09:18:00 server.py:188] Confirm GPU group 110 for meta-llama/Meta-Llama-3-8B_sllm-condense_3 replica 253e7ac0-74b4-46ed-af79-0de2604367b9 success
INFO 07-27 09:18:00 server.py:188] Confirm GPU group 111 for meta-llama/Meta-Llama-3-8B_sllm-condense_3 replica 253e7ac0-74b4-46ed-af79-0de2604367b9 success
INFO 07-27 09:18:00 server.py:188] Confirm GPU group 112 for meta-llama/Meta-Llama-3-8B_sllm-condense_3 replica 253e7ac0-74b4-46ed-af79-0de2604367b9 success
INFO 07-27 09:18:00 server.py:188] Confirm GPU group 113 for meta-llama/Meta-Llama-3-8B_sllm-condense_3 replica 253e7ac0-74b4-46ed-af79-0de2604367b9 success
INFO 07-27 09:18:00 server.py:188] Confirm GPU group 114 for meta-llama/Meta-Llama-3-8B_sllm-condense_3 replica 253e7ac0-74b4-46ed-af79-0de2604367b9 success
INFO 07-27 09:18:00 server.py:188] Confirm GPU group 115 for meta-llama/Meta-Llama-3-8B_sllm-condense_3 replica 253e7ac0-74b4-46ed-af79-0de2604367b9 success
INFO 07-27 09:18:00 server.py:188] Confirm GPU group 116 for meta-llama/Meta-Llama-3-8B_sllm-condense_3 replica 253e7ac0-74b4-46ed-af79-0de2604367b9 success
INFO 07-27 09:18:00 server.py:188] Confirm GPU group 117 for meta-llama/Meta-Llama-3-8B_sllm-condense_3 replica 253e7ac0-74b4-46ed-af79-0de2604367b9 success
INFO 07-27 09:18:00 server.py:188] Confirm GPU group 118 for meta-llama/Meta-Llama-3-8B_sllm-condense_3 replica 253e7ac0-74b4-46ed-af79-0de2604367b9 success
INFO 07-27 09:18:00 server.py:188] Confirm GPU group 119 for meta-llama/Meta-Llama-3-8B_sllm-condense_3 replica 253e7ac0-74b4-46ed-af79-0de2604367b9 success
INFO 07-27 09:18:00 server.py:188] Confirm GPU group 120 for meta-llama/Meta-Llama-3-8B_sllm-condense_3 replica 253e7ac0-74b4-46ed-af79-0de2604367b9 success
INFO 07-27 09:18:00 server.py:188] Confirm GPU group 121 for meta-llama/Meta-Llama-3-8B_sllm-condense_3 replica 253e7ac0-74b4-46ed-af79-0de2604367b9 success
INFO 07-27 09:18:00 server.py:188] Confirm GPU group 122 for meta-llama/Meta-Llama-3-8B_sllm-condense_3 replica 253e7ac0-74b4-46ed-af79-0de2604367b9 success
INFO 07-27 09:18:00 server.py:188] Confirm GPU group 123 for meta-llama/Meta-Llama-3-8B_sllm-condense_3 replica 253e7ac0-74b4-46ed-af79-0de2604367b9 success
INFO 07-27 09:18:00 server.py:188] Confirm GPU group 124 for meta-llama/Meta-Llama-3-8B_sllm-condense_3 replica 253e7ac0-74b4-46ed-af79-0de2604367b9 success
INFO 07-27 09:18:00 server.py:188] Confirm GPU group 125 for meta-llama/Meta-Llama-3-8B_sllm-condense_3 replica 253e7ac0-74b4-46ed-af79-0de2604367b9 success
INFO 07-27 09:18:00 server.py:188] Confirm GPU group 126 for meta-llama/Meta-Llama-3-8B_sllm-condense_3 replica 253e7ac0-74b4-46ed-af79-0de2604367b9 success
INFO 07-27 09:18:00 server.py:188] Confirm GPU group 127 for meta-llama/Meta-Llama-3-8B_sllm-condense_3 replica 253e7ac0-74b4-46ed-af79-0de2604367b9 success
INFO 07-27 09:18:00 server.py:188] Confirm GPU group 128 for meta-llama/Meta-Llama-3-8B_sllm-condense_3 replica 253e7ac0-74b4-46ed-af79-0de2604367b9 success
INFO 07-27 09:18:00 server.py:188] Confirm GPU group 129 for meta-llama/Meta-Llama-3-8B_sllm-condense_3 replica 253e7ac0-74b4-46ed-af79-0de2604367b9 success
INFO 07-27 09:18:00 server.py:188] Confirm GPU group 130 for meta-llama/Meta-Llama-3-8B_sllm-condense_3 replica 253e7ac0-74b4-46ed-af79-0de2604367b9 success
INFO 07-27 09:18:00 server.py:188] Confirm GPU group 131 for meta-llama/Meta-Llama-3-8B_sllm-condense_3 replica 253e7ac0-74b4-46ed-af79-0de2604367b9 success
INFO 07-27 09:18:00 server.py:188] Confirm GPU group 132 for meta-llama/Meta-Llama-3-8B_sllm-condense_3 replica 253e7ac0-74b4-46ed-af79-0de2604367b9 success
INFO 07-27 09:18:00 server.py:188] Confirm GPU group 133 for meta-llama/Meta-Llama-3-8B_sllm-condense_3 replica 253e7ac0-74b4-46ed-af79-0de2604367b9 success
INFO 07-27 09:18:00 server.py:188] Confirm GPU group 134 for meta-llama/Meta-Llama-3-8B_sllm-condense_3 replica 253e7ac0-74b4-46ed-af79-0de2604367b9 success
INFO 07-27 09:18:00 server.py:188] Confirm GPU group 135 for meta-llama/Meta-Llama-3-8B_sllm-condense_3 replica 253e7ac0-74b4-46ed-af79-0de2604367b9 success
INFO 07-27 09:18:00 server.py:188] Confirm GPU group 136 for meta-llama/Meta-Llama-3-8B_sllm-condense_3 replica 253e7ac0-74b4-46ed-af79-0de2604367b9 success
INFO 07-27 09:18:00 server.py:188] Confirm GPU group 137 for meta-llama/Meta-Llama-3-8B_sllm-condense_3 replica 253e7ac0-74b4-46ed-af79-0de2604367b9 success
INFO 07-27 09:18:00 server.py:188] Confirm GPU group 138 for meta-llama/Meta-Llama-3-8B_sllm-condense_3 replica 253e7ac0-74b4-46ed-af79-0de2604367b9 success
INFO 07-27 09:18:00 server.py:188] Confirm GPU group 139 for meta-llama/Meta-Llama-3-8B_sllm-condense_3 replica 253e7ac0-74b4-46ed-af79-0de2604367b9 success
INFO 07-27 09:18:00 server.py:188] Confirm GPU group 140 for meta-llama/Meta-Llama-3-8B_sllm-condense_3 replica 253e7ac0-74b4-46ed-af79-0de2604367b9 success
INFO 07-27 09:18:00 server.py:188] Confirm GPU group 141 for meta-llama/Meta-Llama-3-8B_sllm-condense_3 replica 253e7ac0-74b4-46ed-af79-0de2604367b9 success
INFO 07-27 09:18:00 server.py:188] Confirm GPU group 142 for meta-llama/Meta-Llama-3-8B_sllm-condense_3 replica 253e7ac0-74b4-46ed-af79-0de2604367b9 success
INFO 07-27 09:18:00 server.py:188] Confirm GPU group 143 for meta-llama/Meta-Llama-3-8B_sllm-condense_3 replica 253e7ac0-74b4-46ed-af79-0de2604367b9 success
INFO 07-27 09:18:00 server.py:188] Confirm GPU group 144 for meta-llama/Meta-Llama-3-8B_sllm-condense_3 replica 253e7ac0-74b4-46ed-af79-0de2604367b9 success
INFO 07-27 09:18:00 server.py:188] Confirm GPU group 145 for meta-llama/Meta-Llama-3-8B_sllm-condense_3 replica 253e7ac0-74b4-46ed-af79-0de2604367b9 success
INFO 07-27 09:18:00 server.py:188] Confirm GPU group 146 for meta-llama/Meta-Llama-3-8B_sllm-condense_3 replica 253e7ac0-74b4-46ed-af79-0de2604367b9 success
INFO 07-27 09:18:00 server.py:188] Confirm GPU group 147 for meta-llama/Meta-Llama-3-8B_sllm-condense_3 replica 253e7ac0-74b4-46ed-af79-0de2604367b9 success
INFO 07-27 09:18:00 server.py:188] Confirm GPU group 148 for meta-llama/Meta-Llama-3-8B_sllm-condense_3 replica 253e7ac0-74b4-46ed-af79-0de2604367b9 success
INFO 07-27 09:18:00 server.py:188] Confirm GPU group 149 for meta-llama/Meta-Llama-3-8B_sllm-condense_3 replica 253e7ac0-74b4-46ed-af79-0de2604367b9 success
INFO 07-27 09:18:01 server.py:188] Confirm GPU group 150 for meta-llama/Meta-Llama-3-8B_sllm-condense_3 replica 253e7ac0-74b4-46ed-af79-0de2604367b9 success
INFO 07-27 09:18:01 server.py:188] Confirm GPU group 151 for meta-llama/Meta-Llama-3-8B_sllm-condense_3 replica 253e7ac0-74b4-46ed-af79-0de2604367b9 success
INFO 07-27 09:18:01 server.py:188] Confirm GPU group 152 for meta-llama/Meta-Llama-3-8B_sllm-condense_3 replica 253e7ac0-74b4-46ed-af79-0de2604367b9 success
INFO 07-27 09:18:01 server.py:188] Confirm GPU group 153 for meta-llama/Meta-Llama-3-8B_sllm-condense_3 replica 253e7ac0-74b4-46ed-af79-0de2604367b9 success
INFO 07-27 09:18:01 server.py:188] Confirm GPU group 154 for meta-llama/Meta-Llama-3-8B_sllm-condense_3 replica 253e7ac0-74b4-46ed-af79-0de2604367b9 success
INFO 07-27 09:18:01 server.py:188] Confirm GPU group 155 for meta-llama/Meta-Llama-3-8B_sllm-condense_3 replica 253e7ac0-74b4-46ed-af79-0de2604367b9 success
INFO 07-27 09:18:01 server.py:188] Confirm GPU group 156 for meta-llama/Meta-Llama-3-8B_sllm-condense_3 replica 253e7ac0-74b4-46ed-af79-0de2604367b9 success
INFO 07-27 09:18:01 server.py:188] Confirm GPU group 157 for meta-llama/Meta-Llama-3-8B_sllm-condense_3 replica 253e7ac0-74b4-46ed-af79-0de2604367b9 success
INFO 07-27 09:18:01 server.py:188] Confirm GPU group 158 for meta-llama/Meta-Llama-3-8B_sllm-condense_3 replica 253e7ac0-74b4-46ed-af79-0de2604367b9 success
INFO 07-27 09:18:01 server.py:188] Confirm GPU group 159 for meta-llama/Meta-Llama-3-8B_sllm-condense_3 replica 253e7ac0-74b4-46ed-af79-0de2604367b9 success
INFO 07-27 09:18:01 server.py:188] Confirm GPU group 160 for meta-llama/Meta-Llama-3-8B_sllm-condense_3 replica 253e7ac0-74b4-46ed-af79-0de2604367b9 success
INFO 07-27 09:18:01 server.py:188] Confirm GPU group 161 for meta-llama/Meta-Llama-3-8B_sllm-condense_3 replica 253e7ac0-74b4-46ed-af79-0de2604367b9 success
INFO 07-27 09:18:01 server.py:188] Confirm GPU group 162 for meta-llama/Meta-Llama-3-8B_sllm-condense_3 replica 253e7ac0-74b4-46ed-af79-0de2604367b9 success
INFO 07-27 09:18:01 server.py:188] Confirm GPU group 163 for meta-llama/Meta-Llama-3-8B_sllm-condense_3 replica 253e7ac0-74b4-46ed-af79-0de2604367b9 success
INFO 07-27 09:18:01 server.py:188] Confirm GPU group 164 for meta-llama/Meta-Llama-3-8B_sllm-condense_3 replica 253e7ac0-74b4-46ed-af79-0de2604367b9 success
INFO 07-27 09:18:01 server.py:188] Confirm GPU group 165 for meta-llama/Meta-Llama-3-8B_sllm-condense_3 replica 253e7ac0-74b4-46ed-af79-0de2604367b9 success
INFO 07-27 09:18:01 server.py:188] Confirm GPU group 166 for meta-llama/Meta-Llama-3-8B_sllm-condense_3 replica 253e7ac0-74b4-46ed-af79-0de2604367b9 success
INFO 07-27 09:18:01 server.py:188] Confirm GPU group 167 for meta-llama/Meta-Llama-3-8B_sllm-condense_3 replica 253e7ac0-74b4-46ed-af79-0de2604367b9 success
INFO 07-27 09:18:01 server.py:188] Confirm GPU group 168 for meta-llama/Meta-Llama-3-8B_sllm-condense_3 replica 253e7ac0-74b4-46ed-af79-0de2604367b9 success
INFO 07-27 09:18:01 server.py:188] Confirm GPU group 169 for meta-llama/Meta-Llama-3-8B_sllm-condense_3 replica 253e7ac0-74b4-46ed-af79-0de2604367b9 success
INFO 07-27 09:18:01 server.py:188] Confirm GPU group 170 for meta-llama/Meta-Llama-3-8B_sllm-condense_3 replica 253e7ac0-74b4-46ed-af79-0de2604367b9 success
INFO 07-27 09:18:01 server.py:188] Confirm GPU group 171 for meta-llama/Meta-Llama-3-8B_sllm-condense_3 replica 253e7ac0-74b4-46ed-af79-0de2604367b9 success
INFO 07-27 09:18:01 server.py:188] Confirm GPU group 172 for meta-llama/Meta-Llama-3-8B_sllm-condense_3 replica 253e7ac0-74b4-46ed-af79-0de2604367b9 success
INFO 07-27 09:18:01 server.py:188] Confirm GPU group 173 for meta-llama/Meta-Llama-3-8B_sllm-condense_3 replica 253e7ac0-74b4-46ed-af79-0de2604367b9 success
INFO 07-27 09:18:01 server.py:188] Confirm GPU group 174 for meta-llama/Meta-Llama-3-8B_sllm-condense_3 replica 253e7ac0-74b4-46ed-af79-0de2604367b9 success
INFO 07-27 09:18:01 server.py:188] Confirm GPU group 175 for meta-llama/Meta-Llama-3-8B_sllm-condense_3 replica 253e7ac0-74b4-46ed-af79-0de2604367b9 success
INFO 07-27 09:18:01 server.py:188] Confirm GPU group 176 for meta-llama/Meta-Llama-3-8B_sllm-condense_3 replica 253e7ac0-74b4-46ed-af79-0de2604367b9 success
INFO 07-27 09:18:01 server.py:188] Confirm GPU group 177 for meta-llama/Meta-Llama-3-8B_sllm-condense_3 replica 253e7ac0-74b4-46ed-af79-0de2604367b9 success
INFO 07-27 09:18:01 server.py:188] Confirm GPU group 178 for meta-llama/Meta-Llama-3-8B_sllm-condense_3 replica 253e7ac0-74b4-46ed-af79-0de2604367b9 success
INFO 07-27 09:18:01 server.py:188] Confirm GPU group 179 for meta-llama/Meta-Llama-3-8B_sllm-condense_3 replica 253e7ac0-74b4-46ed-af79-0de2604367b9 success
INFO 07-27 09:18:01 server.py:188] Confirm GPU group 180 for meta-llama/Meta-Llama-3-8B_sllm-condense_3 replica 253e7ac0-74b4-46ed-af79-0de2604367b9 success
INFO 07-27 09:18:01 server.py:188] Confirm GPU group 181 for meta-llama/Meta-Llama-3-8B_sllm-condense_3 replica 253e7ac0-74b4-46ed-af79-0de2604367b9 success
INFO 07-27 09:18:01 server.py:188] Confirm GPU group 182 for meta-llama/Meta-Llama-3-8B_sllm-condense_3 replica 253e7ac0-74b4-46ed-af79-0de2604367b9 success
INFO 07-27 09:18:01 server.py:188] Confirm GPU group 183 for meta-llama/Meta-Llama-3-8B_sllm-condense_3 replica 253e7ac0-74b4-46ed-af79-0de2604367b9 success
INFO 07-27 09:18:01 server.py:188] Confirm GPU group 184 for meta-llama/Meta-Llama-3-8B_sllm-condense_3 replica 253e7ac0-74b4-46ed-af79-0de2604367b9 success
INFO 07-27 09:18:01 server.py:188] Confirm GPU group 185 for meta-llama/Meta-Llama-3-8B_sllm-condense_3 replica 253e7ac0-74b4-46ed-af79-0de2604367b9 success
INFO 07-27 09:18:01 server.py:188] Confirm GPU group 186 for meta-llama/Meta-Llama-3-8B_sllm-condense_3 replica 253e7ac0-74b4-46ed-af79-0de2604367b9 success
INFO 07-27 09:18:01 server.py:188] Confirm GPU group 187 for meta-llama/Meta-Llama-3-8B_sllm-condense_3 replica 253e7ac0-74b4-46ed-af79-0de2604367b9 success
INFO 07-27 09:18:01 server.py:188] Confirm GPU group 188 for meta-llama/Meta-Llama-3-8B_sllm-condense_3 replica 253e7ac0-74b4-46ed-af79-0de2604367b9 success
INFO 07-27 09:18:01 server.py:188] Confirm GPU group 189 for meta-llama/Meta-Llama-3-8B_sllm-condense_3 replica 253e7ac0-74b4-46ed-af79-0de2604367b9 success
INFO 07-27 09:18:01 server.py:188] Confirm GPU group 190 for meta-llama/Meta-Llama-3-8B_sllm-condense_3 replica 253e7ac0-74b4-46ed-af79-0de2604367b9 success
INFO 07-27 09:18:01 server.py:188] Confirm GPU group 191 for meta-llama/Meta-Llama-3-8B_sllm-condense_3 replica 253e7ac0-74b4-46ed-af79-0de2604367b9 success
INFO 07-27 09:18:01 server.py:188] Confirm GPU group 192 for meta-llama/Meta-Llama-3-8B_sllm-condense_3 replica 253e7ac0-74b4-46ed-af79-0de2604367b9 success
INFO 07-27 09:18:01 server.py:188] Confirm GPU group 193 for meta-llama/Meta-Llama-3-8B_sllm-condense_3 replica 253e7ac0-74b4-46ed-af79-0de2604367b9 success
INFO 07-27 09:18:01 server.py:188] Confirm GPU group 194 for meta-llama/Meta-Llama-3-8B_sllm-condense_3 replica 253e7ac0-74b4-46ed-af79-0de2604367b9 success
INFO 07-27 09:18:01 server.py:188] Confirm GPU group 195 for meta-llama/Meta-Llama-3-8B_sllm-condense_3 replica 253e7ac0-74b4-46ed-af79-0de2604367b9 success
INFO 07-27 09:18:01 server.py:188] Confirm GPU group 196 for meta-llama/Meta-Llama-3-8B_sllm-condense_3 replica 253e7ac0-74b4-46ed-af79-0de2604367b9 success
INFO 07-27 09:18:01 server.py:188] Confirm GPU group 197 for meta-llama/Meta-Llama-3-8B_sllm-condense_3 replica 253e7ac0-74b4-46ed-af79-0de2604367b9 success
INFO 07-27 09:18:01 server.py:188] Confirm GPU group 198 for meta-llama/Meta-Llama-3-8B_sllm-condense_3 replica 253e7ac0-74b4-46ed-af79-0de2604367b9 success
INFO 07-27 09:18:01 server.py:188] Confirm GPU group 199 for meta-llama/Meta-Llama-3-8B_sllm-condense_3 replica 253e7ac0-74b4-46ed-af79-0de2604367b9 success
INFO 07-27 09:18:01 server.py:188] Confirm GPU group 200 for meta-llama/Meta-Llama-3-8B_sllm-condense_3 replica 253e7ac0-74b4-46ed-af79-0de2604367b9 success
INFO 07-27 09:18:01 server.py:188] Confirm GPU group 201 for meta-llama/Meta-Llama-3-8B_sllm-condense_3 replica 253e7ac0-74b4-46ed-af79-0de2604367b9 success
INFO 07-27 09:18:01 server.py:188] Confirm GPU group 202 for meta-llama/Meta-Llama-3-8B_sllm-condense_3 replica 253e7ac0-74b4-46ed-af79-0de2604367b9 success
INFO 07-27 09:18:01 server.py:188] Confirm GPU group 203 for meta-llama/Meta-Llama-3-8B_sllm-condense_3 replica 253e7ac0-74b4-46ed-af79-0de2604367b9 success
INFO 07-27 09:18:01 server.py:188] Confirm GPU group 204 for meta-llama/Meta-Llama-3-8B_sllm-condense_3 replica 253e7ac0-74b4-46ed-af79-0de2604367b9 success
INFO 07-27 09:18:01 server.py:188] Confirm GPU group 205 for meta-llama/Meta-Llama-3-8B_sllm-condense_3 replica 253e7ac0-74b4-46ed-af79-0de2604367b9 success
INFO 07-27 09:18:01 server.py:188] Confirm GPU group 206 for meta-llama/Meta-Llama-3-8B_sllm-condense_3 replica 253e7ac0-74b4-46ed-af79-0de2604367b9 success
INFO 07-27 09:18:01 server.py:188] Confirm GPU group 207 for meta-llama/Meta-Llama-3-8B_sllm-condense_3 replica 253e7ac0-74b4-46ed-af79-0de2604367b9 success
INFO 07-27 09:18:01 server.py:188] Confirm GPU group 208 for meta-llama/Meta-Llama-3-8B_sllm-condense_3 replica 253e7ac0-74b4-46ed-af79-0de2604367b9 success
INFO 07-27 09:18:01 server.py:188] Confirm GPU group 209 for meta-llama/Meta-Llama-3-8B_sllm-condense_3 replica 253e7ac0-74b4-46ed-af79-0de2604367b9 success
INFO 07-27 09:18:01 server.py:188] Confirm GPU group 210 for meta-llama/Meta-Llama-3-8B_sllm-condense_3 replica 253e7ac0-74b4-46ed-af79-0de2604367b9 success
INFO 07-27 09:18:01 server.py:188] Confirm GPU group 211 for meta-llama/Meta-Llama-3-8B_sllm-condense_3 replica 253e7ac0-74b4-46ed-af79-0de2604367b9 success
INFO 07-27 09:18:01 server.py:188] Confirm GPU group 212 for meta-llama/Meta-Llama-3-8B_sllm-condense_3 replica 253e7ac0-74b4-46ed-af79-0de2604367b9 success
INFO 07-27 09:18:01 server.py:188] Confirm GPU group 213 for meta-llama/Meta-Llama-3-8B_sllm-condense_3 replica 253e7ac0-74b4-46ed-af79-0de2604367b9 success
INFO 07-27 09:18:01 server.py:188] Confirm GPU group 214 for meta-llama/Meta-Llama-3-8B_sllm-condense_3 replica 253e7ac0-74b4-46ed-af79-0de2604367b9 success
INFO 07-27 09:18:01 server.py:188] Confirm GPU group 215 for meta-llama/Meta-Llama-3-8B_sllm-condense_3 replica 253e7ac0-74b4-46ed-af79-0de2604367b9 success
INFO 07-27 09:18:01 server.py:188] Confirm GPU group 216 for meta-llama/Meta-Llama-3-8B_sllm-condense_3 replica 253e7ac0-74b4-46ed-af79-0de2604367b9 success
INFO 07-27 09:18:01 server.py:188] Confirm GPU group 217 for meta-llama/Meta-Llama-3-8B_sllm-condense_3 replica 253e7ac0-74b4-46ed-af79-0de2604367b9 success
INFO 07-27 09:18:01 server.py:188] Confirm GPU group 218 for meta-llama/Meta-Llama-3-8B_sllm-condense_3 replica 253e7ac0-74b4-46ed-af79-0de2604367b9 success
INFO 07-27 09:18:01 server.py:188] Confirm GPU group 219 for meta-llama/Meta-Llama-3-8B_sllm-condense_3 replica 253e7ac0-74b4-46ed-af79-0de2604367b9 success
INFO 07-27 09:18:01 server.py:188] Confirm GPU group 220 for meta-llama/Meta-Llama-3-8B_sllm-condense_3 replica 253e7ac0-74b4-46ed-af79-0de2604367b9 success
INFO 07-27 09:18:01 server.py:188] Confirm GPU group 221 for meta-llama/Meta-Llama-3-8B_sllm-condense_3 replica 253e7ac0-74b4-46ed-af79-0de2604367b9 success
INFO 07-27 09:18:01 server.py:188] Confirm GPU group 222 for meta-llama/Meta-Llama-3-8B_sllm-condense_3 replica 253e7ac0-74b4-46ed-af79-0de2604367b9 success
INFO 07-27 09:18:01 server.py:188] Confirm GPU group 223 for meta-llama/Meta-Llama-3-8B_sllm-condense_3 replica 253e7ac0-74b4-46ed-af79-0de2604367b9 success
INFO 07-27 09:18:01 server.py:188] Confirm GPU group 224 for meta-llama/Meta-Llama-3-8B_sllm-condense_3 replica 253e7ac0-74b4-46ed-af79-0de2604367b9 success
INFO 07-27 09:18:01 server.py:188] Confirm GPU group 225 for meta-llama/Meta-Llama-3-8B_sllm-condense_3 replica 253e7ac0-74b4-46ed-af79-0de2604367b9 success
INFO 07-27 09:18:01 server.py:188] Confirm GPU group 226 for meta-llama/Meta-Llama-3-8B_sllm-condense_3 replica 253e7ac0-74b4-46ed-af79-0de2604367b9 success
INFO 07-27 09:18:01 server.py:188] Confirm GPU group 227 for meta-llama/Meta-Llama-3-8B_sllm-condense_3 replica 253e7ac0-74b4-46ed-af79-0de2604367b9 success
INFO 07-27 09:18:01 server.py:188] Confirm GPU group 228 for meta-llama/Meta-Llama-3-8B_sllm-condense_3 replica 253e7ac0-74b4-46ed-af79-0de2604367b9 success
INFO 07-27 09:18:01 server.py:188] Confirm GPU group 229 for meta-llama/Meta-Llama-3-8B_sllm-condense_3 replica 253e7ac0-74b4-46ed-af79-0de2604367b9 success
INFO 07-27 09:18:01 server.py:188] Confirm GPU group 230 for meta-llama/Meta-Llama-3-8B_sllm-condense_3 replica 253e7ac0-74b4-46ed-af79-0de2604367b9 success
INFO 07-27 09:18:01 server.py:188] Confirm GPU group 231 for meta-llama/Meta-Llama-3-8B_sllm-condense_3 replica 253e7ac0-74b4-46ed-af79-0de2604367b9 success
INFO 07-27 09:18:01 server.py:188] Confirm GPU group 232 for meta-llama/Meta-Llama-3-8B_sllm-condense_3 replica 253e7ac0-74b4-46ed-af79-0de2604367b9 success
INFO 07-27 09:18:01 server.py:188] Confirm GPU group 233 for meta-llama/Meta-Llama-3-8B_sllm-condense_3 replica 253e7ac0-74b4-46ed-af79-0de2604367b9 success
INFO 07-27 09:18:01 server.py:188] Confirm GPU group 234 for meta-llama/Meta-Llama-3-8B_sllm-condense_3 replica 253e7ac0-74b4-46ed-af79-0de2604367b9 success
INFO 07-27 09:18:01 server.py:188] Confirm GPU group 235 for meta-llama/Meta-Llama-3-8B_sllm-condense_3 replica 253e7ac0-74b4-46ed-af79-0de2604367b9 success
INFO 07-27 09:18:01 server.py:188] Confirm GPU group 236 for meta-llama/Meta-Llama-3-8B_sllm-condense_3 replica 253e7ac0-74b4-46ed-af79-0de2604367b9 success
INFO 07-27 09:18:01 server.py:188] Confirm GPU group 237 for meta-llama/Meta-Llama-3-8B_sllm-condense_3 replica 253e7ac0-74b4-46ed-af79-0de2604367b9 success
INFO 07-27 09:18:01 server.py:188] Confirm GPU group 238 for meta-llama/Meta-Llama-3-8B_sllm-condense_3 replica 253e7ac0-74b4-46ed-af79-0de2604367b9 success
INFO 07-27 09:18:01 server.py:188] Confirm GPU group 239 for meta-llama/Meta-Llama-3-8B_sllm-condense_3 replica 253e7ac0-74b4-46ed-af79-0de2604367b9 success
INFO 07-27 09:18:01 server.py:188] Confirm GPU group 240 for meta-llama/Meta-Llama-3-8B_sllm-condense_3 replica 253e7ac0-74b4-46ed-af79-0de2604367b9 success
INFO 07-27 09:18:01 server.py:188] Confirm GPU group 241 for meta-llama/Meta-Llama-3-8B_sllm-condense_3 replica 253e7ac0-74b4-46ed-af79-0de2604367b9 success
INFO 07-27 09:18:01 server.py:188] Confirm GPU group 242 for meta-llama/Meta-Llama-3-8B_sllm-condense_3 replica 253e7ac0-74b4-46ed-af79-0de2604367b9 success
INFO 07-27 09:18:01 server.py:188] Confirm GPU group 243 for meta-llama/Meta-Llama-3-8B_sllm-condense_3 replica 253e7ac0-74b4-46ed-af79-0de2604367b9 success
INFO 07-27 09:18:01 server.py:188] Confirm GPU group 244 for meta-llama/Meta-Llama-3-8B_sllm-condense_3 replica 253e7ac0-74b4-46ed-af79-0de2604367b9 success
INFO 07-27 09:18:01 server.py:188] Confirm GPU group 245 for meta-llama/Meta-Llama-3-8B_sllm-condense_3 replica 253e7ac0-74b4-46ed-af79-0de2604367b9 success
INFO 07-27 09:18:01 server.py:188] Confirm GPU group 246 for meta-llama/Meta-Llama-3-8B_sllm-condense_3 replica 253e7ac0-74b4-46ed-af79-0de2604367b9 success
INFO 07-27 09:18:01 server.py:188] Confirm GPU group 247 for meta-llama/Meta-Llama-3-8B_sllm-condense_3 replica 253e7ac0-74b4-46ed-af79-0de2604367b9 success
INFO 07-27 09:18:01 server.py:188] Confirm GPU group 248 for meta-llama/Meta-Llama-3-8B_sllm-condense_3 replica 253e7ac0-74b4-46ed-af79-0de2604367b9 success
INFO 07-27 09:18:01 server.py:188] Confirm GPU group 249 for meta-llama/Meta-Llama-3-8B_sllm-condense_3 replica 253e7ac0-74b4-46ed-af79-0de2604367b9 success
INFO 07-27 09:18:01 server.py:188] Confirm GPU group 250 for meta-llama/Meta-Llama-3-8B_sllm-condense_3 replica 253e7ac0-74b4-46ed-af79-0de2604367b9 success
INFO 07-27 09:18:01 server.py:188] Confirm GPU group 251 for meta-llama/Meta-Llama-3-8B_sllm-condense_3 replica 253e7ac0-74b4-46ed-af79-0de2604367b9 success
INFO 07-27 09:18:01 server.py:188] Confirm GPU group 252 for meta-llama/Meta-Llama-3-8B_sllm-condense_3 replica 253e7ac0-74b4-46ed-af79-0de2604367b9 success
INFO 07-27 09:18:01 server.py:188] Confirm GPU group 253 for meta-llama/Meta-Llama-3-8B_sllm-condense_3 replica 253e7ac0-74b4-46ed-af79-0de2604367b9 success
INFO 07-27 09:18:01 server.py:188] Confirm GPU group 254 for meta-llama/Meta-Llama-3-8B_sllm-condense_3 replica 253e7ac0-74b4-46ed-af79-0de2604367b9 success
INFO 07-27 09:18:01 server.py:188] Confirm GPU group 255 for meta-llama/Meta-Llama-3-8B_sllm-condense_3 replica 253e7ac0-74b4-46ed-af79-0de2604367b9 success
INFO 07-27 09:18:01 server.py:188] Confirm GPU group 256 for meta-llama/Meta-Llama-3-8B_sllm-condense_3 replica 253e7ac0-74b4-46ed-af79-0de2604367b9 success
INFO 07-27 09:18:01 server.py:188] Confirm GPU group 257 for meta-llama/Meta-Llama-3-8B_sllm-condense_3 replica 253e7ac0-74b4-46ed-af79-0de2604367b9 success
INFO 07-27 09:18:01 server.py:188] Confirm GPU group 258 for meta-llama/Meta-Llama-3-8B_sllm-condense_3 replica 253e7ac0-74b4-46ed-af79-0de2604367b9 success
INFO 07-27 09:18:01 server.py:188] Confirm GPU group 259 for meta-llama/Meta-Llama-3-8B_sllm-condense_3 replica 253e7ac0-74b4-46ed-af79-0de2604367b9 success
INFO 07-27 09:18:01 server.py:188] Confirm GPU group 260 for meta-llama/Meta-Llama-3-8B_sllm-condense_3 replica 253e7ac0-74b4-46ed-af79-0de2604367b9 success
INFO 07-27 09:18:01 server.py:188] Confirm GPU group 261 for meta-llama/Meta-Llama-3-8B_sllm-condense_3 replica 253e7ac0-74b4-46ed-af79-0de2604367b9 success
INFO 07-27 09:18:01 server.py:188] Confirm GPU group 262 for meta-llama/Meta-Llama-3-8B_sllm-condense_3 replica 253e7ac0-74b4-46ed-af79-0de2604367b9 success
INFO 07-27 09:18:01 server.py:188] Confirm GPU group 263 for meta-llama/Meta-Llama-3-8B_sllm-condense_3 replica 253e7ac0-74b4-46ed-af79-0de2604367b9 success
INFO 07-27 09:18:01 server.py:188] Confirm GPU group 264 for meta-llama/Meta-Llama-3-8B_sllm-condense_3 replica 253e7ac0-74b4-46ed-af79-0de2604367b9 success
INFO 07-27 09:18:01 server.py:188] Confirm GPU group 265 for meta-llama/Meta-Llama-3-8B_sllm-condense_3 replica 253e7ac0-74b4-46ed-af79-0de2604367b9 success
INFO 07-27 09:18:01 server.py:188] Confirm GPU group 266 for meta-llama/Meta-Llama-3-8B_sllm-condense_3 replica 253e7ac0-74b4-46ed-af79-0de2604367b9 success
INFO 07-27 09:18:01 server.py:188] Confirm GPU group 267 for meta-llama/Meta-Llama-3-8B_sllm-condense_3 replica 253e7ac0-74b4-46ed-af79-0de2604367b9 success
INFO 07-27 09:18:01 server.py:188] Confirm GPU group 268 for meta-llama/Meta-Llama-3-8B_sllm-condense_3 replica 253e7ac0-74b4-46ed-af79-0de2604367b9 success
INFO 07-27 09:18:01 server.py:188] Confirm GPU group 269 for meta-llama/Meta-Llama-3-8B_sllm-condense_3 replica 253e7ac0-74b4-46ed-af79-0de2604367b9 success
INFO 07-27 09:18:01 server.py:188] Confirm GPU group 270 for meta-llama/Meta-Llama-3-8B_sllm-condense_3 replica 253e7ac0-74b4-46ed-af79-0de2604367b9 success
INFO 07-27 09:18:01 server.py:188] Confirm GPU group 271 for meta-llama/Meta-Llama-3-8B_sllm-condense_3 replica 253e7ac0-74b4-46ed-af79-0de2604367b9 success
INFO 07-27 09:18:01 server.py:188] Confirm GPU group 272 for meta-llama/Meta-Llama-3-8B_sllm-condense_3 replica 253e7ac0-74b4-46ed-af79-0de2604367b9 success
INFO 07-27 09:18:01 server.py:188] Confirm GPU group 273 for meta-llama/Meta-Llama-3-8B_sllm-condense_3 replica 253e7ac0-74b4-46ed-af79-0de2604367b9 success
INFO 07-27 09:18:01 server.py:188] Confirm GPU group 274 for meta-llama/Meta-Llama-3-8B_sllm-condense_3 replica 253e7ac0-74b4-46ed-af79-0de2604367b9 success
INFO 07-27 09:18:01 server.py:188] Confirm GPU group 275 for meta-llama/Meta-Llama-3-8B_sllm-condense_3 replica 253e7ac0-74b4-46ed-af79-0de2604367b9 success
INFO 07-27 09:18:01 server.py:188] Confirm GPU group 276 for meta-llama/Meta-Llama-3-8B_sllm-condense_3 replica 253e7ac0-74b4-46ed-af79-0de2604367b9 success
INFO 07-27 09:18:01 server.py:188] Confirm GPU group 277 for meta-llama/Meta-Llama-3-8B_sllm-condense_3 replica 253e7ac0-74b4-46ed-af79-0de2604367b9 success
INFO 07-27 09:18:01 server.py:188] Confirm GPU group 278 for meta-llama/Meta-Llama-3-8B_sllm-condense_3 replica 253e7ac0-74b4-46ed-af79-0de2604367b9 success
INFO 07-27 09:18:01 server.py:188] Confirm GPU group 279 for meta-llama/Meta-Llama-3-8B_sllm-condense_3 replica 253e7ac0-74b4-46ed-af79-0de2604367b9 success
INFO 07-27 09:18:01 server.py:188] Confirm GPU group 280 for meta-llama/Meta-Llama-3-8B_sllm-condense_3 replica 253e7ac0-74b4-46ed-af79-0de2604367b9 success
INFO 07-27 09:18:01 server.py:188] Confirm GPU group 281 for meta-llama/Meta-Llama-3-8B_sllm-condense_3 replica 253e7ac0-74b4-46ed-af79-0de2604367b9 success
INFO 07-27 09:18:01 server.py:188] Confirm GPU group 282 for meta-llama/Meta-Llama-3-8B_sllm-condense_3 replica 253e7ac0-74b4-46ed-af79-0de2604367b9 success
INFO 07-27 09:18:01 server.py:188] Confirm GPU group 283 for meta-llama/Meta-Llama-3-8B_sllm-condense_3 replica 253e7ac0-74b4-46ed-af79-0de2604367b9 success
INFO 07-27 09:18:01 server.py:188] Confirm GPU group 284 for meta-llama/Meta-Llama-3-8B_sllm-condense_3 replica 253e7ac0-74b4-46ed-af79-0de2604367b9 success
INFO 07-27 09:18:01 server.py:188] Confirm GPU group 285 for meta-llama/Meta-Llama-3-8B_sllm-condense_3 replica 253e7ac0-74b4-46ed-af79-0de2604367b9 success
INFO 07-27 09:18:01 server.py:188] Confirm GPU group 286 for meta-llama/Meta-Llama-3-8B_sllm-condense_3 replica 253e7ac0-74b4-46ed-af79-0de2604367b9 success
INFO 07-27 09:18:01 server.py:188] Confirm GPU group 287 for meta-llama/Meta-Llama-3-8B_sllm-condense_3 replica 253e7ac0-74b4-46ed-af79-0de2604367b9 success
INFO 07-27 09:18:01 server.py:188] Confirm GPU group 288 for meta-llama/Meta-Llama-3-8B_sllm-condense_3 replica 253e7ac0-74b4-46ed-af79-0de2604367b9 success
INFO 07-27 09:18:01 server.py:188] Confirm GPU group 289 for meta-llama/Meta-Llama-3-8B_sllm-condense_3 replica 253e7ac0-74b4-46ed-af79-0de2604367b9 success
INFO 07-27 09:18:01 server.py:188] Confirm GPU group 290 for meta-llama/Meta-Llama-3-8B_sllm-condense_3 replica 253e7ac0-74b4-46ed-af79-0de2604367b9 success
INFO 07-27 09:18:01 server.py:138] Confirm model meta-llama/Meta-Llama-3-8B_sllm-condense_3 replica 253e7ac0-74b4-46ed-af79-0de2604367b9 success
I20260727 09:18:05.990116 2091727 model.cpp:53] Tensor file "/mnt/data1/mechels/sllm_storage/Llama-3-8B/meta-llama/Meta-Llama-3-8B_sllm-condense_0/tensor.data_1" does not exist
I20260727 09:18:05.994242 2091727 checkpoint_store.cpp:106] Model meta-llama/Meta-Llama-3-8B_sllm-condense_0 is registered
INFO 07-27 09:18:05 server.py:115] LoadModel: success meta-llama/Meta-Llama-3-8B_sllm-condense_0 with target 1
I20260727 09:18:05.998809 2104653 pinned_memory_pool.cpp:78] PinnedMemoryPool Allocate 423 buffers free buffers 779 total buffers 2048
I20260727 09:18:06.002218 2104653 model.cpp:120] Loading model meta-llama/Meta-Llama-3-8B_sllm-condense_0 size 7080803840 to host
I20260727 09:18:06.002259 2104653 model.cpp:134] Loading model meta-llama/Meta-Llama-3-8B_sllm-condense_0 to host with 4 threads, 423 chunks, 16777216 chunk size, 106 chunks per thread
I20260727 09:18:06.003300 2104656 model.cpp:155] Thread 1 starting from partition 0 offset 1778384896
I20260727 09:18:06.005798 2104655 model.cpp:155] Thread 0 starting from partition 0 offset 0
I20260727 09:18:06.006110 2104658 model.cpp:155] Thread 3 starting from partition 0 offset 5335154688
I20260727 09:18:06.006191 2104657 model.cpp:155] Thread 2 starting from partition 0 offset 3556769792
INFO 07-27 09:18:07 server.py:115] LoadModel: success meta-llama/Meta-Llama-3-8B_sllm-condense_0 with target 2
I20260727 09:18:07.522248 2104691 checkpoint_store.cpp:209] Loading model meta-llama/Meta-Llama-3-8B_sllm-condense_0
I20260727 09:18:07.641309 2104691 model.cpp:269] Creating replica 587f2769-ee87-4f78-ba6c-71cd188a6ef1
I20260727 09:18:07.641515 2104691 model.cpp:273] Creating queue for device 0
I20260727 09:18:07.641598 2104691 model.cpp:285] Created replica 587f2769-ee87-4f78-ba6c-71cd188a6ef1
I20260727 09:18:07.641772 2104691 model.cpp:296] Dispatcher started for model meta-llama/Meta-Llama-3-8B_sllm-condense_0
I20260727 09:18:07.641877 2104691 model.cpp:363] Waiting for model meta-llama/Meta-Llama-3-8B_sllm-condense_0 num tasks 1 state 3
INFO 07-27 09:18:24 server.py:188] Confirm GPU group 0 for meta-llama/Meta-Llama-3-8B_sllm-condense_0 replica 587f2769-ee87-4f78-ba6c-71cd188a6ef1 success
INFO 07-27 09:18:24 server.py:188] Confirm GPU group 1 for meta-llama/Meta-Llama-3-8B_sllm-condense_0 replica 587f2769-ee87-4f78-ba6c-71cd188a6ef1 success
INFO 07-27 09:18:25 server.py:188] Confirm GPU group 2 for meta-llama/Meta-Llama-3-8B_sllm-condense_0 replica 587f2769-ee87-4f78-ba6c-71cd188a6ef1 success
INFO 07-27 09:18:25 server.py:188] Confirm GPU group 3 for meta-llama/Meta-Llama-3-8B_sllm-condense_0 replica 587f2769-ee87-4f78-ba6c-71cd188a6ef1 success
INFO 07-27 09:18:25 server.py:188] Confirm GPU group 4 for meta-llama/Meta-Llama-3-8B_sllm-condense_0 replica 587f2769-ee87-4f78-ba6c-71cd188a6ef1 success
INFO 07-27 09:18:28 server.py:188] Confirm GPU group 5 for meta-llama/Meta-Llama-3-8B_sllm-condense_0 replica 587f2769-ee87-4f78-ba6c-71cd188a6ef1 success
INFO 07-27 09:18:30 server.py:188] Confirm GPU group 6 for meta-llama/Meta-Llama-3-8B_sllm-condense_0 replica 587f2769-ee87-4f78-ba6c-71cd188a6ef1 success
INFO 07-27 09:18:32 server.py:188] Confirm GPU group 7 for meta-llama/Meta-Llama-3-8B_sllm-condense_0 replica 587f2769-ee87-4f78-ba6c-71cd188a6ef1 success
INFO 07-27 09:18:32 server.py:188] Confirm GPU group 8 for meta-llama/Meta-Llama-3-8B_sllm-condense_0 replica 587f2769-ee87-4f78-ba6c-71cd188a6ef1 success
INFO 07-27 09:18:32 server.py:188] Confirm GPU group 9 for meta-llama/Meta-Llama-3-8B_sllm-condense_0 replica 587f2769-ee87-4f78-ba6c-71cd188a6ef1 success
INFO 07-27 09:18:32 server.py:188] Confirm GPU group 10 for meta-llama/Meta-Llama-3-8B_sllm-condense_0 replica 587f2769-ee87-4f78-ba6c-71cd188a6ef1 success
INFO 07-27 09:18:32 server.py:188] Confirm GPU group 11 for meta-llama/Meta-Llama-3-8B_sllm-condense_0 replica 587f2769-ee87-4f78-ba6c-71cd188a6ef1 success
INFO 07-27 09:18:34 server.py:188] Confirm GPU group 12 for meta-llama/Meta-Llama-3-8B_sllm-condense_0 replica 587f2769-ee87-4f78-ba6c-71cd188a6ef1 success
INFO 07-27 09:18:34 server.py:188] Confirm GPU group 13 for meta-llama/Meta-Llama-3-8B_sllm-condense_0 replica 587f2769-ee87-4f78-ba6c-71cd188a6ef1 success
INFO 07-27 09:18:36 server.py:188] Confirm GPU group 14 for meta-llama/Meta-Llama-3-8B_sllm-condense_0 replica 587f2769-ee87-4f78-ba6c-71cd188a6ef1 success
INFO 07-27 09:18:38 server.py:188] Confirm GPU group 15 for meta-llama/Meta-Llama-3-8B_sllm-condense_0 replica 587f2769-ee87-4f78-ba6c-71cd188a6ef1 success
INFO 07-27 09:18:40 server.py:188] Confirm GPU group 16 for meta-llama/Meta-Llama-3-8B_sllm-condense_0 replica 587f2769-ee87-4f78-ba6c-71cd188a6ef1 success
INFO 07-27 09:18:40 server.py:188] Confirm GPU group 17 for meta-llama/Meta-Llama-3-8B_sllm-condense_0 replica 587f2769-ee87-4f78-ba6c-71cd188a6ef1 success
INFO 07-27 09:18:40 server.py:188] Confirm GPU group 18 for meta-llama/Meta-Llama-3-8B_sllm-condense_0 replica 587f2769-ee87-4f78-ba6c-71cd188a6ef1 success
INFO 07-27 09:18:41 server.py:188] Confirm GPU group 19 for meta-llama/Meta-Llama-3-8B_sllm-condense_0 replica 587f2769-ee87-4f78-ba6c-71cd188a6ef1 success
INFO 07-27 09:18:41 server.py:188] Confirm GPU group 20 for meta-llama/Meta-Llama-3-8B_sllm-condense_0 replica 587f2769-ee87-4f78-ba6c-71cd188a6ef1 success
INFO 07-27 09:18:41 server.py:188] Confirm GPU group 21 for meta-llama/Meta-Llama-3-8B_sllm-condense_0 replica 587f2769-ee87-4f78-ba6c-71cd188a6ef1 success
INFO 07-27 09:18:41 server.py:188] Confirm GPU group 22 for meta-llama/Meta-Llama-3-8B_sllm-condense_0 replica 587f2769-ee87-4f78-ba6c-71cd188a6ef1 success
INFO 07-27 09:18:44 server.py:188] Confirm GPU group 23 for meta-llama/Meta-Llama-3-8B_sllm-condense_0 replica 587f2769-ee87-4f78-ba6c-71cd188a6ef1 success
INFO 07-27 09:18:46 server.py:188] Confirm GPU group 24 for meta-llama/Meta-Llama-3-8B_sllm-condense_0 replica 587f2769-ee87-4f78-ba6c-71cd188a6ef1 success
INFO 07-27 09:18:49 server.py:188] Confirm GPU group 25 for meta-llama/Meta-Llama-3-8B_sllm-condense_0 replica 587f2769-ee87-4f78-ba6c-71cd188a6ef1 success
INFO 07-27 09:18:49 server.py:188] Confirm GPU group 26 for meta-llama/Meta-Llama-3-8B_sllm-condense_0 replica 587f2769-ee87-4f78-ba6c-71cd188a6ef1 success
INFO 07-27 09:18:49 server.py:188] Confirm GPU group 27 for meta-llama/Meta-Llama-3-8B_sllm-condense_0 replica 587f2769-ee87-4f78-ba6c-71cd188a6ef1 success
INFO 07-27 09:18:49 server.py:188] Confirm GPU group 28 for meta-llama/Meta-Llama-3-8B_sllm-condense_0 replica 587f2769-ee87-4f78-ba6c-71cd188a6ef1 success
INFO 07-27 09:18:49 server.py:188] Confirm GPU group 29 for meta-llama/Meta-Llama-3-8B_sllm-condense_0 replica 587f2769-ee87-4f78-ba6c-71cd188a6ef1 success
INFO 07-27 09:18:50 server.py:188] Confirm GPU group 30 for meta-llama/Meta-Llama-3-8B_sllm-condense_0 replica 587f2769-ee87-4f78-ba6c-71cd188a6ef1 success
INFO 07-27 09:18:51 server.py:188] Confirm GPU group 31 for meta-llama/Meta-Llama-3-8B_sllm-condense_0 replica 587f2769-ee87-4f78-ba6c-71cd188a6ef1 success
INFO 07-27 09:18:53 server.py:188] Confirm GPU group 32 for meta-llama/Meta-Llama-3-8B_sllm-condense_0 replica 587f2769-ee87-4f78-ba6c-71cd188a6ef1 success
INFO 07-27 09:18:55 server.py:188] Confirm GPU group 33 for meta-llama/Meta-Llama-3-8B_sllm-condense_0 replica 587f2769-ee87-4f78-ba6c-71cd188a6ef1 success
INFO 07-27 09:18:57 server.py:188] Confirm GPU group 34 for meta-llama/Meta-Llama-3-8B_sllm-condense_0 replica 587f2769-ee87-4f78-ba6c-71cd188a6ef1 success
INFO 07-27 09:18:57 server.py:188] Confirm GPU group 35 for meta-llama/Meta-Llama-3-8B_sllm-condense_0 replica 587f2769-ee87-4f78-ba6c-71cd188a6ef1 success
INFO 07-27 09:18:57 server.py:188] Confirm GPU group 36 for meta-llama/Meta-Llama-3-8B_sllm-condense_0 replica 587f2769-ee87-4f78-ba6c-71cd188a6ef1 success
INFO 07-27 09:18:57 server.py:188] Confirm GPU group 37 for meta-llama/Meta-Llama-3-8B_sllm-condense_0 replica 587f2769-ee87-4f78-ba6c-71cd188a6ef1 success
INFO 07-27 09:18:57 server.py:188] Confirm GPU group 38 for meta-llama/Meta-Llama-3-8B_sllm-condense_0 replica 587f2769-ee87-4f78-ba6c-71cd188a6ef1 success
INFO 07-27 09:18:57 server.py:188] Confirm GPU group 39 for meta-llama/Meta-Llama-3-8B_sllm-condense_0 replica 587f2769-ee87-4f78-ba6c-71cd188a6ef1 success
INFO 07-27 09:18:58 server.py:188] Confirm GPU group 40 for meta-llama/Meta-Llama-3-8B_sllm-condense_0 replica 587f2769-ee87-4f78-ba6c-71cd188a6ef1 success
INFO 07-27 09:19:01 server.py:188] Confirm GPU group 41 for meta-llama/Meta-Llama-3-8B_sllm-condense_0 replica 587f2769-ee87-4f78-ba6c-71cd188a6ef1 success
INFO 07-27 09:19:02 server.py:188] Confirm GPU group 42 for meta-llama/Meta-Llama-3-8B_sllm-condense_0 replica 587f2769-ee87-4f78-ba6c-71cd188a6ef1 success
INFO 07-27 09:19:05 server.py:188] Confirm GPU group 43 for meta-llama/Meta-Llama-3-8B_sllm-condense_0 replica 587f2769-ee87-4f78-ba6c-71cd188a6ef1 success
INFO 07-27 09:19:05 server.py:188] Confirm GPU group 44 for meta-llama/Meta-Llama-3-8B_sllm-condense_0 replica 587f2769-ee87-4f78-ba6c-71cd188a6ef1 success
INFO 07-27 09:19:05 server.py:188] Confirm GPU group 45 for meta-llama/Meta-Llama-3-8B_sllm-condense_0 replica 587f2769-ee87-4f78-ba6c-71cd188a6ef1 success
INFO 07-27 09:19:06 server.py:188] Confirm GPU group 46 for meta-llama/Meta-Llama-3-8B_sllm-condense_0 replica 587f2769-ee87-4f78-ba6c-71cd188a6ef1 success
INFO 07-27 09:19:06 server.py:188] Confirm GPU group 47 for meta-llama/Meta-Llama-3-8B_sllm-condense_0 replica 587f2769-ee87-4f78-ba6c-71cd188a6ef1 success
INFO 07-27 09:19:06 server.py:188] Confirm GPU group 48 for meta-llama/Meta-Llama-3-8B_sllm-condense_0 replica 587f2769-ee87-4f78-ba6c-71cd188a6ef1 success
INFO 07-27 09:19:06 server.py:188] Confirm GPU group 49 for meta-llama/Meta-Llama-3-8B_sllm-condense_0 replica 587f2769-ee87-4f78-ba6c-71cd188a6ef1 success
INFO 07-27 09:19:08 server.py:188] Confirm GPU group 50 for meta-llama/Meta-Llama-3-8B_sllm-condense_0 replica 587f2769-ee87-4f78-ba6c-71cd188a6ef1 success
INFO 07-27 09:19:10 server.py:188] Confirm GPU group 51 for meta-llama/Meta-Llama-3-8B_sllm-condense_0 replica 587f2769-ee87-4f78-ba6c-71cd188a6ef1 success
INFO 07-27 09:19:12 server.py:188] Confirm GPU group 52 for meta-llama/Meta-Llama-3-8B_sllm-condense_0 replica 587f2769-ee87-4f78-ba6c-71cd188a6ef1 success
INFO 07-27 09:19:12 server.py:188] Confirm GPU group 53 for meta-llama/Meta-Llama-3-8B_sllm-condense_0 replica 587f2769-ee87-4f78-ba6c-71cd188a6ef1 success
INFO 07-27 09:19:12 server.py:188] Confirm GPU group 54 for meta-llama/Meta-Llama-3-8B_sllm-condense_0 replica 587f2769-ee87-4f78-ba6c-71cd188a6ef1 success
INFO 07-27 09:19:13 server.py:188] Confirm GPU group 55 for meta-llama/Meta-Llama-3-8B_sllm-condense_0 replica 587f2769-ee87-4f78-ba6c-71cd188a6ef1 success
INFO 07-27 09:19:13 server.py:188] Confirm GPU group 56 for meta-llama/Meta-Llama-3-8B_sllm-condense_0 replica 587f2769-ee87-4f78-ba6c-71cd188a6ef1 success
INFO 07-27 09:19:14 server.py:188] Confirm GPU group 57 for meta-llama/Meta-Llama-3-8B_sllm-condense_0 replica 587f2769-ee87-4f78-ba6c-71cd188a6ef1 success
INFO 07-27 09:19:14 server.py:188] Confirm GPU group 58 for meta-llama/Meta-Llama-3-8B_sllm-condense_0 replica 587f2769-ee87-4f78-ba6c-71cd188a6ef1 success
INFO 07-27 09:19:16 server.py:188] Confirm GPU group 59 for meta-llama/Meta-Llama-3-8B_sllm-condense_0 replica 587f2769-ee87-4f78-ba6c-71cd188a6ef1 success
INFO 07-27 09:19:18 server.py:188] Confirm GPU group 60 for meta-llama/Meta-Llama-3-8B_sllm-condense_0 replica 587f2769-ee87-4f78-ba6c-71cd188a6ef1 success
I20260727 09:19:18.996709 2104693 model.cpp:356] Finished loading tensor from memory to device 0
I20260727 09:19:18.996780 2104653 model.cpp:250] Finished loading model meta-llama/Meta-Llama-3-8B_sllm-condense_0 from disk
INFO 07-27 09:19:18 server.py:188] Confirm GPU group 61 for meta-llama/Meta-Llama-3-8B_sllm-condense_0 replica 587f2769-ee87-4f78-ba6c-71cd188a6ef1 success
INFO 07-27 09:19:19 server.py:188] Confirm GPU group 62 for meta-llama/Meta-Llama-3-8B_sllm-condense_0 replica 587f2769-ee87-4f78-ba6c-71cd188a6ef1 success
INFO 07-27 09:19:19 server.py:188] Confirm GPU group 63 for meta-llama/Meta-Llama-3-8B_sllm-condense_0 replica 587f2769-ee87-4f78-ba6c-71cd188a6ef1 success
INFO 07-27 09:19:19 server.py:188] Confirm GPU group 64 for meta-llama/Meta-Llama-3-8B_sllm-condense_0 replica 587f2769-ee87-4f78-ba6c-71cd188a6ef1 success
INFO 07-27 09:19:19 server.py:188] Confirm GPU group 65 for meta-llama/Meta-Llama-3-8B_sllm-condense_0 replica 587f2769-ee87-4f78-ba6c-71cd188a6ef1 success
INFO 07-27 09:19:19 server.py:188] Confirm GPU group 66 for meta-llama/Meta-Llama-3-8B_sllm-condense_0 replica 587f2769-ee87-4f78-ba6c-71cd188a6ef1 success
INFO 07-27 09:19:19 server.py:188] Confirm GPU group 67 for meta-llama/Meta-Llama-3-8B_sllm-condense_0 replica 587f2769-ee87-4f78-ba6c-71cd188a6ef1 success
INFO 07-27 09:19:19 server.py:188] Confirm GPU group 68 for meta-llama/Meta-Llama-3-8B_sllm-condense_0 replica 587f2769-ee87-4f78-ba6c-71cd188a6ef1 success
INFO 07-27 09:19:19 server.py:188] Confirm GPU group 69 for meta-llama/Meta-Llama-3-8B_sllm-condense_0 replica 587f2769-ee87-4f78-ba6c-71cd188a6ef1 success
INFO 07-27 09:19:19 server.py:188] Confirm GPU group 70 for meta-llama/Meta-Llama-3-8B_sllm-condense_0 replica 587f2769-ee87-4f78-ba6c-71cd188a6ef1 success
INFO 07-27 09:19:19 server.py:188] Confirm GPU group 71 for meta-llama/Meta-Llama-3-8B_sllm-condense_0 replica 587f2769-ee87-4f78-ba6c-71cd188a6ef1 success
INFO 07-27 09:19:19 server.py:188] Confirm GPU group 72 for meta-llama/Meta-Llama-3-8B_sllm-condense_0 replica 587f2769-ee87-4f78-ba6c-71cd188a6ef1 success
INFO 07-27 09:19:19 server.py:188] Confirm GPU group 73 for meta-llama/Meta-Llama-3-8B_sllm-condense_0 replica 587f2769-ee87-4f78-ba6c-71cd188a6ef1 success
INFO 07-27 09:19:19 server.py:188] Confirm GPU group 74 for meta-llama/Meta-Llama-3-8B_sllm-condense_0 replica 587f2769-ee87-4f78-ba6c-71cd188a6ef1 success
INFO 07-27 09:19:19 server.py:188] Confirm GPU group 75 for meta-llama/Meta-Llama-3-8B_sllm-condense_0 replica 587f2769-ee87-4f78-ba6c-71cd188a6ef1 success
INFO 07-27 09:19:19 server.py:188] Confirm GPU group 76 for meta-llama/Meta-Llama-3-8B_sllm-condense_0 replica 587f2769-ee87-4f78-ba6c-71cd188a6ef1 success
INFO 07-27 09:19:19 server.py:188] Confirm GPU group 77 for meta-llama/Meta-Llama-3-8B_sllm-condense_0 replica 587f2769-ee87-4f78-ba6c-71cd188a6ef1 success
INFO 07-27 09:19:19 server.py:188] Confirm GPU group 78 for meta-llama/Meta-Llama-3-8B_sllm-condense_0 replica 587f2769-ee87-4f78-ba6c-71cd188a6ef1 success
INFO 07-27 09:19:19 server.py:188] Confirm GPU group 79 for meta-llama/Meta-Llama-3-8B_sllm-condense_0 replica 587f2769-ee87-4f78-ba6c-71cd188a6ef1 success
INFO 07-27 09:19:19 server.py:188] Confirm GPU group 80 for meta-llama/Meta-Llama-3-8B_sllm-condense_0 replica 587f2769-ee87-4f78-ba6c-71cd188a6ef1 success
INFO 07-27 09:19:19 server.py:188] Confirm GPU group 81 for meta-llama/Meta-Llama-3-8B_sllm-condense_0 replica 587f2769-ee87-4f78-ba6c-71cd188a6ef1 success
INFO 07-27 09:19:19 server.py:188] Confirm GPU group 82 for meta-llama/Meta-Llama-3-8B_sllm-condense_0 replica 587f2769-ee87-4f78-ba6c-71cd188a6ef1 success
INFO 07-27 09:19:19 server.py:188] Confirm GPU group 83 for meta-llama/Meta-Llama-3-8B_sllm-condense_0 replica 587f2769-ee87-4f78-ba6c-71cd188a6ef1 success
INFO 07-27 09:19:19 server.py:188] Confirm GPU group 84 for meta-llama/Meta-Llama-3-8B_sllm-condense_0 replica 587f2769-ee87-4f78-ba6c-71cd188a6ef1 success
INFO 07-27 09:19:19 server.py:188] Confirm GPU group 85 for meta-llama/Meta-Llama-3-8B_sllm-condense_0 replica 587f2769-ee87-4f78-ba6c-71cd188a6ef1 success
INFO 07-27 09:19:19 server.py:188] Confirm GPU group 86 for meta-llama/Meta-Llama-3-8B_sllm-condense_0 replica 587f2769-ee87-4f78-ba6c-71cd188a6ef1 success
INFO 07-27 09:19:19 server.py:188] Confirm GPU group 87 for meta-llama/Meta-Llama-3-8B_sllm-condense_0 replica 587f2769-ee87-4f78-ba6c-71cd188a6ef1 success
INFO 07-27 09:19:19 server.py:188] Confirm GPU group 88 for meta-llama/Meta-Llama-3-8B_sllm-condense_0 replica 587f2769-ee87-4f78-ba6c-71cd188a6ef1 success
INFO 07-27 09:19:19 server.py:188] Confirm GPU group 89 for meta-llama/Meta-Llama-3-8B_sllm-condense_0 replica 587f2769-ee87-4f78-ba6c-71cd188a6ef1 success
INFO 07-27 09:19:19 server.py:188] Confirm GPU group 90 for meta-llama/Meta-Llama-3-8B_sllm-condense_0 replica 587f2769-ee87-4f78-ba6c-71cd188a6ef1 success
INFO 07-27 09:19:19 server.py:188] Confirm GPU group 91 for meta-llama/Meta-Llama-3-8B_sllm-condense_0 replica 587f2769-ee87-4f78-ba6c-71cd188a6ef1 success
INFO 07-27 09:19:19 server.py:188] Confirm GPU group 92 for meta-llama/Meta-Llama-3-8B_sllm-condense_0 replica 587f2769-ee87-4f78-ba6c-71cd188a6ef1 success
INFO 07-27 09:19:19 server.py:188] Confirm GPU group 93 for meta-llama/Meta-Llama-3-8B_sllm-condense_0 replica 587f2769-ee87-4f78-ba6c-71cd188a6ef1 success
INFO 07-27 09:19:19 server.py:188] Confirm GPU group 94 for meta-llama/Meta-Llama-3-8B_sllm-condense_0 replica 587f2769-ee87-4f78-ba6c-71cd188a6ef1 success
INFO 07-27 09:19:19 server.py:188] Confirm GPU group 95 for meta-llama/Meta-Llama-3-8B_sllm-condense_0 replica 587f2769-ee87-4f78-ba6c-71cd188a6ef1 success
INFO 07-27 09:19:19 server.py:188] Confirm GPU group 96 for meta-llama/Meta-Llama-3-8B_sllm-condense_0 replica 587f2769-ee87-4f78-ba6c-71cd188a6ef1 success
INFO 07-27 09:19:19 server.py:188] Confirm GPU group 97 for meta-llama/Meta-Llama-3-8B_sllm-condense_0 replica 587f2769-ee87-4f78-ba6c-71cd188a6ef1 success
INFO 07-27 09:19:19 server.py:188] Confirm GPU group 98 for meta-llama/Meta-Llama-3-8B_sllm-condense_0 replica 587f2769-ee87-4f78-ba6c-71cd188a6ef1 success
INFO 07-27 09:19:19 server.py:188] Confirm GPU group 99 for meta-llama/Meta-Llama-3-8B_sllm-condense_0 replica 587f2769-ee87-4f78-ba6c-71cd188a6ef1 success
INFO 07-27 09:19:19 server.py:188] Confirm GPU group 100 for meta-llama/Meta-Llama-3-8B_sllm-condense_0 replica 587f2769-ee87-4f78-ba6c-71cd188a6ef1 success
INFO 07-27 09:19:19 server.py:188] Confirm GPU group 101 for meta-llama/Meta-Llama-3-8B_sllm-condense_0 replica 587f2769-ee87-4f78-ba6c-71cd188a6ef1 success
INFO 07-27 09:19:19 server.py:188] Confirm GPU group 102 for meta-llama/Meta-Llama-3-8B_sllm-condense_0 replica 587f2769-ee87-4f78-ba6c-71cd188a6ef1 success
INFO 07-27 09:19:19 server.py:188] Confirm GPU group 103 for meta-llama/Meta-Llama-3-8B_sllm-condense_0 replica 587f2769-ee87-4f78-ba6c-71cd188a6ef1 success
INFO 07-27 09:19:19 server.py:188] Confirm GPU group 104 for meta-llama/Meta-Llama-3-8B_sllm-condense_0 replica 587f2769-ee87-4f78-ba6c-71cd188a6ef1 success
INFO 07-27 09:19:19 server.py:188] Confirm GPU group 105 for meta-llama/Meta-Llama-3-8B_sllm-condense_0 replica 587f2769-ee87-4f78-ba6c-71cd188a6ef1 success
INFO 07-27 09:19:19 server.py:188] Confirm GPU group 106 for meta-llama/Meta-Llama-3-8B_sllm-condense_0 replica 587f2769-ee87-4f78-ba6c-71cd188a6ef1 success
INFO 07-27 09:19:19 server.py:188] Confirm GPU group 107 for meta-llama/Meta-Llama-3-8B_sllm-condense_0 replica 587f2769-ee87-4f78-ba6c-71cd188a6ef1 success
INFO 07-27 09:19:19 server.py:188] Confirm GPU group 108 for meta-llama/Meta-Llama-3-8B_sllm-condense_0 replica 587f2769-ee87-4f78-ba6c-71cd188a6ef1 success
INFO 07-27 09:19:19 server.py:188] Confirm GPU group 109 for meta-llama/Meta-Llama-3-8B_sllm-condense_0 replica 587f2769-ee87-4f78-ba6c-71cd188a6ef1 success
INFO 07-27 09:19:19 server.py:188] Confirm GPU group 110 for meta-llama/Meta-Llama-3-8B_sllm-condense_0 replica 587f2769-ee87-4f78-ba6c-71cd188a6ef1 success
INFO 07-27 09:19:19 server.py:188] Confirm GPU group 111 for meta-llama/Meta-Llama-3-8B_sllm-condense_0 replica 587f2769-ee87-4f78-ba6c-71cd188a6ef1 success
INFO 07-27 09:19:19 server.py:188] Confirm GPU group 112 for meta-llama/Meta-Llama-3-8B_sllm-condense_0 replica 587f2769-ee87-4f78-ba6c-71cd188a6ef1 success
INFO 07-27 09:19:19 server.py:188] Confirm GPU group 113 for meta-llama/Meta-Llama-3-8B_sllm-condense_0 replica 587f2769-ee87-4f78-ba6c-71cd188a6ef1 success
INFO 07-27 09:19:19 server.py:188] Confirm GPU group 114 for meta-llama/Meta-Llama-3-8B_sllm-condense_0 replica 587f2769-ee87-4f78-ba6c-71cd188a6ef1 success
INFO 07-27 09:19:19 server.py:188] Confirm GPU group 115 for meta-llama/Meta-Llama-3-8B_sllm-condense_0 replica 587f2769-ee87-4f78-ba6c-71cd188a6ef1 success
INFO 07-27 09:19:19 server.py:188] Confirm GPU group 116 for meta-llama/Meta-Llama-3-8B_sllm-condense_0 replica 587f2769-ee87-4f78-ba6c-71cd188a6ef1 success
INFO 07-27 09:19:19 server.py:188] Confirm GPU group 117 for meta-llama/Meta-Llama-3-8B_sllm-condense_0 replica 587f2769-ee87-4f78-ba6c-71cd188a6ef1 success
INFO 07-27 09:19:19 server.py:188] Confirm GPU group 118 for meta-llama/Meta-Llama-3-8B_sllm-condense_0 replica 587f2769-ee87-4f78-ba6c-71cd188a6ef1 success
INFO 07-27 09:19:19 server.py:188] Confirm GPU group 119 for meta-llama/Meta-Llama-3-8B_sllm-condense_0 replica 587f2769-ee87-4f78-ba6c-71cd188a6ef1 success
INFO 07-27 09:19:19 server.py:188] Confirm GPU group 120 for meta-llama/Meta-Llama-3-8B_sllm-condense_0 replica 587f2769-ee87-4f78-ba6c-71cd188a6ef1 success
INFO 07-27 09:19:19 server.py:188] Confirm GPU group 121 for meta-llama/Meta-Llama-3-8B_sllm-condense_0 replica 587f2769-ee87-4f78-ba6c-71cd188a6ef1 success
INFO 07-27 09:19:19 server.py:188] Confirm GPU group 122 for meta-llama/Meta-Llama-3-8B_sllm-condense_0 replica 587f2769-ee87-4f78-ba6c-71cd188a6ef1 success
INFO 07-27 09:19:19 server.py:188] Confirm GPU group 123 for meta-llama/Meta-Llama-3-8B_sllm-condense_0 replica 587f2769-ee87-4f78-ba6c-71cd188a6ef1 success
INFO 07-27 09:19:19 server.py:188] Confirm GPU group 124 for meta-llama/Meta-Llama-3-8B_sllm-condense_0 replica 587f2769-ee87-4f78-ba6c-71cd188a6ef1 success
INFO 07-27 09:19:19 server.py:188] Confirm GPU group 125 for meta-llama/Meta-Llama-3-8B_sllm-condense_0 replica 587f2769-ee87-4f78-ba6c-71cd188a6ef1 success
INFO 07-27 09:19:19 server.py:188] Confirm GPU group 126 for meta-llama/Meta-Llama-3-8B_sllm-condense_0 replica 587f2769-ee87-4f78-ba6c-71cd188a6ef1 success
INFO 07-27 09:19:19 server.py:188] Confirm GPU group 127 for meta-llama/Meta-Llama-3-8B_sllm-condense_0 replica 587f2769-ee87-4f78-ba6c-71cd188a6ef1 success
INFO 07-27 09:19:19 server.py:188] Confirm GPU group 128 for meta-llama/Meta-Llama-3-8B_sllm-condense_0 replica 587f2769-ee87-4f78-ba6c-71cd188a6ef1 success
INFO 07-27 09:19:19 server.py:188] Confirm GPU group 129 for meta-llama/Meta-Llama-3-8B_sllm-condense_0 replica 587f2769-ee87-4f78-ba6c-71cd188a6ef1 success
INFO 07-27 09:19:19 server.py:188] Confirm GPU group 130 for meta-llama/Meta-Llama-3-8B_sllm-condense_0 replica 587f2769-ee87-4f78-ba6c-71cd188a6ef1 success
INFO 07-27 09:19:19 server.py:188] Confirm GPU group 131 for meta-llama/Meta-Llama-3-8B_sllm-condense_0 replica 587f2769-ee87-4f78-ba6c-71cd188a6ef1 success
INFO 07-27 09:19:19 server.py:188] Confirm GPU group 132 for meta-llama/Meta-Llama-3-8B_sllm-condense_0 replica 587f2769-ee87-4f78-ba6c-71cd188a6ef1 success
INFO 07-27 09:19:19 server.py:188] Confirm GPU group 133 for meta-llama/Meta-Llama-3-8B_sllm-condense_0 replica 587f2769-ee87-4f78-ba6c-71cd188a6ef1 success
INFO 07-27 09:19:19 server.py:188] Confirm GPU group 134 for meta-llama/Meta-Llama-3-8B_sllm-condense_0 replica 587f2769-ee87-4f78-ba6c-71cd188a6ef1 success
INFO 07-27 09:19:19 server.py:188] Confirm GPU group 135 for meta-llama/Meta-Llama-3-8B_sllm-condense_0 replica 587f2769-ee87-4f78-ba6c-71cd188a6ef1 success
INFO 07-27 09:19:19 server.py:188] Confirm GPU group 136 for meta-llama/Meta-Llama-3-8B_sllm-condense_0 replica 587f2769-ee87-4f78-ba6c-71cd188a6ef1 success
INFO 07-27 09:19:19 server.py:188] Confirm GPU group 137 for meta-llama/Meta-Llama-3-8B_sllm-condense_0 replica 587f2769-ee87-4f78-ba6c-71cd188a6ef1 success
INFO 07-27 09:19:19 server.py:188] Confirm GPU group 138 for meta-llama/Meta-Llama-3-8B_sllm-condense_0 replica 587f2769-ee87-4f78-ba6c-71cd188a6ef1 success
INFO 07-27 09:19:19 server.py:188] Confirm GPU group 139 for meta-llama/Meta-Llama-3-8B_sllm-condense_0 replica 587f2769-ee87-4f78-ba6c-71cd188a6ef1 success
INFO 07-27 09:19:19 server.py:188] Confirm GPU group 140 for meta-llama/Meta-Llama-3-8B_sllm-condense_0 replica 587f2769-ee87-4f78-ba6c-71cd188a6ef1 success
INFO 07-27 09:19:19 server.py:188] Confirm GPU group 141 for meta-llama/Meta-Llama-3-8B_sllm-condense_0 replica 587f2769-ee87-4f78-ba6c-71cd188a6ef1 success
INFO 07-27 09:19:19 server.py:188] Confirm GPU group 142 for meta-llama/Meta-Llama-3-8B_sllm-condense_0 replica 587f2769-ee87-4f78-ba6c-71cd188a6ef1 success
INFO 07-27 09:19:19 server.py:188] Confirm GPU group 143 for meta-llama/Meta-Llama-3-8B_sllm-condense_0 replica 587f2769-ee87-4f78-ba6c-71cd188a6ef1 success
INFO 07-27 09:19:19 server.py:188] Confirm GPU group 144 for meta-llama/Meta-Llama-3-8B_sllm-condense_0 replica 587f2769-ee87-4f78-ba6c-71cd188a6ef1 success
INFO 07-27 09:19:19 server.py:188] Confirm GPU group 145 for meta-llama/Meta-Llama-3-8B_sllm-condense_0 replica 587f2769-ee87-4f78-ba6c-71cd188a6ef1 success
INFO 07-27 09:19:19 server.py:188] Confirm GPU group 146 for meta-llama/Meta-Llama-3-8B_sllm-condense_0 replica 587f2769-ee87-4f78-ba6c-71cd188a6ef1 success
INFO 07-27 09:19:19 server.py:188] Confirm GPU group 147 for meta-llama/Meta-Llama-3-8B_sllm-condense_0 replica 587f2769-ee87-4f78-ba6c-71cd188a6ef1 success
INFO 07-27 09:19:19 server.py:188] Confirm GPU group 148 for meta-llama/Meta-Llama-3-8B_sllm-condense_0 replica 587f2769-ee87-4f78-ba6c-71cd188a6ef1 success
INFO 07-27 09:19:19 server.py:188] Confirm GPU group 149 for meta-llama/Meta-Llama-3-8B_sllm-condense_0 replica 587f2769-ee87-4f78-ba6c-71cd188a6ef1 success
INFO 07-27 09:19:19 server.py:188] Confirm GPU group 150 for meta-llama/Meta-Llama-3-8B_sllm-condense_0 replica 587f2769-ee87-4f78-ba6c-71cd188a6ef1 success
INFO 07-27 09:19:19 server.py:188] Confirm GPU group 151 for meta-llama/Meta-Llama-3-8B_sllm-condense_0 replica 587f2769-ee87-4f78-ba6c-71cd188a6ef1 success
INFO 07-27 09:19:19 server.py:188] Confirm GPU group 152 for meta-llama/Meta-Llama-3-8B_sllm-condense_0 replica 587f2769-ee87-4f78-ba6c-71cd188a6ef1 success
INFO 07-27 09:19:19 server.py:188] Confirm GPU group 153 for meta-llama/Meta-Llama-3-8B_sllm-condense_0 replica 587f2769-ee87-4f78-ba6c-71cd188a6ef1 success
INFO 07-27 09:19:19 server.py:188] Confirm GPU group 154 for meta-llama/Meta-Llama-3-8B_sllm-condense_0 replica 587f2769-ee87-4f78-ba6c-71cd188a6ef1 success
INFO 07-27 09:19:19 server.py:188] Confirm GPU group 155 for meta-llama/Meta-Llama-3-8B_sllm-condense_0 replica 587f2769-ee87-4f78-ba6c-71cd188a6ef1 success
INFO 07-27 09:19:19 server.py:188] Confirm GPU group 156 for meta-llama/Meta-Llama-3-8B_sllm-condense_0 replica 587f2769-ee87-4f78-ba6c-71cd188a6ef1 success
INFO 07-27 09:19:19 server.py:188] Confirm GPU group 157 for meta-llama/Meta-Llama-3-8B_sllm-condense_0 replica 587f2769-ee87-4f78-ba6c-71cd188a6ef1 success
INFO 07-27 09:19:19 server.py:188] Confirm GPU group 158 for meta-llama/Meta-Llama-3-8B_sllm-condense_0 replica 587f2769-ee87-4f78-ba6c-71cd188a6ef1 success
INFO 07-27 09:19:19 server.py:188] Confirm GPU group 159 for meta-llama/Meta-Llama-3-8B_sllm-condense_0 replica 587f2769-ee87-4f78-ba6c-71cd188a6ef1 success
INFO 07-27 09:19:19 server.py:188] Confirm GPU group 160 for meta-llama/Meta-Llama-3-8B_sllm-condense_0 replica 587f2769-ee87-4f78-ba6c-71cd188a6ef1 success
INFO 07-27 09:19:19 server.py:188] Confirm GPU group 161 for meta-llama/Meta-Llama-3-8B_sllm-condense_0 replica 587f2769-ee87-4f78-ba6c-71cd188a6ef1 success
INFO 07-27 09:19:19 server.py:188] Confirm GPU group 162 for meta-llama/Meta-Llama-3-8B_sllm-condense_0 replica 587f2769-ee87-4f78-ba6c-71cd188a6ef1 success
INFO 07-27 09:19:19 server.py:188] Confirm GPU group 163 for meta-llama/Meta-Llama-3-8B_sllm-condense_0 replica 587f2769-ee87-4f78-ba6c-71cd188a6ef1 success
INFO 07-27 09:19:19 server.py:188] Confirm GPU group 164 for meta-llama/Meta-Llama-3-8B_sllm-condense_0 replica 587f2769-ee87-4f78-ba6c-71cd188a6ef1 success
INFO 07-27 09:19:19 server.py:188] Confirm GPU group 165 for meta-llama/Meta-Llama-3-8B_sllm-condense_0 replica 587f2769-ee87-4f78-ba6c-71cd188a6ef1 success
INFO 07-27 09:19:19 server.py:188] Confirm GPU group 166 for meta-llama/Meta-Llama-3-8B_sllm-condense_0 replica 587f2769-ee87-4f78-ba6c-71cd188a6ef1 success
INFO 07-27 09:19:19 server.py:188] Confirm GPU group 167 for meta-llama/Meta-Llama-3-8B_sllm-condense_0 replica 587f2769-ee87-4f78-ba6c-71cd188a6ef1 success
INFO 07-27 09:19:19 server.py:188] Confirm GPU group 168 for meta-llama/Meta-Llama-3-8B_sllm-condense_0 replica 587f2769-ee87-4f78-ba6c-71cd188a6ef1 success
INFO 07-27 09:19:19 server.py:188] Confirm GPU group 169 for meta-llama/Meta-Llama-3-8B_sllm-condense_0 replica 587f2769-ee87-4f78-ba6c-71cd188a6ef1 success
INFO 07-27 09:19:19 server.py:188] Confirm GPU group 170 for meta-llama/Meta-Llama-3-8B_sllm-condense_0 replica 587f2769-ee87-4f78-ba6c-71cd188a6ef1 success
INFO 07-27 09:19:19 server.py:188] Confirm GPU group 171 for meta-llama/Meta-Llama-3-8B_sllm-condense_0 replica 587f2769-ee87-4f78-ba6c-71cd188a6ef1 success
INFO 07-27 09:19:19 server.py:188] Confirm GPU group 172 for meta-llama/Meta-Llama-3-8B_sllm-condense_0 replica 587f2769-ee87-4f78-ba6c-71cd188a6ef1 success
INFO 07-27 09:19:19 server.py:188] Confirm GPU group 173 for meta-llama/Meta-Llama-3-8B_sllm-condense_0 replica 587f2769-ee87-4f78-ba6c-71cd188a6ef1 success
INFO 07-27 09:19:19 server.py:188] Confirm GPU group 174 for meta-llama/Meta-Llama-3-8B_sllm-condense_0 replica 587f2769-ee87-4f78-ba6c-71cd188a6ef1 success
INFO 07-27 09:19:19 server.py:188] Confirm GPU group 175 for meta-llama/Meta-Llama-3-8B_sllm-condense_0 replica 587f2769-ee87-4f78-ba6c-71cd188a6ef1 success
INFO 07-27 09:19:19 server.py:188] Confirm GPU group 176 for meta-llama/Meta-Llama-3-8B_sllm-condense_0 replica 587f2769-ee87-4f78-ba6c-71cd188a6ef1 success
INFO 07-27 09:19:19 server.py:188] Confirm GPU group 177 for meta-llama/Meta-Llama-3-8B_sllm-condense_0 replica 587f2769-ee87-4f78-ba6c-71cd188a6ef1 success
INFO 07-27 09:19:19 server.py:188] Confirm GPU group 178 for meta-llama/Meta-Llama-3-8B_sllm-condense_0 replica 587f2769-ee87-4f78-ba6c-71cd188a6ef1 success
INFO 07-27 09:19:19 server.py:188] Confirm GPU group 179 for meta-llama/Meta-Llama-3-8B_sllm-condense_0 replica 587f2769-ee87-4f78-ba6c-71cd188a6ef1 success
INFO 07-27 09:19:19 server.py:188] Confirm GPU group 180 for meta-llama/Meta-Llama-3-8B_sllm-condense_0 replica 587f2769-ee87-4f78-ba6c-71cd188a6ef1 success
INFO 07-27 09:19:19 server.py:188] Confirm GPU group 181 for meta-llama/Meta-Llama-3-8B_sllm-condense_0 replica 587f2769-ee87-4f78-ba6c-71cd188a6ef1 success
INFO 07-27 09:19:19 server.py:188] Confirm GPU group 182 for meta-llama/Meta-Llama-3-8B_sllm-condense_0 replica 587f2769-ee87-4f78-ba6c-71cd188a6ef1 success
INFO 07-27 09:19:19 server.py:188] Confirm GPU group 183 for meta-llama/Meta-Llama-3-8B_sllm-condense_0 replica 587f2769-ee87-4f78-ba6c-71cd188a6ef1 success
INFO 07-27 09:19:19 server.py:188] Confirm GPU group 184 for meta-llama/Meta-Llama-3-8B_sllm-condense_0 replica 587f2769-ee87-4f78-ba6c-71cd188a6ef1 success
INFO 07-27 09:19:19 server.py:188] Confirm GPU group 185 for meta-llama/Meta-Llama-3-8B_sllm-condense_0 replica 587f2769-ee87-4f78-ba6c-71cd188a6ef1 success
INFO 07-27 09:19:19 server.py:188] Confirm GPU group 186 for meta-llama/Meta-Llama-3-8B_sllm-condense_0 replica 587f2769-ee87-4f78-ba6c-71cd188a6ef1 success
INFO 07-27 09:19:19 server.py:188] Confirm GPU group 187 for meta-llama/Meta-Llama-3-8B_sllm-condense_0 replica 587f2769-ee87-4f78-ba6c-71cd188a6ef1 success
INFO 07-27 09:19:19 server.py:188] Confirm GPU group 188 for meta-llama/Meta-Llama-3-8B_sllm-condense_0 replica 587f2769-ee87-4f78-ba6c-71cd188a6ef1 success
INFO 07-27 09:19:19 server.py:188] Confirm GPU group 189 for meta-llama/Meta-Llama-3-8B_sllm-condense_0 replica 587f2769-ee87-4f78-ba6c-71cd188a6ef1 success
INFO 07-27 09:19:19 server.py:188] Confirm GPU group 190 for meta-llama/Meta-Llama-3-8B_sllm-condense_0 replica 587f2769-ee87-4f78-ba6c-71cd188a6ef1 success
INFO 07-27 09:19:19 server.py:188] Confirm GPU group 191 for meta-llama/Meta-Llama-3-8B_sllm-condense_0 replica 587f2769-ee87-4f78-ba6c-71cd188a6ef1 success
INFO 07-27 09:19:19 server.py:188] Confirm GPU group 192 for meta-llama/Meta-Llama-3-8B_sllm-condense_0 replica 587f2769-ee87-4f78-ba6c-71cd188a6ef1 success
INFO 07-27 09:19:19 server.py:188] Confirm GPU group 193 for meta-llama/Meta-Llama-3-8B_sllm-condense_0 replica 587f2769-ee87-4f78-ba6c-71cd188a6ef1 success
INFO 07-27 09:19:19 server.py:188] Confirm GPU group 194 for meta-llama/Meta-Llama-3-8B_sllm-condense_0 replica 587f2769-ee87-4f78-ba6c-71cd188a6ef1 success
INFO 07-27 09:19:19 server.py:188] Confirm GPU group 195 for meta-llama/Meta-Llama-3-8B_sllm-condense_0 replica 587f2769-ee87-4f78-ba6c-71cd188a6ef1 success
INFO 07-27 09:19:19 server.py:188] Confirm GPU group 196 for meta-llama/Meta-Llama-3-8B_sllm-condense_0 replica 587f2769-ee87-4f78-ba6c-71cd188a6ef1 success
INFO 07-27 09:19:19 server.py:188] Confirm GPU group 197 for meta-llama/Meta-Llama-3-8B_sllm-condense_0 replica 587f2769-ee87-4f78-ba6c-71cd188a6ef1 success
INFO 07-27 09:19:19 server.py:188] Confirm GPU group 198 for meta-llama/Meta-Llama-3-8B_sllm-condense_0 replica 587f2769-ee87-4f78-ba6c-71cd188a6ef1 success
INFO 07-27 09:19:19 server.py:188] Confirm GPU group 199 for meta-llama/Meta-Llama-3-8B_sllm-condense_0 replica 587f2769-ee87-4f78-ba6c-71cd188a6ef1 success
INFO 07-27 09:19:19 server.py:188] Confirm GPU group 200 for meta-llama/Meta-Llama-3-8B_sllm-condense_0 replica 587f2769-ee87-4f78-ba6c-71cd188a6ef1 success
INFO 07-27 09:19:19 server.py:188] Confirm GPU group 201 for meta-llama/Meta-Llama-3-8B_sllm-condense_0 replica 587f2769-ee87-4f78-ba6c-71cd188a6ef1 success
INFO 07-27 09:19:19 server.py:188] Confirm GPU group 202 for meta-llama/Meta-Llama-3-8B_sllm-condense_0 replica 587f2769-ee87-4f78-ba6c-71cd188a6ef1 success
INFO 07-27 09:19:19 server.py:188] Confirm GPU group 203 for meta-llama/Meta-Llama-3-8B_sllm-condense_0 replica 587f2769-ee87-4f78-ba6c-71cd188a6ef1 success
INFO 07-27 09:19:19 server.py:188] Confirm GPU group 204 for meta-llama/Meta-Llama-3-8B_sllm-condense_0 replica 587f2769-ee87-4f78-ba6c-71cd188a6ef1 success
INFO 07-27 09:19:19 server.py:188] Confirm GPU group 205 for meta-llama/Meta-Llama-3-8B_sllm-condense_0 replica 587f2769-ee87-4f78-ba6c-71cd188a6ef1 success
INFO 07-27 09:19:19 server.py:188] Confirm GPU group 206 for meta-llama/Meta-Llama-3-8B_sllm-condense_0 replica 587f2769-ee87-4f78-ba6c-71cd188a6ef1 success
INFO 07-27 09:19:19 server.py:188] Confirm GPU group 207 for meta-llama/Meta-Llama-3-8B_sllm-condense_0 replica 587f2769-ee87-4f78-ba6c-71cd188a6ef1 success
INFO 07-27 09:19:19 server.py:188] Confirm GPU group 208 for meta-llama/Meta-Llama-3-8B_sllm-condense_0 replica 587f2769-ee87-4f78-ba6c-71cd188a6ef1 success
INFO 07-27 09:19:19 server.py:188] Confirm GPU group 209 for meta-llama/Meta-Llama-3-8B_sllm-condense_0 replica 587f2769-ee87-4f78-ba6c-71cd188a6ef1 success
INFO 07-27 09:19:19 server.py:188] Confirm GPU group 210 for meta-llama/Meta-Llama-3-8B_sllm-condense_0 replica 587f2769-ee87-4f78-ba6c-71cd188a6ef1 success
INFO 07-27 09:19:19 server.py:188] Confirm GPU group 211 for meta-llama/Meta-Llama-3-8B_sllm-condense_0 replica 587f2769-ee87-4f78-ba6c-71cd188a6ef1 success
INFO 07-27 09:19:19 server.py:188] Confirm GPU group 212 for meta-llama/Meta-Llama-3-8B_sllm-condense_0 replica 587f2769-ee87-4f78-ba6c-71cd188a6ef1 success
INFO 07-27 09:19:19 server.py:188] Confirm GPU group 213 for meta-llama/Meta-Llama-3-8B_sllm-condense_0 replica 587f2769-ee87-4f78-ba6c-71cd188a6ef1 success
INFO 07-27 09:19:19 server.py:188] Confirm GPU group 214 for meta-llama/Meta-Llama-3-8B_sllm-condense_0 replica 587f2769-ee87-4f78-ba6c-71cd188a6ef1 success
INFO 07-27 09:19:19 server.py:188] Confirm GPU group 215 for meta-llama/Meta-Llama-3-8B_sllm-condense_0 replica 587f2769-ee87-4f78-ba6c-71cd188a6ef1 success
INFO 07-27 09:19:19 server.py:188] Confirm GPU group 216 for meta-llama/Meta-Llama-3-8B_sllm-condense_0 replica 587f2769-ee87-4f78-ba6c-71cd188a6ef1 success
INFO 07-27 09:19:19 server.py:188] Confirm GPU group 217 for meta-llama/Meta-Llama-3-8B_sllm-condense_0 replica 587f2769-ee87-4f78-ba6c-71cd188a6ef1 success
INFO 07-27 09:19:19 server.py:188] Confirm GPU group 218 for meta-llama/Meta-Llama-3-8B_sllm-condense_0 replica 587f2769-ee87-4f78-ba6c-71cd188a6ef1 success
INFO 07-27 09:19:19 server.py:188] Confirm GPU group 219 for meta-llama/Meta-Llama-3-8B_sllm-condense_0 replica 587f2769-ee87-4f78-ba6c-71cd188a6ef1 success
INFO 07-27 09:19:19 server.py:188] Confirm GPU group 220 for meta-llama/Meta-Llama-3-8B_sllm-condense_0 replica 587f2769-ee87-4f78-ba6c-71cd188a6ef1 success
INFO 07-27 09:19:19 server.py:188] Confirm GPU group 221 for meta-llama/Meta-Llama-3-8B_sllm-condense_0 replica 587f2769-ee87-4f78-ba6c-71cd188a6ef1 success
INFO 07-27 09:19:19 server.py:188] Confirm GPU group 222 for meta-llama/Meta-Llama-3-8B_sllm-condense_0 replica 587f2769-ee87-4f78-ba6c-71cd188a6ef1 success
INFO 07-27 09:19:19 server.py:188] Confirm GPU group 223 for meta-llama/Meta-Llama-3-8B_sllm-condense_0 replica 587f2769-ee87-4f78-ba6c-71cd188a6ef1 success
INFO 07-27 09:19:19 server.py:188] Confirm GPU group 224 for meta-llama/Meta-Llama-3-8B_sllm-condense_0 replica 587f2769-ee87-4f78-ba6c-71cd188a6ef1 success
INFO 07-27 09:19:19 server.py:188] Confirm GPU group 225 for meta-llama/Meta-Llama-3-8B_sllm-condense_0 replica 587f2769-ee87-4f78-ba6c-71cd188a6ef1 success
INFO 07-27 09:19:19 server.py:188] Confirm GPU group 226 for meta-llama/Meta-Llama-3-8B_sllm-condense_0 replica 587f2769-ee87-4f78-ba6c-71cd188a6ef1 success
INFO 07-27 09:19:19 server.py:188] Confirm GPU group 227 for meta-llama/Meta-Llama-3-8B_sllm-condense_0 replica 587f2769-ee87-4f78-ba6c-71cd188a6ef1 success
INFO 07-27 09:19:19 server.py:188] Confirm GPU group 228 for meta-llama/Meta-Llama-3-8B_sllm-condense_0 replica 587f2769-ee87-4f78-ba6c-71cd188a6ef1 success
INFO 07-27 09:19:19 server.py:188] Confirm GPU group 229 for meta-llama/Meta-Llama-3-8B_sllm-condense_0 replica 587f2769-ee87-4f78-ba6c-71cd188a6ef1 success
INFO 07-27 09:19:19 server.py:188] Confirm GPU group 230 for meta-llama/Meta-Llama-3-8B_sllm-condense_0 replica 587f2769-ee87-4f78-ba6c-71cd188a6ef1 success
INFO 07-27 09:19:19 server.py:188] Confirm GPU group 231 for meta-llama/Meta-Llama-3-8B_sllm-condense_0 replica 587f2769-ee87-4f78-ba6c-71cd188a6ef1 success
INFO 07-27 09:19:19 server.py:188] Confirm GPU group 232 for meta-llama/Meta-Llama-3-8B_sllm-condense_0 replica 587f2769-ee87-4f78-ba6c-71cd188a6ef1 success
INFO 07-27 09:19:19 server.py:188] Confirm GPU group 233 for meta-llama/Meta-Llama-3-8B_sllm-condense_0 replica 587f2769-ee87-4f78-ba6c-71cd188a6ef1 success
INFO 07-27 09:19:19 server.py:188] Confirm GPU group 234 for meta-llama/Meta-Llama-3-8B_sllm-condense_0 replica 587f2769-ee87-4f78-ba6c-71cd188a6ef1 success
INFO 07-27 09:19:19 server.py:188] Confirm GPU group 235 for meta-llama/Meta-Llama-3-8B_sllm-condense_0 replica 587f2769-ee87-4f78-ba6c-71cd188a6ef1 success
INFO 07-27 09:19:19 server.py:188] Confirm GPU group 236 for meta-llama/Meta-Llama-3-8B_sllm-condense_0 replica 587f2769-ee87-4f78-ba6c-71cd188a6ef1 success
INFO 07-27 09:19:19 server.py:188] Confirm GPU group 237 for meta-llama/Meta-Llama-3-8B_sllm-condense_0 replica 587f2769-ee87-4f78-ba6c-71cd188a6ef1 success
INFO 07-27 09:19:19 server.py:188] Confirm GPU group 238 for meta-llama/Meta-Llama-3-8B_sllm-condense_0 replica 587f2769-ee87-4f78-ba6c-71cd188a6ef1 success
INFO 07-27 09:19:19 server.py:188] Confirm GPU group 239 for meta-llama/Meta-Llama-3-8B_sllm-condense_0 replica 587f2769-ee87-4f78-ba6c-71cd188a6ef1 success
INFO 07-27 09:19:19 server.py:188] Confirm GPU group 240 for meta-llama/Meta-Llama-3-8B_sllm-condense_0 replica 587f2769-ee87-4f78-ba6c-71cd188a6ef1 success
INFO 07-27 09:19:19 server.py:188] Confirm GPU group 241 for meta-llama/Meta-Llama-3-8B_sllm-condense_0 replica 587f2769-ee87-4f78-ba6c-71cd188a6ef1 success
INFO 07-27 09:19:19 server.py:188] Confirm GPU group 242 for meta-llama/Meta-Llama-3-8B_sllm-condense_0 replica 587f2769-ee87-4f78-ba6c-71cd188a6ef1 success
INFO 07-27 09:19:19 server.py:188] Confirm GPU group 243 for meta-llama/Meta-Llama-3-8B_sllm-condense_0 replica 587f2769-ee87-4f78-ba6c-71cd188a6ef1 success
INFO 07-27 09:19:19 server.py:188] Confirm GPU group 244 for meta-llama/Meta-Llama-3-8B_sllm-condense_0 replica 587f2769-ee87-4f78-ba6c-71cd188a6ef1 success
INFO 07-27 09:19:19 server.py:188] Confirm GPU group 245 for meta-llama/Meta-Llama-3-8B_sllm-condense_0 replica 587f2769-ee87-4f78-ba6c-71cd188a6ef1 success
INFO 07-27 09:19:19 server.py:188] Confirm GPU group 246 for meta-llama/Meta-Llama-3-8B_sllm-condense_0 replica 587f2769-ee87-4f78-ba6c-71cd188a6ef1 success
INFO 07-27 09:19:19 server.py:188] Confirm GPU group 247 for meta-llama/Meta-Llama-3-8B_sllm-condense_0 replica 587f2769-ee87-4f78-ba6c-71cd188a6ef1 success
INFO 07-27 09:19:19 server.py:188] Confirm GPU group 248 for meta-llama/Meta-Llama-3-8B_sllm-condense_0 replica 587f2769-ee87-4f78-ba6c-71cd188a6ef1 success
INFO 07-27 09:19:19 server.py:188] Confirm GPU group 249 for meta-llama/Meta-Llama-3-8B_sllm-condense_0 replica 587f2769-ee87-4f78-ba6c-71cd188a6ef1 success
INFO 07-27 09:19:19 server.py:188] Confirm GPU group 250 for meta-llama/Meta-Llama-3-8B_sllm-condense_0 replica 587f2769-ee87-4f78-ba6c-71cd188a6ef1 success
INFO 07-27 09:19:19 server.py:188] Confirm GPU group 251 for meta-llama/Meta-Llama-3-8B_sllm-condense_0 replica 587f2769-ee87-4f78-ba6c-71cd188a6ef1 success
INFO 07-27 09:19:19 server.py:188] Confirm GPU group 252 for meta-llama/Meta-Llama-3-8B_sllm-condense_0 replica 587f2769-ee87-4f78-ba6c-71cd188a6ef1 success
INFO 07-27 09:19:19 server.py:188] Confirm GPU group 253 for meta-llama/Meta-Llama-3-8B_sllm-condense_0 replica 587f2769-ee87-4f78-ba6c-71cd188a6ef1 success
INFO 07-27 09:19:19 server.py:188] Confirm GPU group 254 for meta-llama/Meta-Llama-3-8B_sllm-condense_0 replica 587f2769-ee87-4f78-ba6c-71cd188a6ef1 success
INFO 07-27 09:19:19 server.py:188] Confirm GPU group 255 for meta-llama/Meta-Llama-3-8B_sllm-condense_0 replica 587f2769-ee87-4f78-ba6c-71cd188a6ef1 success
INFO 07-27 09:19:19 server.py:188] Confirm GPU group 256 for meta-llama/Meta-Llama-3-8B_sllm-condense_0 replica 587f2769-ee87-4f78-ba6c-71cd188a6ef1 success
INFO 07-27 09:19:19 server.py:188] Confirm GPU group 257 for meta-llama/Meta-Llama-3-8B_sllm-condense_0 replica 587f2769-ee87-4f78-ba6c-71cd188a6ef1 success
INFO 07-27 09:19:19 server.py:188] Confirm GPU group 258 for meta-llama/Meta-Llama-3-8B_sllm-condense_0 replica 587f2769-ee87-4f78-ba6c-71cd188a6ef1 success
INFO 07-27 09:19:19 server.py:188] Confirm GPU group 259 for meta-llama/Meta-Llama-3-8B_sllm-condense_0 replica 587f2769-ee87-4f78-ba6c-71cd188a6ef1 success
INFO 07-27 09:19:19 server.py:188] Confirm GPU group 260 for meta-llama/Meta-Llama-3-8B_sllm-condense_0 replica 587f2769-ee87-4f78-ba6c-71cd188a6ef1 success
INFO 07-27 09:19:19 server.py:188] Confirm GPU group 261 for meta-llama/Meta-Llama-3-8B_sllm-condense_0 replica 587f2769-ee87-4f78-ba6c-71cd188a6ef1 success
INFO 07-27 09:19:19 server.py:188] Confirm GPU group 262 for meta-llama/Meta-Llama-3-8B_sllm-condense_0 replica 587f2769-ee87-4f78-ba6c-71cd188a6ef1 success
INFO 07-27 09:19:19 server.py:188] Confirm GPU group 263 for meta-llama/Meta-Llama-3-8B_sllm-condense_0 replica 587f2769-ee87-4f78-ba6c-71cd188a6ef1 success
INFO 07-27 09:19:19 server.py:188] Confirm GPU group 264 for meta-llama/Meta-Llama-3-8B_sllm-condense_0 replica 587f2769-ee87-4f78-ba6c-71cd188a6ef1 success
INFO 07-27 09:19:19 server.py:188] Confirm GPU group 265 for meta-llama/Meta-Llama-3-8B_sllm-condense_0 replica 587f2769-ee87-4f78-ba6c-71cd188a6ef1 success
INFO 07-27 09:19:19 server.py:188] Confirm GPU group 266 for meta-llama/Meta-Llama-3-8B_sllm-condense_0 replica 587f2769-ee87-4f78-ba6c-71cd188a6ef1 success
INFO 07-27 09:19:19 server.py:188] Confirm GPU group 267 for meta-llama/Meta-Llama-3-8B_sllm-condense_0 replica 587f2769-ee87-4f78-ba6c-71cd188a6ef1 success
INFO 07-27 09:19:19 server.py:188] Confirm GPU group 268 for meta-llama/Meta-Llama-3-8B_sllm-condense_0 replica 587f2769-ee87-4f78-ba6c-71cd188a6ef1 success
INFO 07-27 09:19:19 server.py:188] Confirm GPU group 269 for meta-llama/Meta-Llama-3-8B_sllm-condense_0 replica 587f2769-ee87-4f78-ba6c-71cd188a6ef1 success
INFO 07-27 09:19:19 server.py:188] Confirm GPU group 270 for meta-llama/Meta-Llama-3-8B_sllm-condense_0 replica 587f2769-ee87-4f78-ba6c-71cd188a6ef1 success
INFO 07-27 09:19:19 server.py:188] Confirm GPU group 271 for meta-llama/Meta-Llama-3-8B_sllm-condense_0 replica 587f2769-ee87-4f78-ba6c-71cd188a6ef1 success
INFO 07-27 09:19:19 server.py:188] Confirm GPU group 272 for meta-llama/Meta-Llama-3-8B_sllm-condense_0 replica 587f2769-ee87-4f78-ba6c-71cd188a6ef1 success
INFO 07-27 09:19:19 server.py:188] Confirm GPU group 273 for meta-llama/Meta-Llama-3-8B_sllm-condense_0 replica 587f2769-ee87-4f78-ba6c-71cd188a6ef1 success
INFO 07-27 09:19:19 server.py:188] Confirm GPU group 274 for meta-llama/Meta-Llama-3-8B_sllm-condense_0 replica 587f2769-ee87-4f78-ba6c-71cd188a6ef1 success
INFO 07-27 09:19:19 server.py:188] Confirm GPU group 275 for meta-llama/Meta-Llama-3-8B_sllm-condense_0 replica 587f2769-ee87-4f78-ba6c-71cd188a6ef1 success
INFO 07-27 09:19:19 server.py:188] Confirm GPU group 276 for meta-llama/Meta-Llama-3-8B_sllm-condense_0 replica 587f2769-ee87-4f78-ba6c-71cd188a6ef1 success
INFO 07-27 09:19:19 server.py:188] Confirm GPU group 277 for meta-llama/Meta-Llama-3-8B_sllm-condense_0 replica 587f2769-ee87-4f78-ba6c-71cd188a6ef1 success
INFO 07-27 09:19:20 server.py:188] Confirm GPU group 278 for meta-llama/Meta-Llama-3-8B_sllm-condense_0 replica 587f2769-ee87-4f78-ba6c-71cd188a6ef1 success
INFO 07-27 09:19:20 server.py:188] Confirm GPU group 279 for meta-llama/Meta-Llama-3-8B_sllm-condense_0 replica 587f2769-ee87-4f78-ba6c-71cd188a6ef1 success
INFO 07-27 09:19:20 server.py:188] Confirm GPU group 280 for meta-llama/Meta-Llama-3-8B_sllm-condense_0 replica 587f2769-ee87-4f78-ba6c-71cd188a6ef1 success
INFO 07-27 09:19:20 server.py:188] Confirm GPU group 281 for meta-llama/Meta-Llama-3-8B_sllm-condense_0 replica 587f2769-ee87-4f78-ba6c-71cd188a6ef1 success
INFO 07-27 09:19:20 server.py:188] Confirm GPU group 282 for meta-llama/Meta-Llama-3-8B_sllm-condense_0 replica 587f2769-ee87-4f78-ba6c-71cd188a6ef1 success
INFO 07-27 09:19:20 server.py:188] Confirm GPU group 283 for meta-llama/Meta-Llama-3-8B_sllm-condense_0 replica 587f2769-ee87-4f78-ba6c-71cd188a6ef1 success
INFO 07-27 09:19:20 server.py:188] Confirm GPU group 284 for meta-llama/Meta-Llama-3-8B_sllm-condense_0 replica 587f2769-ee87-4f78-ba6c-71cd188a6ef1 success
INFO 07-27 09:19:20 server.py:188] Confirm GPU group 285 for meta-llama/Meta-Llama-3-8B_sllm-condense_0 replica 587f2769-ee87-4f78-ba6c-71cd188a6ef1 success
INFO 07-27 09:19:20 server.py:188] Confirm GPU group 286 for meta-llama/Meta-Llama-3-8B_sllm-condense_0 replica 587f2769-ee87-4f78-ba6c-71cd188a6ef1 success
INFO 07-27 09:19:20 server.py:188] Confirm GPU group 287 for meta-llama/Meta-Llama-3-8B_sllm-condense_0 replica 587f2769-ee87-4f78-ba6c-71cd188a6ef1 success
INFO 07-27 09:19:20 server.py:188] Confirm GPU group 288 for meta-llama/Meta-Llama-3-8B_sllm-condense_0 replica 587f2769-ee87-4f78-ba6c-71cd188a6ef1 success
INFO 07-27 09:19:20 server.py:188] Confirm GPU group 289 for meta-llama/Meta-Llama-3-8B_sllm-condense_0 replica 587f2769-ee87-4f78-ba6c-71cd188a6ef1 success
INFO 07-27 09:19:20 server.py:188] Confirm GPU group 290 for meta-llama/Meta-Llama-3-8B_sllm-condense_0 replica 587f2769-ee87-4f78-ba6c-71cd188a6ef1 success
INFO 07-27 09:19:20 server.py:138] Confirm model meta-llama/Meta-Llama-3-8B_sllm-condense_0 replica 587f2769-ee87-4f78-ba6c-71cd188a6ef1 success
I20260727 09:19:23.259704 2091727 model.cpp:53] Tensor file "/mnt/data1/mechels/sllm_storage/Llama-3-8B/meta-llama/Meta-Llama-3-8B_sllm-condense_2/tensor.data_1" does not exist
I20260727 09:19:23.259836 2091727 checkpoint_store.cpp:106] Model meta-llama/Meta-Llama-3-8B_sllm-condense_2 is registered
INFO 07-27 09:19:23 server.py:115] LoadModel: success meta-llama/Meta-Llama-3-8B_sllm-condense_2 with target 1
I20260727 09:19:23.260347 2107495 pinned_memory_pool.cpp:78] PinnedMemoryPool Allocate 423 buffers free buffers 356 total buffers 2048
I20260727 09:19:23.261775 2107495 model.cpp:120] Loading model meta-llama/Meta-Llama-3-8B_sllm-condense_2 size 7080803840 to host
I20260727 09:19:23.261797 2107495 model.cpp:134] Loading model meta-llama/Meta-Llama-3-8B_sllm-condense_2 to host with 4 threads, 423 chunks, 16777216 chunk size, 106 chunks per thread
I20260727 09:19:23.261899 2107496 model.cpp:155] Thread 0 starting from partition 0 offset 0
I20260727 09:19:23.261919 2107497 model.cpp:155] Thread 1 starting from partition 0 offset 1778384896
I20260727 09:19:23.261951 2107498 model.cpp:155] Thread 2 starting from partition 0 offset 3556769792
I20260727 09:19:23.261967 2107499 model.cpp:155] Thread 3 starting from partition 0 offset 5335154688
I20260727 09:19:24.204540 2107550 checkpoint_store.cpp:209] Loading model meta-llama/Meta-Llama-3-8B_sllm-condense_2
INFO 07-27 09:19:24 server.py:115] LoadModel: success meta-llama/Meta-Llama-3-8B_sllm-condense_2 with target 2
I20260727 09:19:24.288966 2107550 model.cpp:269] Creating replica 137f720c-9760-48be-a7a6-608db3b380e4
I20260727 09:19:24.289044 2107550 model.cpp:273] Creating queue for device 0
I20260727 09:19:24.289081 2107550 model.cpp:285] Created replica 137f720c-9760-48be-a7a6-608db3b380e4
I20260727 09:19:24.289220 2107550 model.cpp:296] Dispatcher started for model meta-llama/Meta-Llama-3-8B_sllm-condense_2
I20260727 09:19:24.289268 2107550 model.cpp:363] Waiting for model meta-llama/Meta-Llama-3-8B_sllm-condense_2 num tasks 1 state 3
INFO 07-27 09:19:40 server.py:188] Confirm GPU group 0 for meta-llama/Meta-Llama-3-8B_sllm-condense_2 replica 137f720c-9760-48be-a7a6-608db3b380e4 success
INFO 07-27 09:19:40 server.py:188] Confirm GPU group 1 for meta-llama/Meta-Llama-3-8B_sllm-condense_2 replica 137f720c-9760-48be-a7a6-608db3b380e4 success
INFO 07-27 09:19:41 server.py:188] Confirm GPU group 2 for meta-llama/Meta-Llama-3-8B_sllm-condense_2 replica 137f720c-9760-48be-a7a6-608db3b380e4 success
INFO 07-27 09:19:41 server.py:188] Confirm GPU group 3 for meta-llama/Meta-Llama-3-8B_sllm-condense_2 replica 137f720c-9760-48be-a7a6-608db3b380e4 success
INFO 07-27 09:19:41 server.py:188] Confirm GPU group 4 for meta-llama/Meta-Llama-3-8B_sllm-condense_2 replica 137f720c-9760-48be-a7a6-608db3b380e4 success
INFO 07-27 09:19:43 server.py:188] Confirm GPU group 5 for meta-llama/Meta-Llama-3-8B_sllm-condense_2 replica 137f720c-9760-48be-a7a6-608db3b380e4 success
INFO 07-27 09:19:45 server.py:188] Confirm GPU group 6 for meta-llama/Meta-Llama-3-8B_sllm-condense_2 replica 137f720c-9760-48be-a7a6-608db3b380e4 success
INFO 07-27 09:19:47 server.py:188] Confirm GPU group 7 for meta-llama/Meta-Llama-3-8B_sllm-condense_2 replica 137f720c-9760-48be-a7a6-608db3b380e4 success
INFO 07-27 09:19:47 server.py:188] Confirm GPU group 8 for meta-llama/Meta-Llama-3-8B_sllm-condense_2 replica 137f720c-9760-48be-a7a6-608db3b380e4 success
INFO 07-27 09:19:47 server.py:188] Confirm GPU group 9 for meta-llama/Meta-Llama-3-8B_sllm-condense_2 replica 137f720c-9760-48be-a7a6-608db3b380e4 success
INFO 07-27 09:19:48 server.py:188] Confirm GPU group 10 for meta-llama/Meta-Llama-3-8B_sllm-condense_2 replica 137f720c-9760-48be-a7a6-608db3b380e4 success
INFO 07-27 09:19:48 server.py:188] Confirm GPU group 11 for meta-llama/Meta-Llama-3-8B_sllm-condense_2 replica 137f720c-9760-48be-a7a6-608db3b380e4 success
INFO 07-27 09:19:49 server.py:188] Confirm GPU group 12 for meta-llama/Meta-Llama-3-8B_sllm-condense_2 replica 137f720c-9760-48be-a7a6-608db3b380e4 success
INFO 07-27 09:19:49 server.py:188] Confirm GPU group 13 for meta-llama/Meta-Llama-3-8B_sllm-condense_2 replica 137f720c-9760-48be-a7a6-608db3b380e4 success
INFO 07-27 09:19:51 server.py:188] Confirm GPU group 14 for meta-llama/Meta-Llama-3-8B_sllm-condense_2 replica 137f720c-9760-48be-a7a6-608db3b380e4 success
INFO 07-27 09:19:53 server.py:188] Confirm GPU group 15 for meta-llama/Meta-Llama-3-8B_sllm-condense_2 replica 137f720c-9760-48be-a7a6-608db3b380e4 success
INFO 07-27 09:19:55 server.py:188] Confirm GPU group 16 for meta-llama/Meta-Llama-3-8B_sllm-condense_2 replica 137f720c-9760-48be-a7a6-608db3b380e4 success
INFO 07-27 09:19:55 server.py:188] Confirm GPU group 17 for meta-llama/Meta-Llama-3-8B_sllm-condense_2 replica 137f720c-9760-48be-a7a6-608db3b380e4 success
INFO 07-27 09:19:55 server.py:188] Confirm GPU group 18 for meta-llama/Meta-Llama-3-8B_sllm-condense_2 replica 137f720c-9760-48be-a7a6-608db3b380e4 success
INFO 07-27 09:19:56 server.py:188] Confirm GPU group 19 for meta-llama/Meta-Llama-3-8B_sllm-condense_2 replica 137f720c-9760-48be-a7a6-608db3b380e4 success
INFO 07-27 09:19:56 server.py:188] Confirm GPU group 20 for meta-llama/Meta-Llama-3-8B_sllm-condense_2 replica 137f720c-9760-48be-a7a6-608db3b380e4 success
INFO 07-27 09:19:57 server.py:188] Confirm GPU group 21 for meta-llama/Meta-Llama-3-8B_sllm-condense_2 replica 137f720c-9760-48be-a7a6-608db3b380e4 success
INFO 07-27 09:19:57 server.py:188] Confirm GPU group 22 for meta-llama/Meta-Llama-3-8B_sllm-condense_2 replica 137f720c-9760-48be-a7a6-608db3b380e4 success
INFO 07-27 09:19:59 server.py:188] Confirm GPU group 23 for meta-llama/Meta-Llama-3-8B_sllm-condense_2 replica 137f720c-9760-48be-a7a6-608db3b380e4 success
INFO 07-27 09:20:01 server.py:188] Confirm GPU group 24 for meta-llama/Meta-Llama-3-8B_sllm-condense_2 replica 137f720c-9760-48be-a7a6-608db3b380e4 success
INFO 07-27 09:20:03 server.py:188] Confirm GPU group 25 for meta-llama/Meta-Llama-3-8B_sllm-condense_2 replica 137f720c-9760-48be-a7a6-608db3b380e4 success
INFO 07-27 09:20:03 server.py:188] Confirm GPU group 26 for meta-llama/Meta-Llama-3-8B_sllm-condense_2 replica 137f720c-9760-48be-a7a6-608db3b380e4 success
INFO 07-27 09:20:03 server.py:188] Confirm GPU group 27 for meta-llama/Meta-Llama-3-8B_sllm-condense_2 replica 137f720c-9760-48be-a7a6-608db3b380e4 success
INFO 07-27 09:20:04 server.py:188] Confirm GPU group 28 for meta-llama/Meta-Llama-3-8B_sllm-condense_2 replica 137f720c-9760-48be-a7a6-608db3b380e4 success
INFO 07-27 09:20:04 server.py:188] Confirm GPU group 29 for meta-llama/Meta-Llama-3-8B_sllm-condense_2 replica 137f720c-9760-48be-a7a6-608db3b380e4 success
INFO 07-27 09:20:05 server.py:188] Confirm GPU group 30 for meta-llama/Meta-Llama-3-8B_sllm-condense_2 replica 137f720c-9760-48be-a7a6-608db3b380e4 success
INFO 07-27 09:20:06 server.py:188] Confirm GPU group 31 for meta-llama/Meta-Llama-3-8B_sllm-condense_2 replica 137f720c-9760-48be-a7a6-608db3b380e4 success
INFO 07-27 09:20:08 server.py:188] Confirm GPU group 32 for meta-llama/Meta-Llama-3-8B_sllm-condense_2 replica 137f720c-9760-48be-a7a6-608db3b380e4 success
INFO 07-27 09:20:10 server.py:188] Confirm GPU group 33 for meta-llama/Meta-Llama-3-8B_sllm-condense_2 replica 137f720c-9760-48be-a7a6-608db3b380e4 success
INFO 07-27 09:20:12 server.py:188] Confirm GPU group 34 for meta-llama/Meta-Llama-3-8B_sllm-condense_2 replica 137f720c-9760-48be-a7a6-608db3b380e4 success
INFO 07-27 09:20:12 server.py:188] Confirm GPU group 35 for meta-llama/Meta-Llama-3-8B_sllm-condense_2 replica 137f720c-9760-48be-a7a6-608db3b380e4 success
INFO 07-27 09:20:12 server.py:188] Confirm GPU group 36 for meta-llama/Meta-Llama-3-8B_sllm-condense_2 replica 137f720c-9760-48be-a7a6-608db3b380e4 success
INFO 07-27 09:20:12 server.py:188] Confirm GPU group 37 for meta-llama/Meta-Llama-3-8B_sllm-condense_2 replica 137f720c-9760-48be-a7a6-608db3b380e4 success
INFO 07-27 09:20:13 server.py:188] Confirm GPU group 38 for meta-llama/Meta-Llama-3-8B_sllm-condense_2 replica 137f720c-9760-48be-a7a6-608db3b380e4 success
INFO 07-27 09:20:13 server.py:188] Confirm GPU group 39 for meta-llama/Meta-Llama-3-8B_sllm-condense_2 replica 137f720c-9760-48be-a7a6-608db3b380e4 success
INFO 07-27 09:20:13 server.py:188] Confirm GPU group 40 for meta-llama/Meta-Llama-3-8B_sllm-condense_2 replica 137f720c-9760-48be-a7a6-608db3b380e4 success
INFO 07-27 09:20:16 server.py:188] Confirm GPU group 41 for meta-llama/Meta-Llama-3-8B_sllm-condense_2 replica 137f720c-9760-48be-a7a6-608db3b380e4 success
INFO 07-27 09:20:17 server.py:188] Confirm GPU group 42 for meta-llama/Meta-Llama-3-8B_sllm-condense_2 replica 137f720c-9760-48be-a7a6-608db3b380e4 success
INFO 07-27 09:20:20 server.py:188] Confirm GPU group 43 for meta-llama/Meta-Llama-3-8B_sllm-condense_2 replica 137f720c-9760-48be-a7a6-608db3b380e4 success
INFO 07-27 09:20:20 server.py:188] Confirm GPU group 44 for meta-llama/Meta-Llama-3-8B_sllm-condense_2 replica 137f720c-9760-48be-a7a6-608db3b380e4 success
INFO 07-27 09:20:20 server.py:188] Confirm GPU group 45 for meta-llama/Meta-Llama-3-8B_sllm-condense_2 replica 137f720c-9760-48be-a7a6-608db3b380e4 success
INFO 07-27 09:20:21 server.py:188] Confirm GPU group 46 for meta-llama/Meta-Llama-3-8B_sllm-condense_2 replica 137f720c-9760-48be-a7a6-608db3b380e4 success
INFO 07-27 09:20:21 server.py:188] Confirm GPU group 47 for meta-llama/Meta-Llama-3-8B_sllm-condense_2 replica 137f720c-9760-48be-a7a6-608db3b380e4 success
INFO 07-27 09:20:21 server.py:188] Confirm GPU group 48 for meta-llama/Meta-Llama-3-8B_sllm-condense_2 replica 137f720c-9760-48be-a7a6-608db3b380e4 success
INFO 07-27 09:20:21 server.py:188] Confirm GPU group 49 for meta-llama/Meta-Llama-3-8B_sllm-condense_2 replica 137f720c-9760-48be-a7a6-608db3b380e4 success
INFO 07-27 09:20:23 server.py:188] Confirm GPU group 50 for meta-llama/Meta-Llama-3-8B_sllm-condense_2 replica 137f720c-9760-48be-a7a6-608db3b380e4 success
INFO 07-27 09:20:26 server.py:188] Confirm GPU group 51 for meta-llama/Meta-Llama-3-8B_sllm-condense_2 replica 137f720c-9760-48be-a7a6-608db3b380e4 success
INFO 07-27 09:20:28 server.py:188] Confirm GPU group 52 for meta-llama/Meta-Llama-3-8B_sllm-condense_2 replica 137f720c-9760-48be-a7a6-608db3b380e4 success
INFO 07-27 09:20:28 server.py:188] Confirm GPU group 53 for meta-llama/Meta-Llama-3-8B_sllm-condense_2 replica 137f720c-9760-48be-a7a6-608db3b380e4 success
INFO 07-27 09:20:28 server.py:188] Confirm GPU group 54 for meta-llama/Meta-Llama-3-8B_sllm-condense_2 replica 137f720c-9760-48be-a7a6-608db3b380e4 success
INFO 07-27 09:20:28 server.py:188] Confirm GPU group 55 for meta-llama/Meta-Llama-3-8B_sllm-condense_2 replica 137f720c-9760-48be-a7a6-608db3b380e4 success
INFO 07-27 09:20:28 server.py:188] Confirm GPU group 56 for meta-llama/Meta-Llama-3-8B_sllm-condense_2 replica 137f720c-9760-48be-a7a6-608db3b380e4 success
INFO 07-27 09:20:29 server.py:188] Confirm GPU group 57 for meta-llama/Meta-Llama-3-8B_sllm-condense_2 replica 137f720c-9760-48be-a7a6-608db3b380e4 success
INFO 07-27 09:20:29 server.py:188] Confirm GPU group 58 for meta-llama/Meta-Llama-3-8B_sllm-condense_2 replica 137f720c-9760-48be-a7a6-608db3b380e4 success
INFO 07-27 09:20:32 server.py:188] Confirm GPU group 59 for meta-llama/Meta-Llama-3-8B_sllm-condense_2 replica 137f720c-9760-48be-a7a6-608db3b380e4 success
INFO 07-27 09:20:33 server.py:188] Confirm GPU group 60 for meta-llama/Meta-Llama-3-8B_sllm-condense_2 replica 137f720c-9760-48be-a7a6-608db3b380e4 success
INFO 07-27 09:20:34 server.py:188] Confirm GPU group 61 for meta-llama/Meta-Llama-3-8B_sllm-condense_2 replica 137f720c-9760-48be-a7a6-608db3b380e4 success
INFO 07-27 09:20:34 server.py:188] Confirm GPU group 62 for meta-llama/Meta-Llama-3-8B_sllm-condense_2 replica 137f720c-9760-48be-a7a6-608db3b380e4 success
INFO 07-27 09:20:34 server.py:188] Confirm GPU group 63 for meta-llama/Meta-Llama-3-8B_sllm-condense_2 replica 137f720c-9760-48be-a7a6-608db3b380e4 success
INFO 07-27 09:20:34 server.py:188] Confirm GPU group 64 for meta-llama/Meta-Llama-3-8B_sllm-condense_2 replica 137f720c-9760-48be-a7a6-608db3b380e4 success
INFO 07-27 09:20:34 server.py:188] Confirm GPU group 65 for meta-llama/Meta-Llama-3-8B_sllm-condense_2 replica 137f720c-9760-48be-a7a6-608db3b380e4 success
INFO 07-27 09:20:34 server.py:188] Confirm GPU group 66 for meta-llama/Meta-Llama-3-8B_sllm-condense_2 replica 137f720c-9760-48be-a7a6-608db3b380e4 success
INFO 07-27 09:20:34 server.py:188] Confirm GPU group 67 for meta-llama/Meta-Llama-3-8B_sllm-condense_2 replica 137f720c-9760-48be-a7a6-608db3b380e4 success
INFO 07-27 09:20:34 server.py:188] Confirm GPU group 68 for meta-llama/Meta-Llama-3-8B_sllm-condense_2 replica 137f720c-9760-48be-a7a6-608db3b380e4 success
INFO 07-27 09:20:34 server.py:188] Confirm GPU group 69 for meta-llama/Meta-Llama-3-8B_sllm-condense_2 replica 137f720c-9760-48be-a7a6-608db3b380e4 success
INFO 07-27 09:20:34 server.py:188] Confirm GPU group 70 for meta-llama/Meta-Llama-3-8B_sllm-condense_2 replica 137f720c-9760-48be-a7a6-608db3b380e4 success
INFO 07-27 09:20:34 server.py:188] Confirm GPU group 71 for meta-llama/Meta-Llama-3-8B_sllm-condense_2 replica 137f720c-9760-48be-a7a6-608db3b380e4 success
INFO 07-27 09:20:34 server.py:188] Confirm GPU group 72 for meta-llama/Meta-Llama-3-8B_sllm-condense_2 replica 137f720c-9760-48be-a7a6-608db3b380e4 success
INFO 07-27 09:20:34 server.py:188] Confirm GPU group 73 for meta-llama/Meta-Llama-3-8B_sllm-condense_2 replica 137f720c-9760-48be-a7a6-608db3b380e4 success
INFO 07-27 09:20:34 server.py:188] Confirm GPU group 74 for meta-llama/Meta-Llama-3-8B_sllm-condense_2 replica 137f720c-9760-48be-a7a6-608db3b380e4 success
INFO 07-27 09:20:34 server.py:188] Confirm GPU group 75 for meta-llama/Meta-Llama-3-8B_sllm-condense_2 replica 137f720c-9760-48be-a7a6-608db3b380e4 success
INFO 07-27 09:20:34 server.py:188] Confirm GPU group 76 for meta-llama/Meta-Llama-3-8B_sllm-condense_2 replica 137f720c-9760-48be-a7a6-608db3b380e4 success
INFO 07-27 09:20:34 server.py:188] Confirm GPU group 77 for meta-llama/Meta-Llama-3-8B_sllm-condense_2 replica 137f720c-9760-48be-a7a6-608db3b380e4 success
INFO 07-27 09:20:34 server.py:188] Confirm GPU group 78 for meta-llama/Meta-Llama-3-8B_sllm-condense_2 replica 137f720c-9760-48be-a7a6-608db3b380e4 success
INFO 07-27 09:20:34 server.py:188] Confirm GPU group 79 for meta-llama/Meta-Llama-3-8B_sllm-condense_2 replica 137f720c-9760-48be-a7a6-608db3b380e4 success
INFO 07-27 09:20:34 server.py:188] Confirm GPU group 80 for meta-llama/Meta-Llama-3-8B_sllm-condense_2 replica 137f720c-9760-48be-a7a6-608db3b380e4 success
INFO 07-27 09:20:34 server.py:188] Confirm GPU group 81 for meta-llama/Meta-Llama-3-8B_sllm-condense_2 replica 137f720c-9760-48be-a7a6-608db3b380e4 success
INFO 07-27 09:20:34 server.py:188] Confirm GPU group 82 for meta-llama/Meta-Llama-3-8B_sllm-condense_2 replica 137f720c-9760-48be-a7a6-608db3b380e4 success
INFO 07-27 09:20:34 server.py:188] Confirm GPU group 83 for meta-llama/Meta-Llama-3-8B_sllm-condense_2 replica 137f720c-9760-48be-a7a6-608db3b380e4 success
INFO 07-27 09:20:34 server.py:188] Confirm GPU group 84 for meta-llama/Meta-Llama-3-8B_sllm-condense_2 replica 137f720c-9760-48be-a7a6-608db3b380e4 success
INFO 07-27 09:20:34 server.py:188] Confirm GPU group 85 for meta-llama/Meta-Llama-3-8B_sllm-condense_2 replica 137f720c-9760-48be-a7a6-608db3b380e4 success
INFO 07-27 09:20:34 server.py:188] Confirm GPU group 86 for meta-llama/Meta-Llama-3-8B_sllm-condense_2 replica 137f720c-9760-48be-a7a6-608db3b380e4 success
INFO 07-27 09:20:35 server.py:188] Confirm GPU group 87 for meta-llama/Meta-Llama-3-8B_sllm-condense_2 replica 137f720c-9760-48be-a7a6-608db3b380e4 success
INFO 07-27 09:20:35 server.py:188] Confirm GPU group 88 for meta-llama/Meta-Llama-3-8B_sllm-condense_2 replica 137f720c-9760-48be-a7a6-608db3b380e4 success
INFO 07-27 09:20:35 server.py:188] Confirm GPU group 89 for meta-llama/Meta-Llama-3-8B_sllm-condense_2 replica 137f720c-9760-48be-a7a6-608db3b380e4 success
INFO 07-27 09:20:35 server.py:188] Confirm GPU group 90 for meta-llama/Meta-Llama-3-8B_sllm-condense_2 replica 137f720c-9760-48be-a7a6-608db3b380e4 success
INFO 07-27 09:20:35 server.py:188] Confirm GPU group 91 for meta-llama/Meta-Llama-3-8B_sllm-condense_2 replica 137f720c-9760-48be-a7a6-608db3b380e4 success
INFO 07-27 09:20:35 server.py:188] Confirm GPU group 92 for meta-llama/Meta-Llama-3-8B_sllm-condense_2 replica 137f720c-9760-48be-a7a6-608db3b380e4 success
INFO 07-27 09:20:35 server.py:188] Confirm GPU group 93 for meta-llama/Meta-Llama-3-8B_sllm-condense_2 replica 137f720c-9760-48be-a7a6-608db3b380e4 success
INFO 07-27 09:20:35 server.py:188] Confirm GPU group 94 for meta-llama/Meta-Llama-3-8B_sllm-condense_2 replica 137f720c-9760-48be-a7a6-608db3b380e4 success
INFO 07-27 09:20:35 server.py:188] Confirm GPU group 95 for meta-llama/Meta-Llama-3-8B_sllm-condense_2 replica 137f720c-9760-48be-a7a6-608db3b380e4 success
INFO 07-27 09:20:35 server.py:188] Confirm GPU group 96 for meta-llama/Meta-Llama-3-8B_sllm-condense_2 replica 137f720c-9760-48be-a7a6-608db3b380e4 success
INFO 07-27 09:20:35 server.py:188] Confirm GPU group 97 for meta-llama/Meta-Llama-3-8B_sllm-condense_2 replica 137f720c-9760-48be-a7a6-608db3b380e4 success
INFO 07-27 09:20:35 server.py:188] Confirm GPU group 98 for meta-llama/Meta-Llama-3-8B_sllm-condense_2 replica 137f720c-9760-48be-a7a6-608db3b380e4 success
INFO 07-27 09:20:35 server.py:188] Confirm GPU group 99 for meta-llama/Meta-Llama-3-8B_sllm-condense_2 replica 137f720c-9760-48be-a7a6-608db3b380e4 success
INFO 07-27 09:20:35 server.py:188] Confirm GPU group 100 for meta-llama/Meta-Llama-3-8B_sllm-condense_2 replica 137f720c-9760-48be-a7a6-608db3b380e4 success
INFO 07-27 09:20:35 server.py:188] Confirm GPU group 101 for meta-llama/Meta-Llama-3-8B_sllm-condense_2 replica 137f720c-9760-48be-a7a6-608db3b380e4 success
INFO 07-27 09:20:35 server.py:188] Confirm GPU group 102 for meta-llama/Meta-Llama-3-8B_sllm-condense_2 replica 137f720c-9760-48be-a7a6-608db3b380e4 success
INFO 07-27 09:20:35 server.py:188] Confirm GPU group 103 for meta-llama/Meta-Llama-3-8B_sllm-condense_2 replica 137f720c-9760-48be-a7a6-608db3b380e4 success
INFO 07-27 09:20:35 server.py:188] Confirm GPU group 104 for meta-llama/Meta-Llama-3-8B_sllm-condense_2 replica 137f720c-9760-48be-a7a6-608db3b380e4 success
INFO 07-27 09:20:35 server.py:188] Confirm GPU group 105 for meta-llama/Meta-Llama-3-8B_sllm-condense_2 replica 137f720c-9760-48be-a7a6-608db3b380e4 success
INFO 07-27 09:20:35 server.py:188] Confirm GPU group 106 for meta-llama/Meta-Llama-3-8B_sllm-condense_2 replica 137f720c-9760-48be-a7a6-608db3b380e4 success
INFO 07-27 09:20:35 server.py:188] Confirm GPU group 107 for meta-llama/Meta-Llama-3-8B_sllm-condense_2 replica 137f720c-9760-48be-a7a6-608db3b380e4 success
INFO 07-27 09:20:35 server.py:188] Confirm GPU group 108 for meta-llama/Meta-Llama-3-8B_sllm-condense_2 replica 137f720c-9760-48be-a7a6-608db3b380e4 success
INFO 07-27 09:20:35 server.py:188] Confirm GPU group 109 for meta-llama/Meta-Llama-3-8B_sllm-condense_2 replica 137f720c-9760-48be-a7a6-608db3b380e4 success
INFO 07-27 09:20:35 server.py:188] Confirm GPU group 110 for meta-llama/Meta-Llama-3-8B_sllm-condense_2 replica 137f720c-9760-48be-a7a6-608db3b380e4 success
INFO 07-27 09:20:35 server.py:188] Confirm GPU group 111 for meta-llama/Meta-Llama-3-8B_sllm-condense_2 replica 137f720c-9760-48be-a7a6-608db3b380e4 success
INFO 07-27 09:20:35 server.py:188] Confirm GPU group 112 for meta-llama/Meta-Llama-3-8B_sllm-condense_2 replica 137f720c-9760-48be-a7a6-608db3b380e4 success
INFO 07-27 09:20:35 server.py:188] Confirm GPU group 113 for meta-llama/Meta-Llama-3-8B_sllm-condense_2 replica 137f720c-9760-48be-a7a6-608db3b380e4 success
INFO 07-27 09:20:35 server.py:188] Confirm GPU group 114 for meta-llama/Meta-Llama-3-8B_sllm-condense_2 replica 137f720c-9760-48be-a7a6-608db3b380e4 success
INFO 07-27 09:20:35 server.py:188] Confirm GPU group 115 for meta-llama/Meta-Llama-3-8B_sllm-condense_2 replica 137f720c-9760-48be-a7a6-608db3b380e4 success
INFO 07-27 09:20:35 server.py:188] Confirm GPU group 116 for meta-llama/Meta-Llama-3-8B_sllm-condense_2 replica 137f720c-9760-48be-a7a6-608db3b380e4 success
INFO 07-27 09:20:35 server.py:188] Confirm GPU group 117 for meta-llama/Meta-Llama-3-8B_sllm-condense_2 replica 137f720c-9760-48be-a7a6-608db3b380e4 success
INFO 07-27 09:20:35 server.py:188] Confirm GPU group 118 for meta-llama/Meta-Llama-3-8B_sllm-condense_2 replica 137f720c-9760-48be-a7a6-608db3b380e4 success
INFO 07-27 09:20:35 server.py:188] Confirm GPU group 119 for meta-llama/Meta-Llama-3-8B_sllm-condense_2 replica 137f720c-9760-48be-a7a6-608db3b380e4 success
INFO 07-27 09:20:35 server.py:188] Confirm GPU group 120 for meta-llama/Meta-Llama-3-8B_sllm-condense_2 replica 137f720c-9760-48be-a7a6-608db3b380e4 success
INFO 07-27 09:20:35 server.py:188] Confirm GPU group 121 for meta-llama/Meta-Llama-3-8B_sllm-condense_2 replica 137f720c-9760-48be-a7a6-608db3b380e4 success
INFO 07-27 09:20:35 server.py:188] Confirm GPU group 122 for meta-llama/Meta-Llama-3-8B_sllm-condense_2 replica 137f720c-9760-48be-a7a6-608db3b380e4 success
I20260727 09:20:35.222661 2107495 model.cpp:250] Finished loading model meta-llama/Meta-Llama-3-8B_sllm-condense_2 from disk
I20260727 09:20:35.223416 2107554 model.cpp:356] Finished loading tensor from memory to device 0
INFO 07-27 09:20:35 server.py:188] Confirm GPU group 123 for meta-llama/Meta-Llama-3-8B_sllm-condense_2 replica 137f720c-9760-48be-a7a6-608db3b380e4 success
INFO 07-27 09:20:35 server.py:188] Confirm GPU group 124 for meta-llama/Meta-Llama-3-8B_sllm-condense_2 replica 137f720c-9760-48be-a7a6-608db3b380e4 success
INFO 07-27 09:20:35 server.py:188] Confirm GPU group 125 for meta-llama/Meta-Llama-3-8B_sllm-condense_2 replica 137f720c-9760-48be-a7a6-608db3b380e4 success
INFO 07-27 09:20:35 server.py:188] Confirm GPU group 126 for meta-llama/Meta-Llama-3-8B_sllm-condense_2 replica 137f720c-9760-48be-a7a6-608db3b380e4 success
INFO 07-27 09:20:35 server.py:188] Confirm GPU group 127 for meta-llama/Meta-Llama-3-8B_sllm-condense_2 replica 137f720c-9760-48be-a7a6-608db3b380e4 success
INFO 07-27 09:20:35 server.py:188] Confirm GPU group 128 for meta-llama/Meta-Llama-3-8B_sllm-condense_2 replica 137f720c-9760-48be-a7a6-608db3b380e4 success
INFO 07-27 09:20:35 server.py:188] Confirm GPU group 129 for meta-llama/Meta-Llama-3-8B_sllm-condense_2 replica 137f720c-9760-48be-a7a6-608db3b380e4 success
INFO 07-27 09:20:35 server.py:188] Confirm GPU group 130 for meta-llama/Meta-Llama-3-8B_sllm-condense_2 replica 137f720c-9760-48be-a7a6-608db3b380e4 success
INFO 07-27 09:20:35 server.py:188] Confirm GPU group 131 for meta-llama/Meta-Llama-3-8B_sllm-condense_2 replica 137f720c-9760-48be-a7a6-608db3b380e4 success
INFO 07-27 09:20:35 server.py:188] Confirm GPU group 132 for meta-llama/Meta-Llama-3-8B_sllm-condense_2 replica 137f720c-9760-48be-a7a6-608db3b380e4 success
INFO 07-27 09:20:35 server.py:188] Confirm GPU group 133 for meta-llama/Meta-Llama-3-8B_sllm-condense_2 replica 137f720c-9760-48be-a7a6-608db3b380e4 success
INFO 07-27 09:20:35 server.py:188] Confirm GPU group 134 for meta-llama/Meta-Llama-3-8B_sllm-condense_2 replica 137f720c-9760-48be-a7a6-608db3b380e4 success
INFO 07-27 09:20:35 server.py:188] Confirm GPU group 135 for meta-llama/Meta-Llama-3-8B_sllm-condense_2 replica 137f720c-9760-48be-a7a6-608db3b380e4 success
INFO 07-27 09:20:35 server.py:188] Confirm GPU group 136 for meta-llama/Meta-Llama-3-8B_sllm-condense_2 replica 137f720c-9760-48be-a7a6-608db3b380e4 success
INFO 07-27 09:20:35 server.py:188] Confirm GPU group 137 for meta-llama/Meta-Llama-3-8B_sllm-condense_2 replica 137f720c-9760-48be-a7a6-608db3b380e4 success
INFO 07-27 09:20:35 server.py:188] Confirm GPU group 138 for meta-llama/Meta-Llama-3-8B_sllm-condense_2 replica 137f720c-9760-48be-a7a6-608db3b380e4 success
INFO 07-27 09:20:35 server.py:188] Confirm GPU group 139 for meta-llama/Meta-Llama-3-8B_sllm-condense_2 replica 137f720c-9760-48be-a7a6-608db3b380e4 success
INFO 07-27 09:20:35 server.py:188] Confirm GPU group 140 for meta-llama/Meta-Llama-3-8B_sllm-condense_2 replica 137f720c-9760-48be-a7a6-608db3b380e4 success
INFO 07-27 09:20:35 server.py:188] Confirm GPU group 141 for meta-llama/Meta-Llama-3-8B_sllm-condense_2 replica 137f720c-9760-48be-a7a6-608db3b380e4 success
INFO 07-27 09:20:35 server.py:188] Confirm GPU group 142 for meta-llama/Meta-Llama-3-8B_sllm-condense_2 replica 137f720c-9760-48be-a7a6-608db3b380e4 success
INFO 07-27 09:20:35 server.py:188] Confirm GPU group 143 for meta-llama/Meta-Llama-3-8B_sllm-condense_2 replica 137f720c-9760-48be-a7a6-608db3b380e4 success
INFO 07-27 09:20:35 server.py:188] Confirm GPU group 144 for meta-llama/Meta-Llama-3-8B_sllm-condense_2 replica 137f720c-9760-48be-a7a6-608db3b380e4 success
INFO 07-27 09:20:35 server.py:188] Confirm GPU group 145 for meta-llama/Meta-Llama-3-8B_sllm-condense_2 replica 137f720c-9760-48be-a7a6-608db3b380e4 success
INFO 07-27 09:20:35 server.py:188] Confirm GPU group 146 for meta-llama/Meta-Llama-3-8B_sllm-condense_2 replica 137f720c-9760-48be-a7a6-608db3b380e4 success
INFO 07-27 09:20:35 server.py:188] Confirm GPU group 147 for meta-llama/Meta-Llama-3-8B_sllm-condense_2 replica 137f720c-9760-48be-a7a6-608db3b380e4 success
INFO 07-27 09:20:35 server.py:188] Confirm GPU group 148 for meta-llama/Meta-Llama-3-8B_sllm-condense_2 replica 137f720c-9760-48be-a7a6-608db3b380e4 success
INFO 07-27 09:20:35 server.py:188] Confirm GPU group 149 for meta-llama/Meta-Llama-3-8B_sllm-condense_2 replica 137f720c-9760-48be-a7a6-608db3b380e4 success
INFO 07-27 09:20:35 server.py:188] Confirm GPU group 150 for meta-llama/Meta-Llama-3-8B_sllm-condense_2 replica 137f720c-9760-48be-a7a6-608db3b380e4 success
INFO 07-27 09:20:35 server.py:188] Confirm GPU group 151 for meta-llama/Meta-Llama-3-8B_sllm-condense_2 replica 137f720c-9760-48be-a7a6-608db3b380e4 success
INFO 07-27 09:20:35 server.py:188] Confirm GPU group 152 for meta-llama/Meta-Llama-3-8B_sllm-condense_2 replica 137f720c-9760-48be-a7a6-608db3b380e4 success
INFO 07-27 09:20:35 server.py:188] Confirm GPU group 153 for meta-llama/Meta-Llama-3-8B_sllm-condense_2 replica 137f720c-9760-48be-a7a6-608db3b380e4 success
INFO 07-27 09:20:35 server.py:188] Confirm GPU group 154 for meta-llama/Meta-Llama-3-8B_sllm-condense_2 replica 137f720c-9760-48be-a7a6-608db3b380e4 success
INFO 07-27 09:20:35 server.py:188] Confirm GPU group 155 for meta-llama/Meta-Llama-3-8B_sllm-condense_2 replica 137f720c-9760-48be-a7a6-608db3b380e4 success
INFO 07-27 09:20:35 server.py:188] Confirm GPU group 156 for meta-llama/Meta-Llama-3-8B_sllm-condense_2 replica 137f720c-9760-48be-a7a6-608db3b380e4 success
INFO 07-27 09:20:35 server.py:188] Confirm GPU group 157 for meta-llama/Meta-Llama-3-8B_sllm-condense_2 replica 137f720c-9760-48be-a7a6-608db3b380e4 success
INFO 07-27 09:20:35 server.py:188] Confirm GPU group 158 for meta-llama/Meta-Llama-3-8B_sllm-condense_2 replica 137f720c-9760-48be-a7a6-608db3b380e4 success
INFO 07-27 09:20:35 server.py:188] Confirm GPU group 159 for meta-llama/Meta-Llama-3-8B_sllm-condense_2 replica 137f720c-9760-48be-a7a6-608db3b380e4 success
INFO 07-27 09:20:35 server.py:188] Confirm GPU group 160 for meta-llama/Meta-Llama-3-8B_sllm-condense_2 replica 137f720c-9760-48be-a7a6-608db3b380e4 success
INFO 07-27 09:20:35 server.py:188] Confirm GPU group 161 for meta-llama/Meta-Llama-3-8B_sllm-condense_2 replica 137f720c-9760-48be-a7a6-608db3b380e4 success
INFO 07-27 09:20:35 server.py:188] Confirm GPU group 162 for meta-llama/Meta-Llama-3-8B_sllm-condense_2 replica 137f720c-9760-48be-a7a6-608db3b380e4 success
INFO 07-27 09:20:35 server.py:188] Confirm GPU group 163 for meta-llama/Meta-Llama-3-8B_sllm-condense_2 replica 137f720c-9760-48be-a7a6-608db3b380e4 success
INFO 07-27 09:20:35 server.py:188] Confirm GPU group 164 for meta-llama/Meta-Llama-3-8B_sllm-condense_2 replica 137f720c-9760-48be-a7a6-608db3b380e4 success
INFO 07-27 09:20:35 server.py:188] Confirm GPU group 165 for meta-llama/Meta-Llama-3-8B_sllm-condense_2 replica 137f720c-9760-48be-a7a6-608db3b380e4 success
INFO 07-27 09:20:35 server.py:188] Confirm GPU group 166 for meta-llama/Meta-Llama-3-8B_sllm-condense_2 replica 137f720c-9760-48be-a7a6-608db3b380e4 success
INFO 07-27 09:20:35 server.py:188] Confirm GPU group 167 for meta-llama/Meta-Llama-3-8B_sllm-condense_2 replica 137f720c-9760-48be-a7a6-608db3b380e4 success
INFO 07-27 09:20:35 server.py:188] Confirm GPU group 168 for meta-llama/Meta-Llama-3-8B_sllm-condense_2 replica 137f720c-9760-48be-a7a6-608db3b380e4 success
INFO 07-27 09:20:35 server.py:188] Confirm GPU group 169 for meta-llama/Meta-Llama-3-8B_sllm-condense_2 replica 137f720c-9760-48be-a7a6-608db3b380e4 success
INFO 07-27 09:20:35 server.py:188] Confirm GPU group 170 for meta-llama/Meta-Llama-3-8B_sllm-condense_2 replica 137f720c-9760-48be-a7a6-608db3b380e4 success
INFO 07-27 09:20:35 server.py:188] Confirm GPU group 171 for meta-llama/Meta-Llama-3-8B_sllm-condense_2 replica 137f720c-9760-48be-a7a6-608db3b380e4 success
INFO 07-27 09:20:35 server.py:188] Confirm GPU group 172 for meta-llama/Meta-Llama-3-8B_sllm-condense_2 replica 137f720c-9760-48be-a7a6-608db3b380e4 success
INFO 07-27 09:20:35 server.py:188] Confirm GPU group 173 for meta-llama/Meta-Llama-3-8B_sllm-condense_2 replica 137f720c-9760-48be-a7a6-608db3b380e4 success
INFO 07-27 09:20:35 server.py:188] Confirm GPU group 174 for meta-llama/Meta-Llama-3-8B_sllm-condense_2 replica 137f720c-9760-48be-a7a6-608db3b380e4 success
INFO 07-27 09:20:35 server.py:188] Confirm GPU group 175 for meta-llama/Meta-Llama-3-8B_sllm-condense_2 replica 137f720c-9760-48be-a7a6-608db3b380e4 success
INFO 07-27 09:20:35 server.py:188] Confirm GPU group 176 for meta-llama/Meta-Llama-3-8B_sllm-condense_2 replica 137f720c-9760-48be-a7a6-608db3b380e4 success
INFO 07-27 09:20:35 server.py:188] Confirm GPU group 177 for meta-llama/Meta-Llama-3-8B_sllm-condense_2 replica 137f720c-9760-48be-a7a6-608db3b380e4 success
INFO 07-27 09:20:35 server.py:188] Confirm GPU group 178 for meta-llama/Meta-Llama-3-8B_sllm-condense_2 replica 137f720c-9760-48be-a7a6-608db3b380e4 success
INFO 07-27 09:20:35 server.py:188] Confirm GPU group 179 for meta-llama/Meta-Llama-3-8B_sllm-condense_2 replica 137f720c-9760-48be-a7a6-608db3b380e4 success
INFO 07-27 09:20:35 server.py:188] Confirm GPU group 180 for meta-llama/Meta-Llama-3-8B_sllm-condense_2 replica 137f720c-9760-48be-a7a6-608db3b380e4 success
INFO 07-27 09:20:35 server.py:188] Confirm GPU group 181 for meta-llama/Meta-Llama-3-8B_sllm-condense_2 replica 137f720c-9760-48be-a7a6-608db3b380e4 success
INFO 07-27 09:20:35 server.py:188] Confirm GPU group 182 for meta-llama/Meta-Llama-3-8B_sllm-condense_2 replica 137f720c-9760-48be-a7a6-608db3b380e4 success
INFO 07-27 09:20:35 server.py:188] Confirm GPU group 183 for meta-llama/Meta-Llama-3-8B_sllm-condense_2 replica 137f720c-9760-48be-a7a6-608db3b380e4 success
INFO 07-27 09:20:35 server.py:188] Confirm GPU group 184 for meta-llama/Meta-Llama-3-8B_sllm-condense_2 replica 137f720c-9760-48be-a7a6-608db3b380e4 success
INFO 07-27 09:20:35 server.py:188] Confirm GPU group 185 for meta-llama/Meta-Llama-3-8B_sllm-condense_2 replica 137f720c-9760-48be-a7a6-608db3b380e4 success
INFO 07-27 09:20:35 server.py:188] Confirm GPU group 186 for meta-llama/Meta-Llama-3-8B_sllm-condense_2 replica 137f720c-9760-48be-a7a6-608db3b380e4 success
INFO 07-27 09:20:35 server.py:188] Confirm GPU group 187 for meta-llama/Meta-Llama-3-8B_sllm-condense_2 replica 137f720c-9760-48be-a7a6-608db3b380e4 success
INFO 07-27 09:20:35 server.py:188] Confirm GPU group 188 for meta-llama/Meta-Llama-3-8B_sllm-condense_2 replica 137f720c-9760-48be-a7a6-608db3b380e4 success
INFO 07-27 09:20:35 server.py:188] Confirm GPU group 189 for meta-llama/Meta-Llama-3-8B_sllm-condense_2 replica 137f720c-9760-48be-a7a6-608db3b380e4 success
INFO 07-27 09:20:35 server.py:188] Confirm GPU group 190 for meta-llama/Meta-Llama-3-8B_sllm-condense_2 replica 137f720c-9760-48be-a7a6-608db3b380e4 success
INFO 07-27 09:20:35 server.py:188] Confirm GPU group 191 for meta-llama/Meta-Llama-3-8B_sllm-condense_2 replica 137f720c-9760-48be-a7a6-608db3b380e4 success
INFO 07-27 09:20:35 server.py:188] Confirm GPU group 192 for meta-llama/Meta-Llama-3-8B_sllm-condense_2 replica 137f720c-9760-48be-a7a6-608db3b380e4 success
INFO 07-27 09:20:35 server.py:188] Confirm GPU group 193 for meta-llama/Meta-Llama-3-8B_sllm-condense_2 replica 137f720c-9760-48be-a7a6-608db3b380e4 success
INFO 07-27 09:20:35 server.py:188] Confirm GPU group 194 for meta-llama/Meta-Llama-3-8B_sllm-condense_2 replica 137f720c-9760-48be-a7a6-608db3b380e4 success
INFO 07-27 09:20:35 server.py:188] Confirm GPU group 195 for meta-llama/Meta-Llama-3-8B_sllm-condense_2 replica 137f720c-9760-48be-a7a6-608db3b380e4 success
INFO 07-27 09:20:35 server.py:188] Confirm GPU group 196 for meta-llama/Meta-Llama-3-8B_sllm-condense_2 replica 137f720c-9760-48be-a7a6-608db3b380e4 success
INFO 07-27 09:20:35 server.py:188] Confirm GPU group 197 for meta-llama/Meta-Llama-3-8B_sllm-condense_2 replica 137f720c-9760-48be-a7a6-608db3b380e4 success
INFO 07-27 09:20:35 server.py:188] Confirm GPU group 198 for meta-llama/Meta-Llama-3-8B_sllm-condense_2 replica 137f720c-9760-48be-a7a6-608db3b380e4 success
INFO 07-27 09:20:35 server.py:188] Confirm GPU group 199 for meta-llama/Meta-Llama-3-8B_sllm-condense_2 replica 137f720c-9760-48be-a7a6-608db3b380e4 success
INFO 07-27 09:20:35 server.py:188] Confirm GPU group 200 for meta-llama/Meta-Llama-3-8B_sllm-condense_2 replica 137f720c-9760-48be-a7a6-608db3b380e4 success
INFO 07-27 09:20:35 server.py:188] Confirm GPU group 201 for meta-llama/Meta-Llama-3-8B_sllm-condense_2 replica 137f720c-9760-48be-a7a6-608db3b380e4 success
INFO 07-27 09:20:35 server.py:188] Confirm GPU group 202 for meta-llama/Meta-Llama-3-8B_sllm-condense_2 replica 137f720c-9760-48be-a7a6-608db3b380e4 success
INFO 07-27 09:20:35 server.py:188] Confirm GPU group 203 for meta-llama/Meta-Llama-3-8B_sllm-condense_2 replica 137f720c-9760-48be-a7a6-608db3b380e4 success
INFO 07-27 09:20:35 server.py:188] Confirm GPU group 204 for meta-llama/Meta-Llama-3-8B_sllm-condense_2 replica 137f720c-9760-48be-a7a6-608db3b380e4 success
INFO 07-27 09:20:35 server.py:188] Confirm GPU group 205 for meta-llama/Meta-Llama-3-8B_sllm-condense_2 replica 137f720c-9760-48be-a7a6-608db3b380e4 success
INFO 07-27 09:20:35 server.py:188] Confirm GPU group 206 for meta-llama/Meta-Llama-3-8B_sllm-condense_2 replica 137f720c-9760-48be-a7a6-608db3b380e4 success
INFO 07-27 09:20:35 server.py:188] Confirm GPU group 207 for meta-llama/Meta-Llama-3-8B_sllm-condense_2 replica 137f720c-9760-48be-a7a6-608db3b380e4 success
INFO 07-27 09:20:35 server.py:188] Confirm GPU group 208 for meta-llama/Meta-Llama-3-8B_sllm-condense_2 replica 137f720c-9760-48be-a7a6-608db3b380e4 success
INFO 07-27 09:20:35 server.py:188] Confirm GPU group 209 for meta-llama/Meta-Llama-3-8B_sllm-condense_2 replica 137f720c-9760-48be-a7a6-608db3b380e4 success
INFO 07-27 09:20:35 server.py:188] Confirm GPU group 210 for meta-llama/Meta-Llama-3-8B_sllm-condense_2 replica 137f720c-9760-48be-a7a6-608db3b380e4 success
INFO 07-27 09:20:35 server.py:188] Confirm GPU group 211 for meta-llama/Meta-Llama-3-8B_sllm-condense_2 replica 137f720c-9760-48be-a7a6-608db3b380e4 success
INFO 07-27 09:20:35 server.py:188] Confirm GPU group 212 for meta-llama/Meta-Llama-3-8B_sllm-condense_2 replica 137f720c-9760-48be-a7a6-608db3b380e4 success
INFO 07-27 09:20:35 server.py:188] Confirm GPU group 213 for meta-llama/Meta-Llama-3-8B_sllm-condense_2 replica 137f720c-9760-48be-a7a6-608db3b380e4 success
INFO 07-27 09:20:35 server.py:188] Confirm GPU group 214 for meta-llama/Meta-Llama-3-8B_sllm-condense_2 replica 137f720c-9760-48be-a7a6-608db3b380e4 success
INFO 07-27 09:20:35 server.py:188] Confirm GPU group 215 for meta-llama/Meta-Llama-3-8B_sllm-condense_2 replica 137f720c-9760-48be-a7a6-608db3b380e4 success
INFO 07-27 09:20:35 server.py:188] Confirm GPU group 216 for meta-llama/Meta-Llama-3-8B_sllm-condense_2 replica 137f720c-9760-48be-a7a6-608db3b380e4 success
INFO 07-27 09:20:35 server.py:188] Confirm GPU group 217 for meta-llama/Meta-Llama-3-8B_sllm-condense_2 replica 137f720c-9760-48be-a7a6-608db3b380e4 success
INFO 07-27 09:20:35 server.py:188] Confirm GPU group 218 for meta-llama/Meta-Llama-3-8B_sllm-condense_2 replica 137f720c-9760-48be-a7a6-608db3b380e4 success
INFO 07-27 09:20:35 server.py:188] Confirm GPU group 219 for meta-llama/Meta-Llama-3-8B_sllm-condense_2 replica 137f720c-9760-48be-a7a6-608db3b380e4 success
INFO 07-27 09:20:35 server.py:188] Confirm GPU group 220 for meta-llama/Meta-Llama-3-8B_sllm-condense_2 replica 137f720c-9760-48be-a7a6-608db3b380e4 success
INFO 07-27 09:20:35 server.py:188] Confirm GPU group 221 for meta-llama/Meta-Llama-3-8B_sllm-condense_2 replica 137f720c-9760-48be-a7a6-608db3b380e4 success
INFO 07-27 09:20:35 server.py:188] Confirm GPU group 222 for meta-llama/Meta-Llama-3-8B_sllm-condense_2 replica 137f720c-9760-48be-a7a6-608db3b380e4 success
INFO 07-27 09:20:35 server.py:188] Confirm GPU group 223 for meta-llama/Meta-Llama-3-8B_sllm-condense_2 replica 137f720c-9760-48be-a7a6-608db3b380e4 success
INFO 07-27 09:20:35 server.py:188] Confirm GPU group 224 for meta-llama/Meta-Llama-3-8B_sllm-condense_2 replica 137f720c-9760-48be-a7a6-608db3b380e4 success
INFO 07-27 09:20:35 server.py:188] Confirm GPU group 225 for meta-llama/Meta-Llama-3-8B_sllm-condense_2 replica 137f720c-9760-48be-a7a6-608db3b380e4 success
INFO 07-27 09:20:35 server.py:188] Confirm GPU group 226 for meta-llama/Meta-Llama-3-8B_sllm-condense_2 replica 137f720c-9760-48be-a7a6-608db3b380e4 success
INFO 07-27 09:20:35 server.py:188] Confirm GPU group 227 for meta-llama/Meta-Llama-3-8B_sllm-condense_2 replica 137f720c-9760-48be-a7a6-608db3b380e4 success
INFO 07-27 09:20:35 server.py:188] Confirm GPU group 228 for meta-llama/Meta-Llama-3-8B_sllm-condense_2 replica 137f720c-9760-48be-a7a6-608db3b380e4 success
INFO 07-27 09:20:35 server.py:188] Confirm GPU group 229 for meta-llama/Meta-Llama-3-8B_sllm-condense_2 replica 137f720c-9760-48be-a7a6-608db3b380e4 success
INFO 07-27 09:20:35 server.py:188] Confirm GPU group 230 for meta-llama/Meta-Llama-3-8B_sllm-condense_2 replica 137f720c-9760-48be-a7a6-608db3b380e4 success
INFO 07-27 09:20:35 server.py:188] Confirm GPU group 231 for meta-llama/Meta-Llama-3-8B_sllm-condense_2 replica 137f720c-9760-48be-a7a6-608db3b380e4 success
INFO 07-27 09:20:35 server.py:188] Confirm GPU group 232 for meta-llama/Meta-Llama-3-8B_sllm-condense_2 replica 137f720c-9760-48be-a7a6-608db3b380e4 success
INFO 07-27 09:20:35 server.py:188] Confirm GPU group 233 for meta-llama/Meta-Llama-3-8B_sllm-condense_2 replica 137f720c-9760-48be-a7a6-608db3b380e4 success
INFO 07-27 09:20:35 server.py:188] Confirm GPU group 234 for meta-llama/Meta-Llama-3-8B_sllm-condense_2 replica 137f720c-9760-48be-a7a6-608db3b380e4 success
INFO 07-27 09:20:35 server.py:188] Confirm GPU group 235 for meta-llama/Meta-Llama-3-8B_sllm-condense_2 replica 137f720c-9760-48be-a7a6-608db3b380e4 success
INFO 07-27 09:20:35 server.py:188] Confirm GPU group 236 for meta-llama/Meta-Llama-3-8B_sllm-condense_2 replica 137f720c-9760-48be-a7a6-608db3b380e4 success
INFO 07-27 09:20:35 server.py:188] Confirm GPU group 237 for meta-llama/Meta-Llama-3-8B_sllm-condense_2 replica 137f720c-9760-48be-a7a6-608db3b380e4 success
INFO 07-27 09:20:35 server.py:188] Confirm GPU group 238 for meta-llama/Meta-Llama-3-8B_sllm-condense_2 replica 137f720c-9760-48be-a7a6-608db3b380e4 success
INFO 07-27 09:20:35 server.py:188] Confirm GPU group 239 for meta-llama/Meta-Llama-3-8B_sllm-condense_2 replica 137f720c-9760-48be-a7a6-608db3b380e4 success
INFO 07-27 09:20:35 server.py:188] Confirm GPU group 240 for meta-llama/Meta-Llama-3-8B_sllm-condense_2 replica 137f720c-9760-48be-a7a6-608db3b380e4 success
INFO 07-27 09:20:35 server.py:188] Confirm GPU group 241 for meta-llama/Meta-Llama-3-8B_sllm-condense_2 replica 137f720c-9760-48be-a7a6-608db3b380e4 success
INFO 07-27 09:20:35 server.py:188] Confirm GPU group 242 for meta-llama/Meta-Llama-3-8B_sllm-condense_2 replica 137f720c-9760-48be-a7a6-608db3b380e4 success
INFO 07-27 09:20:35 server.py:188] Confirm GPU group 243 for meta-llama/Meta-Llama-3-8B_sllm-condense_2 replica 137f720c-9760-48be-a7a6-608db3b380e4 success
INFO 07-27 09:20:35 server.py:188] Confirm GPU group 244 for meta-llama/Meta-Llama-3-8B_sllm-condense_2 replica 137f720c-9760-48be-a7a6-608db3b380e4 success
INFO 07-27 09:20:35 server.py:188] Confirm GPU group 245 for meta-llama/Meta-Llama-3-8B_sllm-condense_2 replica 137f720c-9760-48be-a7a6-608db3b380e4 success
INFO 07-27 09:20:35 server.py:188] Confirm GPU group 246 for meta-llama/Meta-Llama-3-8B_sllm-condense_2 replica 137f720c-9760-48be-a7a6-608db3b380e4 success
INFO 07-27 09:20:35 server.py:188] Confirm GPU group 247 for meta-llama/Meta-Llama-3-8B_sllm-condense_2 replica 137f720c-9760-48be-a7a6-608db3b380e4 success
INFO 07-27 09:20:35 server.py:188] Confirm GPU group 248 for meta-llama/Meta-Llama-3-8B_sllm-condense_2 replica 137f720c-9760-48be-a7a6-608db3b380e4 success
INFO 07-27 09:20:35 server.py:188] Confirm GPU group 249 for meta-llama/Meta-Llama-3-8B_sllm-condense_2 replica 137f720c-9760-48be-a7a6-608db3b380e4 success
INFO 07-27 09:20:35 server.py:188] Confirm GPU group 250 for meta-llama/Meta-Llama-3-8B_sllm-condense_2 replica 137f720c-9760-48be-a7a6-608db3b380e4 success
INFO 07-27 09:20:35 server.py:188] Confirm GPU group 251 for meta-llama/Meta-Llama-3-8B_sllm-condense_2 replica 137f720c-9760-48be-a7a6-608db3b380e4 success
INFO 07-27 09:20:35 server.py:188] Confirm GPU group 252 for meta-llama/Meta-Llama-3-8B_sllm-condense_2 replica 137f720c-9760-48be-a7a6-608db3b380e4 success
INFO 07-27 09:20:35 server.py:188] Confirm GPU group 253 for meta-llama/Meta-Llama-3-8B_sllm-condense_2 replica 137f720c-9760-48be-a7a6-608db3b380e4 success
INFO 07-27 09:20:35 server.py:188] Confirm GPU group 254 for meta-llama/Meta-Llama-3-8B_sllm-condense_2 replica 137f720c-9760-48be-a7a6-608db3b380e4 success
INFO 07-27 09:20:36 server.py:188] Confirm GPU group 255 for meta-llama/Meta-Llama-3-8B_sllm-condense_2 replica 137f720c-9760-48be-a7a6-608db3b380e4 success
INFO 07-27 09:20:36 server.py:188] Confirm GPU group 256 for meta-llama/Meta-Llama-3-8B_sllm-condense_2 replica 137f720c-9760-48be-a7a6-608db3b380e4 success
INFO 07-27 09:20:36 server.py:188] Confirm GPU group 257 for meta-llama/Meta-Llama-3-8B_sllm-condense_2 replica 137f720c-9760-48be-a7a6-608db3b380e4 success
INFO 07-27 09:20:36 server.py:188] Confirm GPU group 258 for meta-llama/Meta-Llama-3-8B_sllm-condense_2 replica 137f720c-9760-48be-a7a6-608db3b380e4 success
INFO 07-27 09:20:36 server.py:188] Confirm GPU group 259 for meta-llama/Meta-Llama-3-8B_sllm-condense_2 replica 137f720c-9760-48be-a7a6-608db3b380e4 success
INFO 07-27 09:20:36 server.py:188] Confirm GPU group 260 for meta-llama/Meta-Llama-3-8B_sllm-condense_2 replica 137f720c-9760-48be-a7a6-608db3b380e4 success
INFO 07-27 09:20:36 server.py:188] Confirm GPU group 261 for meta-llama/Meta-Llama-3-8B_sllm-condense_2 replica 137f720c-9760-48be-a7a6-608db3b380e4 success
INFO 07-27 09:20:36 server.py:188] Confirm GPU group 262 for meta-llama/Meta-Llama-3-8B_sllm-condense_2 replica 137f720c-9760-48be-a7a6-608db3b380e4 success
INFO 07-27 09:20:36 server.py:188] Confirm GPU group 263 for meta-llama/Meta-Llama-3-8B_sllm-condense_2 replica 137f720c-9760-48be-a7a6-608db3b380e4 success
INFO 07-27 09:20:36 server.py:188] Confirm GPU group 264 for meta-llama/Meta-Llama-3-8B_sllm-condense_2 replica 137f720c-9760-48be-a7a6-608db3b380e4 success
INFO 07-27 09:20:36 server.py:188] Confirm GPU group 265 for meta-llama/Meta-Llama-3-8B_sllm-condense_2 replica 137f720c-9760-48be-a7a6-608db3b380e4 success
INFO 07-27 09:20:36 server.py:188] Confirm GPU group 266 for meta-llama/Meta-Llama-3-8B_sllm-condense_2 replica 137f720c-9760-48be-a7a6-608db3b380e4 success
INFO 07-27 09:20:36 server.py:188] Confirm GPU group 267 for meta-llama/Meta-Llama-3-8B_sllm-condense_2 replica 137f720c-9760-48be-a7a6-608db3b380e4 success
INFO 07-27 09:20:36 server.py:188] Confirm GPU group 268 for meta-llama/Meta-Llama-3-8B_sllm-condense_2 replica 137f720c-9760-48be-a7a6-608db3b380e4 success
INFO 07-27 09:20:36 server.py:188] Confirm GPU group 269 for meta-llama/Meta-Llama-3-8B_sllm-condense_2 replica 137f720c-9760-48be-a7a6-608db3b380e4 success
INFO 07-27 09:20:36 server.py:188] Confirm GPU group 270 for meta-llama/Meta-Llama-3-8B_sllm-condense_2 replica 137f720c-9760-48be-a7a6-608db3b380e4 success
INFO 07-27 09:20:36 server.py:188] Confirm GPU group 271 for meta-llama/Meta-Llama-3-8B_sllm-condense_2 replica 137f720c-9760-48be-a7a6-608db3b380e4 success
INFO 07-27 09:20:36 server.py:188] Confirm GPU group 272 for meta-llama/Meta-Llama-3-8B_sllm-condense_2 replica 137f720c-9760-48be-a7a6-608db3b380e4 success
INFO 07-27 09:20:36 server.py:188] Confirm GPU group 273 for meta-llama/Meta-Llama-3-8B_sllm-condense_2 replica 137f720c-9760-48be-a7a6-608db3b380e4 success
INFO 07-27 09:20:36 server.py:188] Confirm GPU group 274 for meta-llama/Meta-Llama-3-8B_sllm-condense_2 replica 137f720c-9760-48be-a7a6-608db3b380e4 success
INFO 07-27 09:20:36 server.py:188] Confirm GPU group 275 for meta-llama/Meta-Llama-3-8B_sllm-condense_2 replica 137f720c-9760-48be-a7a6-608db3b380e4 success
INFO 07-27 09:20:36 server.py:188] Confirm GPU group 276 for meta-llama/Meta-Llama-3-8B_sllm-condense_2 replica 137f720c-9760-48be-a7a6-608db3b380e4 success
INFO 07-27 09:20:36 server.py:188] Confirm GPU group 277 for meta-llama/Meta-Llama-3-8B_sllm-condense_2 replica 137f720c-9760-48be-a7a6-608db3b380e4 success
INFO 07-27 09:20:36 server.py:188] Confirm GPU group 278 for meta-llama/Meta-Llama-3-8B_sllm-condense_2 replica 137f720c-9760-48be-a7a6-608db3b380e4 success
INFO 07-27 09:20:36 server.py:188] Confirm GPU group 279 for meta-llama/Meta-Llama-3-8B_sllm-condense_2 replica 137f720c-9760-48be-a7a6-608db3b380e4 success
INFO 07-27 09:20:36 server.py:188] Confirm GPU group 280 for meta-llama/Meta-Llama-3-8B_sllm-condense_2 replica 137f720c-9760-48be-a7a6-608db3b380e4 success
INFO 07-27 09:20:36 server.py:188] Confirm GPU group 281 for meta-llama/Meta-Llama-3-8B_sllm-condense_2 replica 137f720c-9760-48be-a7a6-608db3b380e4 success
INFO 07-27 09:20:36 server.py:188] Confirm GPU group 282 for meta-llama/Meta-Llama-3-8B_sllm-condense_2 replica 137f720c-9760-48be-a7a6-608db3b380e4 success
INFO 07-27 09:20:36 server.py:188] Confirm GPU group 283 for meta-llama/Meta-Llama-3-8B_sllm-condense_2 replica 137f720c-9760-48be-a7a6-608db3b380e4 success
INFO 07-27 09:20:36 server.py:188] Confirm GPU group 284 for meta-llama/Meta-Llama-3-8B_sllm-condense_2 replica 137f720c-9760-48be-a7a6-608db3b380e4 success
INFO 07-27 09:20:36 server.py:188] Confirm GPU group 285 for meta-llama/Meta-Llama-3-8B_sllm-condense_2 replica 137f720c-9760-48be-a7a6-608db3b380e4 success
INFO 07-27 09:20:36 server.py:188] Confirm GPU group 286 for meta-llama/Meta-Llama-3-8B_sllm-condense_2 replica 137f720c-9760-48be-a7a6-608db3b380e4 success
INFO 07-27 09:20:36 server.py:188] Confirm GPU group 287 for meta-llama/Meta-Llama-3-8B_sllm-condense_2 replica 137f720c-9760-48be-a7a6-608db3b380e4 success
INFO 07-27 09:20:36 server.py:188] Confirm GPU group 288 for meta-llama/Meta-Llama-3-8B_sllm-condense_2 replica 137f720c-9760-48be-a7a6-608db3b380e4 success
INFO 07-27 09:20:36 server.py:188] Confirm GPU group 289 for meta-llama/Meta-Llama-3-8B_sllm-condense_2 replica 137f720c-9760-48be-a7a6-608db3b380e4 success
INFO 07-27 09:20:36 server.py:188] Confirm GPU group 290 for meta-llama/Meta-Llama-3-8B_sllm-condense_2 replica 137f720c-9760-48be-a7a6-608db3b380e4 success
INFO 07-27 09:20:36 server.py:138] Confirm model meta-llama/Meta-Llama-3-8B_sllm-condense_2 replica 137f720c-9760-48be-a7a6-608db3b380e4 success
