INFO 07-21 11:13:55 cli.py:211] Starting gRPC server
INFO 07-21 11:13:55 server.py:40] StorageServicer: storage_path=/mnt/data1/mechels, mem_pool_size=34359738368, num_thread=4, chunk_size=16777216, registration_required=False
WARNING: Logging before InitGoogleLogging() is written to STDERR
I20260721 11:13:55.412297 2669824 checkpoint_store.cpp:41] Number of GPUs: 1
I20260721 11:13:55.412352 2669824 checkpoint_store.cpp:43] I/O threads: 4, chunk size: 16MB
I20260721 11:13:55.412362 2669824 checkpoint_store.cpp:45] Storage path: "/mnt/data1/mechels"
I20260721 11:13:55.592953 2669824 checkpoint_store.cpp:71] GPU 0 UUID: fcba4fca-be40-5d12-2c9b-81a2c624a2a7
I20260721 11:13:55.593016 2669824 pinned_memory_pool.cpp:29] Creating PinnedMemoryPool with 2048 buffers of 16777216 bytes
I20260721 11:14:08.171651 2669824 checkpoint_store.cpp:83] Memory pool created with 32GB
INFO 07-21 11:14:08 server.py:270] Starting gRPC server on 0.0.0.0:8073
I20260721 11:14:17.315086 2669824 model.cpp:53] Tensor file "/mnt/data1/mechels/meta-llama/Meta-Llama-3-8B_sllm-condense_3/tensor.data_1" does not exist
I20260721 11:14:17.315157 2669824 checkpoint_store.cpp:106] Model meta-llama/Meta-Llama-3-8B_sllm-condense_3 is registered
I20260721 11:14:17.315486 2671539 pinned_memory_pool.cpp:78] PinnedMemoryPool Allocate 423 buffers free buffers 1625 total buffers 2048
INFO 07-21 11:14:17 server.py:115] LoadModel: success meta-llama/Meta-Llama-3-8B_sllm-condense_3 with target 1
I20260721 11:14:17.315807 2671539 model.cpp:120] Loading model meta-llama/Meta-Llama-3-8B_sllm-condense_3 size 7080615848 to host
I20260721 11:14:17.315842 2671539 model.cpp:134] Loading model meta-llama/Meta-Llama-3-8B_sllm-condense_3 to host with 4 threads, 423 chunks, 16777216 chunk size, 106 chunks per thread
I20260721 11:14:17.316141 2671541 model.cpp:155] Thread 1 starting from partition 0 offset 1778384896
I20260721 11:14:17.316233 2671542 model.cpp:155] Thread 2 starting from partition 0 offset 3556769792
I20260721 11:14:17.316202 2671540 model.cpp:155] Thread 0 starting from partition 0 offset 0
I20260721 11:14:17.316290 2671543 model.cpp:155] Thread 3 starting from partition 0 offset 5335154688
INFO 07-21 11:14:17 server.py:115] LoadModel: success meta-llama/Meta-Llama-3-8B_sllm-condense_3 with target 2
I20260721 11:14:17.830551 2671545 checkpoint_store.cpp:209] Loading model meta-llama/Meta-Llama-3-8B_sllm-condense_3
I20260721 11:14:17.923414 2671545 model.cpp:269] Creating replica 56d18de7-8aee-4437-a198-007a4ac42022
I20260721 11:14:17.923466 2671545 model.cpp:273] Creating queue for device 0
I20260721 11:14:17.923499 2671545 model.cpp:284] Created replica 56d18de7-8aee-4437-a198-007a4ac42022
I20260721 11:14:17.923595 2671545 model.cpp:295] Dispatcher started for model meta-llama/Meta-Llama-3-8B_sllm-condense_3
I20260721 11:14:17.923632 2671545 model.cpp:361] Waiting for model meta-llama/Meta-Llama-3-8B_sllm-condense_3 num tasks 1 state 3
INFO 07-21 11:14:32 server.py:175] Confirm GPU group 0 for meta-llama/Meta-Llama-3-8B_sllm-condense_3 replica 56d18de7-8aee-4437-a198-007a4ac42022 success
INFO 07-21 11:14:32 server.py:175] Confirm GPU group 1 for meta-llama/Meta-Llama-3-8B_sllm-condense_3 replica 56d18de7-8aee-4437-a198-007a4ac42022 success
INFO 07-21 11:14:32 server.py:175] Confirm GPU group 2 for meta-llama/Meta-Llama-3-8B_sllm-condense_3 replica 56d18de7-8aee-4437-a198-007a4ac42022 success
INFO 07-21 11:14:32 server.py:175] Confirm GPU group 3 for meta-llama/Meta-Llama-3-8B_sllm-condense_3 replica 56d18de7-8aee-4437-a198-007a4ac42022 success
INFO 07-21 11:14:32 server.py:175] Confirm GPU group 4 for meta-llama/Meta-Llama-3-8B_sllm-condense_3 replica 56d18de7-8aee-4437-a198-007a4ac42022 success
INFO 07-21 11:14:34 server.py:175] Confirm GPU group 5 for meta-llama/Meta-Llama-3-8B_sllm-condense_3 replica 56d18de7-8aee-4437-a198-007a4ac42022 success
INFO 07-21 11:14:36 server.py:175] Confirm GPU group 6 for meta-llama/Meta-Llama-3-8B_sllm-condense_3 replica 56d18de7-8aee-4437-a198-007a4ac42022 success
INFO 07-21 11:14:38 server.py:175] Confirm GPU group 7 for meta-llama/Meta-Llama-3-8B_sllm-condense_3 replica 56d18de7-8aee-4437-a198-007a4ac42022 success
INFO 07-21 11:14:38 server.py:175] Confirm GPU group 8 for meta-llama/Meta-Llama-3-8B_sllm-condense_3 replica 56d18de7-8aee-4437-a198-007a4ac42022 success
INFO 07-21 11:14:38 server.py:175] Confirm GPU group 9 for meta-llama/Meta-Llama-3-8B_sllm-condense_3 replica 56d18de7-8aee-4437-a198-007a4ac42022 success
INFO 07-21 11:14:39 server.py:175] Confirm GPU group 10 for meta-llama/Meta-Llama-3-8B_sllm-condense_3 replica 56d18de7-8aee-4437-a198-007a4ac42022 success
INFO 07-21 11:14:39 server.py:175] Confirm GPU group 11 for meta-llama/Meta-Llama-3-8B_sllm-condense_3 replica 56d18de7-8aee-4437-a198-007a4ac42022 success
INFO 07-21 11:14:39 server.py:175] Confirm GPU group 12 for meta-llama/Meta-Llama-3-8B_sllm-condense_3 replica 56d18de7-8aee-4437-a198-007a4ac42022 success
INFO 07-21 11:14:40 server.py:175] Confirm GPU group 13 for meta-llama/Meta-Llama-3-8B_sllm-condense_3 replica 56d18de7-8aee-4437-a198-007a4ac42022 success
INFO 07-21 11:14:41 server.py:175] Confirm GPU group 14 for meta-llama/Meta-Llama-3-8B_sllm-condense_3 replica 56d18de7-8aee-4437-a198-007a4ac42022 success
INFO 07-21 11:14:43 server.py:175] Confirm GPU group 15 for meta-llama/Meta-Llama-3-8B_sllm-condense_3 replica 56d18de7-8aee-4437-a198-007a4ac42022 success
INFO 07-21 11:14:45 server.py:175] Confirm GPU group 16 for meta-llama/Meta-Llama-3-8B_sllm-condense_3 replica 56d18de7-8aee-4437-a198-007a4ac42022 success
INFO 07-21 11:14:45 server.py:175] Confirm GPU group 17 for meta-llama/Meta-Llama-3-8B_sllm-condense_3 replica 56d18de7-8aee-4437-a198-007a4ac42022 success
INFO 07-21 11:14:45 server.py:175] Confirm GPU group 18 for meta-llama/Meta-Llama-3-8B_sllm-condense_3 replica 56d18de7-8aee-4437-a198-007a4ac42022 success
INFO 07-21 11:14:45 server.py:175] Confirm GPU group 19 for meta-llama/Meta-Llama-3-8B_sllm-condense_3 replica 56d18de7-8aee-4437-a198-007a4ac42022 success
INFO 07-21 11:14:45 server.py:175] Confirm GPU group 20 for meta-llama/Meta-Llama-3-8B_sllm-condense_3 replica 56d18de7-8aee-4437-a198-007a4ac42022 success
INFO 07-21 11:14:46 server.py:175] Confirm GPU group 21 for meta-llama/Meta-Llama-3-8B_sllm-condense_3 replica 56d18de7-8aee-4437-a198-007a4ac42022 success
INFO 07-21 11:14:46 server.py:175] Confirm GPU group 22 for meta-llama/Meta-Llama-3-8B_sllm-condense_3 replica 56d18de7-8aee-4437-a198-007a4ac42022 success
INFO 07-21 11:14:48 server.py:175] Confirm GPU group 23 for meta-llama/Meta-Llama-3-8B_sllm-condense_3 replica 56d18de7-8aee-4437-a198-007a4ac42022 success
INFO 07-21 11:14:50 server.py:175] Confirm GPU group 24 for meta-llama/Meta-Llama-3-8B_sllm-condense_3 replica 56d18de7-8aee-4437-a198-007a4ac42022 success
INFO 07-21 11:14:52 server.py:175] Confirm GPU group 25 for meta-llama/Meta-Llama-3-8B_sllm-condense_3 replica 56d18de7-8aee-4437-a198-007a4ac42022 success
INFO 07-21 11:14:52 server.py:175] Confirm GPU group 26 for meta-llama/Meta-Llama-3-8B_sllm-condense_3 replica 56d18de7-8aee-4437-a198-007a4ac42022 success
INFO 07-21 11:14:52 server.py:175] Confirm GPU group 27 for meta-llama/Meta-Llama-3-8B_sllm-condense_3 replica 56d18de7-8aee-4437-a198-007a4ac42022 success
INFO 07-21 11:14:52 server.py:175] Confirm GPU group 28 for meta-llama/Meta-Llama-3-8B_sllm-condense_3 replica 56d18de7-8aee-4437-a198-007a4ac42022 success
INFO 07-21 11:14:52 server.py:175] Confirm GPU group 29 for meta-llama/Meta-Llama-3-8B_sllm-condense_3 replica 56d18de7-8aee-4437-a198-007a4ac42022 success
INFO 07-21 11:14:53 server.py:175] Confirm GPU group 30 for meta-llama/Meta-Llama-3-8B_sllm-condense_3 replica 56d18de7-8aee-4437-a198-007a4ac42022 success
INFO 07-21 11:14:53 server.py:175] Confirm GPU group 31 for meta-llama/Meta-Llama-3-8B_sllm-condense_3 replica 56d18de7-8aee-4437-a198-007a4ac42022 success
INFO 07-21 11:14:55 server.py:175] Confirm GPU group 32 for meta-llama/Meta-Llama-3-8B_sllm-condense_3 replica 56d18de7-8aee-4437-a198-007a4ac42022 success
INFO 07-21 11:14:57 server.py:175] Confirm GPU group 33 for meta-llama/Meta-Llama-3-8B_sllm-condense_3 replica 56d18de7-8aee-4437-a198-007a4ac42022 success
INFO 07-21 11:14:59 server.py:175] Confirm GPU group 34 for meta-llama/Meta-Llama-3-8B_sllm-condense_3 replica 56d18de7-8aee-4437-a198-007a4ac42022 success
INFO 07-21 11:14:59 server.py:175] Confirm GPU group 35 for meta-llama/Meta-Llama-3-8B_sllm-condense_3 replica 56d18de7-8aee-4437-a198-007a4ac42022 success
INFO 07-21 11:14:59 server.py:175] Confirm GPU group 36 for meta-llama/Meta-Llama-3-8B_sllm-condense_3 replica 56d18de7-8aee-4437-a198-007a4ac42022 success
INFO 07-21 11:14:59 server.py:175] Confirm GPU group 37 for meta-llama/Meta-Llama-3-8B_sllm-condense_3 replica 56d18de7-8aee-4437-a198-007a4ac42022 success
INFO 07-21 11:14:59 server.py:175] Confirm GPU group 38 for meta-llama/Meta-Llama-3-8B_sllm-condense_3 replica 56d18de7-8aee-4437-a198-007a4ac42022 success
INFO 07-21 11:14:59 server.py:175] Confirm GPU group 39 for meta-llama/Meta-Llama-3-8B_sllm-condense_3 replica 56d18de7-8aee-4437-a198-007a4ac42022 success
INFO 07-21 11:15:00 server.py:175] Confirm GPU group 40 for meta-llama/Meta-Llama-3-8B_sllm-condense_3 replica 56d18de7-8aee-4437-a198-007a4ac42022 success
INFO 07-21 11:15:02 server.py:175] Confirm GPU group 41 for meta-llama/Meta-Llama-3-8B_sllm-condense_3 replica 56d18de7-8aee-4437-a198-007a4ac42022 success
INFO 07-21 11:15:03 server.py:175] Confirm GPU group 42 for meta-llama/Meta-Llama-3-8B_sllm-condense_3 replica 56d18de7-8aee-4437-a198-007a4ac42022 success
INFO 07-21 11:15:06 server.py:175] Confirm GPU group 43 for meta-llama/Meta-Llama-3-8B_sllm-condense_3 replica 56d18de7-8aee-4437-a198-007a4ac42022 success
INFO 07-21 11:15:06 server.py:175] Confirm GPU group 44 for meta-llama/Meta-Llama-3-8B_sllm-condense_3 replica 56d18de7-8aee-4437-a198-007a4ac42022 success
INFO 07-21 11:15:06 server.py:175] Confirm GPU group 45 for meta-llama/Meta-Llama-3-8B_sllm-condense_3 replica 56d18de7-8aee-4437-a198-007a4ac42022 success
INFO 07-21 11:15:06 server.py:175] Confirm GPU group 46 for meta-llama/Meta-Llama-3-8B_sllm-condense_3 replica 56d18de7-8aee-4437-a198-007a4ac42022 success
INFO 07-21 11:15:06 server.py:175] Confirm GPU group 47 for meta-llama/Meta-Llama-3-8B_sllm-condense_3 replica 56d18de7-8aee-4437-a198-007a4ac42022 success
INFO 07-21 11:15:06 server.py:175] Confirm GPU group 48 for meta-llama/Meta-Llama-3-8B_sllm-condense_3 replica 56d18de7-8aee-4437-a198-007a4ac42022 success
INFO 07-21 11:15:07 server.py:175] Confirm GPU group 49 for meta-llama/Meta-Llama-3-8B_sllm-condense_3 replica 56d18de7-8aee-4437-a198-007a4ac42022 success
INFO 07-21 11:15:08 server.py:175] Confirm GPU group 50 for meta-llama/Meta-Llama-3-8B_sllm-condense_3 replica 56d18de7-8aee-4437-a198-007a4ac42022 success
INFO 07-21 11:15:10 server.py:175] Confirm GPU group 51 for meta-llama/Meta-Llama-3-8B_sllm-condense_3 replica 56d18de7-8aee-4437-a198-007a4ac42022 success
INFO 07-21 11:15:12 server.py:175] Confirm GPU group 52 for meta-llama/Meta-Llama-3-8B_sllm-condense_3 replica 56d18de7-8aee-4437-a198-007a4ac42022 success
INFO 07-21 11:15:12 server.py:175] Confirm GPU group 53 for meta-llama/Meta-Llama-3-8B_sllm-condense_3 replica 56d18de7-8aee-4437-a198-007a4ac42022 success
INFO 07-21 11:15:12 server.py:175] Confirm GPU group 54 for meta-llama/Meta-Llama-3-8B_sllm-condense_3 replica 56d18de7-8aee-4437-a198-007a4ac42022 success
INFO 07-21 11:15:12 server.py:175] Confirm GPU group 55 for meta-llama/Meta-Llama-3-8B_sllm-condense_3 replica 56d18de7-8aee-4437-a198-007a4ac42022 success
INFO 07-21 11:15:12 server.py:175] Confirm GPU group 56 for meta-llama/Meta-Llama-3-8B_sllm-condense_3 replica 56d18de7-8aee-4437-a198-007a4ac42022 success
INFO 07-21 11:15:13 server.py:175] Confirm GPU group 57 for meta-llama/Meta-Llama-3-8B_sllm-condense_3 replica 56d18de7-8aee-4437-a198-007a4ac42022 success
INFO 07-21 11:15:13 server.py:175] Confirm GPU group 58 for meta-llama/Meta-Llama-3-8B_sllm-condense_3 replica 56d18de7-8aee-4437-a198-007a4ac42022 success
INFO 07-21 11:15:15 server.py:175] Confirm GPU group 59 for meta-llama/Meta-Llama-3-8B_sllm-condense_3 replica 56d18de7-8aee-4437-a198-007a4ac42022 success
INFO 07-21 11:15:16 server.py:175] Confirm GPU group 60 for meta-llama/Meta-Llama-3-8B_sllm-condense_3 replica 56d18de7-8aee-4437-a198-007a4ac42022 success
I20260721 11:15:18.007009 2671539 model.cpp:250] Finished loading model meta-llama/Meta-Llama-3-8B_sllm-condense_3 from disk
I20260721 11:15:18.007167 2671547 model.cpp:354] Finished loading tensor from memory to device 0
INFO 07-21 11:15:18 server.py:175] Confirm GPU group 61 for meta-llama/Meta-Llama-3-8B_sllm-condense_3 replica 56d18de7-8aee-4437-a198-007a4ac42022 success
INFO 07-21 11:15:18 server.py:175] Confirm GPU group 62 for meta-llama/Meta-Llama-3-8B_sllm-condense_3 replica 56d18de7-8aee-4437-a198-007a4ac42022 success
INFO 07-21 11:15:18 server.py:175] Confirm GPU group 63 for meta-llama/Meta-Llama-3-8B_sllm-condense_3 replica 56d18de7-8aee-4437-a198-007a4ac42022 success
INFO 07-21 11:15:18 server.py:175] Confirm GPU group 64 for meta-llama/Meta-Llama-3-8B_sllm-condense_3 replica 56d18de7-8aee-4437-a198-007a4ac42022 success
INFO 07-21 11:15:18 server.py:175] Confirm GPU group 65 for meta-llama/Meta-Llama-3-8B_sllm-condense_3 replica 56d18de7-8aee-4437-a198-007a4ac42022 success
INFO 07-21 11:15:18 server.py:175] Confirm GPU group 66 for meta-llama/Meta-Llama-3-8B_sllm-condense_3 replica 56d18de7-8aee-4437-a198-007a4ac42022 success
INFO 07-21 11:15:18 server.py:175] Confirm GPU group 67 for meta-llama/Meta-Llama-3-8B_sllm-condense_3 replica 56d18de7-8aee-4437-a198-007a4ac42022 success
INFO 07-21 11:15:18 server.py:175] Confirm GPU group 68 for meta-llama/Meta-Llama-3-8B_sllm-condense_3 replica 56d18de7-8aee-4437-a198-007a4ac42022 success
INFO 07-21 11:15:18 server.py:175] Confirm GPU group 69 for meta-llama/Meta-Llama-3-8B_sllm-condense_3 replica 56d18de7-8aee-4437-a198-007a4ac42022 success
INFO 07-21 11:15:18 server.py:175] Confirm GPU group 70 for meta-llama/Meta-Llama-3-8B_sllm-condense_3 replica 56d18de7-8aee-4437-a198-007a4ac42022 success
INFO 07-21 11:15:18 server.py:175] Confirm GPU group 71 for meta-llama/Meta-Llama-3-8B_sllm-condense_3 replica 56d18de7-8aee-4437-a198-007a4ac42022 success
INFO 07-21 11:15:18 server.py:175] Confirm GPU group 72 for meta-llama/Meta-Llama-3-8B_sllm-condense_3 replica 56d18de7-8aee-4437-a198-007a4ac42022 success
INFO 07-21 11:15:18 server.py:175] Confirm GPU group 73 for meta-llama/Meta-Llama-3-8B_sllm-condense_3 replica 56d18de7-8aee-4437-a198-007a4ac42022 success
INFO 07-21 11:15:18 server.py:175] Confirm GPU group 74 for meta-llama/Meta-Llama-3-8B_sllm-condense_3 replica 56d18de7-8aee-4437-a198-007a4ac42022 success
INFO 07-21 11:15:18 server.py:175] Confirm GPU group 75 for meta-llama/Meta-Llama-3-8B_sllm-condense_3 replica 56d18de7-8aee-4437-a198-007a4ac42022 success
INFO 07-21 11:15:18 server.py:175] Confirm GPU group 76 for meta-llama/Meta-Llama-3-8B_sllm-condense_3 replica 56d18de7-8aee-4437-a198-007a4ac42022 success
INFO 07-21 11:15:18 server.py:175] Confirm GPU group 77 for meta-llama/Meta-Llama-3-8B_sllm-condense_3 replica 56d18de7-8aee-4437-a198-007a4ac42022 success
INFO 07-21 11:15:18 server.py:175] Confirm GPU group 78 for meta-llama/Meta-Llama-3-8B_sllm-condense_3 replica 56d18de7-8aee-4437-a198-007a4ac42022 success
INFO 07-21 11:15:18 server.py:175] Confirm GPU group 79 for meta-llama/Meta-Llama-3-8B_sllm-condense_3 replica 56d18de7-8aee-4437-a198-007a4ac42022 success
INFO 07-21 11:15:18 server.py:175] Confirm GPU group 80 for meta-llama/Meta-Llama-3-8B_sllm-condense_3 replica 56d18de7-8aee-4437-a198-007a4ac42022 success
INFO 07-21 11:15:18 server.py:175] Confirm GPU group 81 for meta-llama/Meta-Llama-3-8B_sllm-condense_3 replica 56d18de7-8aee-4437-a198-007a4ac42022 success
INFO 07-21 11:15:18 server.py:175] Confirm GPU group 82 for meta-llama/Meta-Llama-3-8B_sllm-condense_3 replica 56d18de7-8aee-4437-a198-007a4ac42022 success
INFO 07-21 11:15:18 server.py:175] Confirm GPU group 83 for meta-llama/Meta-Llama-3-8B_sllm-condense_3 replica 56d18de7-8aee-4437-a198-007a4ac42022 success
INFO 07-21 11:15:18 server.py:175] Confirm GPU group 84 for meta-llama/Meta-Llama-3-8B_sllm-condense_3 replica 56d18de7-8aee-4437-a198-007a4ac42022 success
INFO 07-21 11:15:18 server.py:175] Confirm GPU group 85 for meta-llama/Meta-Llama-3-8B_sllm-condense_3 replica 56d18de7-8aee-4437-a198-007a4ac42022 success
INFO 07-21 11:15:18 server.py:175] Confirm GPU group 86 for meta-llama/Meta-Llama-3-8B_sllm-condense_3 replica 56d18de7-8aee-4437-a198-007a4ac42022 success
INFO 07-21 11:15:18 server.py:175] Confirm GPU group 87 for meta-llama/Meta-Llama-3-8B_sllm-condense_3 replica 56d18de7-8aee-4437-a198-007a4ac42022 success
INFO 07-21 11:15:18 server.py:175] Confirm GPU group 88 for meta-llama/Meta-Llama-3-8B_sllm-condense_3 replica 56d18de7-8aee-4437-a198-007a4ac42022 success
INFO 07-21 11:15:18 server.py:175] Confirm GPU group 89 for meta-llama/Meta-Llama-3-8B_sllm-condense_3 replica 56d18de7-8aee-4437-a198-007a4ac42022 success
INFO 07-21 11:15:18 server.py:175] Confirm GPU group 90 for meta-llama/Meta-Llama-3-8B_sllm-condense_3 replica 56d18de7-8aee-4437-a198-007a4ac42022 success
INFO 07-21 11:15:18 server.py:175] Confirm GPU group 91 for meta-llama/Meta-Llama-3-8B_sllm-condense_3 replica 56d18de7-8aee-4437-a198-007a4ac42022 success
INFO 07-21 11:15:18 server.py:175] Confirm GPU group 92 for meta-llama/Meta-Llama-3-8B_sllm-condense_3 replica 56d18de7-8aee-4437-a198-007a4ac42022 success
INFO 07-21 11:15:18 server.py:175] Confirm GPU group 93 for meta-llama/Meta-Llama-3-8B_sllm-condense_3 replica 56d18de7-8aee-4437-a198-007a4ac42022 success
INFO 07-21 11:15:18 server.py:175] Confirm GPU group 94 for meta-llama/Meta-Llama-3-8B_sllm-condense_3 replica 56d18de7-8aee-4437-a198-007a4ac42022 success
INFO 07-21 11:15:18 server.py:175] Confirm GPU group 95 for meta-llama/Meta-Llama-3-8B_sllm-condense_3 replica 56d18de7-8aee-4437-a198-007a4ac42022 success
INFO 07-21 11:15:19 server.py:175] Confirm GPU group 96 for meta-llama/Meta-Llama-3-8B_sllm-condense_3 replica 56d18de7-8aee-4437-a198-007a4ac42022 success
INFO 07-21 11:15:19 server.py:175] Confirm GPU group 97 for meta-llama/Meta-Llama-3-8B_sllm-condense_3 replica 56d18de7-8aee-4437-a198-007a4ac42022 success
INFO 07-21 11:15:19 server.py:175] Confirm GPU group 98 for meta-llama/Meta-Llama-3-8B_sllm-condense_3 replica 56d18de7-8aee-4437-a198-007a4ac42022 success
INFO 07-21 11:15:19 server.py:175] Confirm GPU group 99 for meta-llama/Meta-Llama-3-8B_sllm-condense_3 replica 56d18de7-8aee-4437-a198-007a4ac42022 success
INFO 07-21 11:15:19 server.py:175] Confirm GPU group 100 for meta-llama/Meta-Llama-3-8B_sllm-condense_3 replica 56d18de7-8aee-4437-a198-007a4ac42022 success
INFO 07-21 11:15:19 server.py:175] Confirm GPU group 101 for meta-llama/Meta-Llama-3-8B_sllm-condense_3 replica 56d18de7-8aee-4437-a198-007a4ac42022 success
INFO 07-21 11:15:19 server.py:175] Confirm GPU group 102 for meta-llama/Meta-Llama-3-8B_sllm-condense_3 replica 56d18de7-8aee-4437-a198-007a4ac42022 success
INFO 07-21 11:15:19 server.py:175] Confirm GPU group 103 for meta-llama/Meta-Llama-3-8B_sllm-condense_3 replica 56d18de7-8aee-4437-a198-007a4ac42022 success
INFO 07-21 11:15:19 server.py:175] Confirm GPU group 104 for meta-llama/Meta-Llama-3-8B_sllm-condense_3 replica 56d18de7-8aee-4437-a198-007a4ac42022 success
INFO 07-21 11:15:19 server.py:175] Confirm GPU group 105 for meta-llama/Meta-Llama-3-8B_sllm-condense_3 replica 56d18de7-8aee-4437-a198-007a4ac42022 success
INFO 07-21 11:15:19 server.py:175] Confirm GPU group 106 for meta-llama/Meta-Llama-3-8B_sllm-condense_3 replica 56d18de7-8aee-4437-a198-007a4ac42022 success
INFO 07-21 11:15:19 server.py:175] Confirm GPU group 107 for meta-llama/Meta-Llama-3-8B_sllm-condense_3 replica 56d18de7-8aee-4437-a198-007a4ac42022 success
INFO 07-21 11:15:19 server.py:175] Confirm GPU group 108 for meta-llama/Meta-Llama-3-8B_sllm-condense_3 replica 56d18de7-8aee-4437-a198-007a4ac42022 success
INFO 07-21 11:15:19 server.py:175] Confirm GPU group 109 for meta-llama/Meta-Llama-3-8B_sllm-condense_3 replica 56d18de7-8aee-4437-a198-007a4ac42022 success
INFO 07-21 11:15:19 server.py:175] Confirm GPU group 110 for meta-llama/Meta-Llama-3-8B_sllm-condense_3 replica 56d18de7-8aee-4437-a198-007a4ac42022 success
INFO 07-21 11:15:19 server.py:175] Confirm GPU group 111 for meta-llama/Meta-Llama-3-8B_sllm-condense_3 replica 56d18de7-8aee-4437-a198-007a4ac42022 success
INFO 07-21 11:15:19 server.py:175] Confirm GPU group 112 for meta-llama/Meta-Llama-3-8B_sllm-condense_3 replica 56d18de7-8aee-4437-a198-007a4ac42022 success
INFO 07-21 11:15:19 server.py:175] Confirm GPU group 113 for meta-llama/Meta-Llama-3-8B_sllm-condense_3 replica 56d18de7-8aee-4437-a198-007a4ac42022 success
INFO 07-21 11:15:19 server.py:175] Confirm GPU group 114 for meta-llama/Meta-Llama-3-8B_sllm-condense_3 replica 56d18de7-8aee-4437-a198-007a4ac42022 success
INFO 07-21 11:15:19 server.py:175] Confirm GPU group 115 for meta-llama/Meta-Llama-3-8B_sllm-condense_3 replica 56d18de7-8aee-4437-a198-007a4ac42022 success
INFO 07-21 11:15:19 server.py:175] Confirm GPU group 116 for meta-llama/Meta-Llama-3-8B_sllm-condense_3 replica 56d18de7-8aee-4437-a198-007a4ac42022 success
INFO 07-21 11:15:19 server.py:175] Confirm GPU group 117 for meta-llama/Meta-Llama-3-8B_sllm-condense_3 replica 56d18de7-8aee-4437-a198-007a4ac42022 success
INFO 07-21 11:15:19 server.py:175] Confirm GPU group 118 for meta-llama/Meta-Llama-3-8B_sllm-condense_3 replica 56d18de7-8aee-4437-a198-007a4ac42022 success
INFO 07-21 11:15:19 server.py:175] Confirm GPU group 119 for meta-llama/Meta-Llama-3-8B_sllm-condense_3 replica 56d18de7-8aee-4437-a198-007a4ac42022 success
INFO 07-21 11:15:19 server.py:175] Confirm GPU group 120 for meta-llama/Meta-Llama-3-8B_sllm-condense_3 replica 56d18de7-8aee-4437-a198-007a4ac42022 success
INFO 07-21 11:15:19 server.py:175] Confirm GPU group 121 for meta-llama/Meta-Llama-3-8B_sllm-condense_3 replica 56d18de7-8aee-4437-a198-007a4ac42022 success
INFO 07-21 11:15:19 server.py:175] Confirm GPU group 122 for meta-llama/Meta-Llama-3-8B_sllm-condense_3 replica 56d18de7-8aee-4437-a198-007a4ac42022 success
INFO 07-21 11:15:19 server.py:175] Confirm GPU group 123 for meta-llama/Meta-Llama-3-8B_sllm-condense_3 replica 56d18de7-8aee-4437-a198-007a4ac42022 success
INFO 07-21 11:15:19 server.py:175] Confirm GPU group 124 for meta-llama/Meta-Llama-3-8B_sllm-condense_3 replica 56d18de7-8aee-4437-a198-007a4ac42022 success
INFO 07-21 11:15:20 server.py:175] Confirm GPU group 125 for meta-llama/Meta-Llama-3-8B_sllm-condense_3 replica 56d18de7-8aee-4437-a198-007a4ac42022 success
INFO 07-21 11:15:20 server.py:175] Confirm GPU group 126 for meta-llama/Meta-Llama-3-8B_sllm-condense_3 replica 56d18de7-8aee-4437-a198-007a4ac42022 success
INFO 07-21 11:15:20 server.py:175] Confirm GPU group 127 for meta-llama/Meta-Llama-3-8B_sllm-condense_3 replica 56d18de7-8aee-4437-a198-007a4ac42022 success
INFO 07-21 11:15:20 server.py:175] Confirm GPU group 128 for meta-llama/Meta-Llama-3-8B_sllm-condense_3 replica 56d18de7-8aee-4437-a198-007a4ac42022 success
INFO 07-21 11:15:20 server.py:175] Confirm GPU group 129 for meta-llama/Meta-Llama-3-8B_sllm-condense_3 replica 56d18de7-8aee-4437-a198-007a4ac42022 success
INFO 07-21 11:15:20 server.py:175] Confirm GPU group 130 for meta-llama/Meta-Llama-3-8B_sllm-condense_3 replica 56d18de7-8aee-4437-a198-007a4ac42022 success
INFO 07-21 11:15:20 server.py:175] Confirm GPU group 131 for meta-llama/Meta-Llama-3-8B_sllm-condense_3 replica 56d18de7-8aee-4437-a198-007a4ac42022 success
INFO 07-21 11:15:20 server.py:175] Confirm GPU group 132 for meta-llama/Meta-Llama-3-8B_sllm-condense_3 replica 56d18de7-8aee-4437-a198-007a4ac42022 success
INFO 07-21 11:15:20 server.py:175] Confirm GPU group 133 for meta-llama/Meta-Llama-3-8B_sllm-condense_3 replica 56d18de7-8aee-4437-a198-007a4ac42022 success
INFO 07-21 11:15:20 server.py:175] Confirm GPU group 134 for meta-llama/Meta-Llama-3-8B_sllm-condense_3 replica 56d18de7-8aee-4437-a198-007a4ac42022 success
INFO 07-21 11:15:20 server.py:175] Confirm GPU group 135 for meta-llama/Meta-Llama-3-8B_sllm-condense_3 replica 56d18de7-8aee-4437-a198-007a4ac42022 success
INFO 07-21 11:15:20 server.py:175] Confirm GPU group 136 for meta-llama/Meta-Llama-3-8B_sllm-condense_3 replica 56d18de7-8aee-4437-a198-007a4ac42022 success
INFO 07-21 11:15:20 server.py:175] Confirm GPU group 137 for meta-llama/Meta-Llama-3-8B_sllm-condense_3 replica 56d18de7-8aee-4437-a198-007a4ac42022 success
INFO 07-21 11:15:20 server.py:175] Confirm GPU group 138 for meta-llama/Meta-Llama-3-8B_sllm-condense_3 replica 56d18de7-8aee-4437-a198-007a4ac42022 success
INFO 07-21 11:15:20 server.py:175] Confirm GPU group 139 for meta-llama/Meta-Llama-3-8B_sllm-condense_3 replica 56d18de7-8aee-4437-a198-007a4ac42022 success
INFO 07-21 11:15:20 server.py:175] Confirm GPU group 140 for meta-llama/Meta-Llama-3-8B_sllm-condense_3 replica 56d18de7-8aee-4437-a198-007a4ac42022 success
INFO 07-21 11:15:20 server.py:175] Confirm GPU group 141 for meta-llama/Meta-Llama-3-8B_sllm-condense_3 replica 56d18de7-8aee-4437-a198-007a4ac42022 success
INFO 07-21 11:15:20 server.py:175] Confirm GPU group 142 for meta-llama/Meta-Llama-3-8B_sllm-condense_3 replica 56d18de7-8aee-4437-a198-007a4ac42022 success
INFO 07-21 11:15:20 server.py:175] Confirm GPU group 143 for meta-llama/Meta-Llama-3-8B_sllm-condense_3 replica 56d18de7-8aee-4437-a198-007a4ac42022 success
INFO 07-21 11:15:20 server.py:175] Confirm GPU group 144 for meta-llama/Meta-Llama-3-8B_sllm-condense_3 replica 56d18de7-8aee-4437-a198-007a4ac42022 success
INFO 07-21 11:15:20 server.py:175] Confirm GPU group 145 for meta-llama/Meta-Llama-3-8B_sllm-condense_3 replica 56d18de7-8aee-4437-a198-007a4ac42022 success
INFO 07-21 11:15:20 server.py:175] Confirm GPU group 146 for meta-llama/Meta-Llama-3-8B_sllm-condense_3 replica 56d18de7-8aee-4437-a198-007a4ac42022 success
INFO 07-21 11:15:20 server.py:175] Confirm GPU group 147 for meta-llama/Meta-Llama-3-8B_sllm-condense_3 replica 56d18de7-8aee-4437-a198-007a4ac42022 success
INFO 07-21 11:15:20 server.py:175] Confirm GPU group 148 for meta-llama/Meta-Llama-3-8B_sllm-condense_3 replica 56d18de7-8aee-4437-a198-007a4ac42022 success
INFO 07-21 11:15:20 server.py:175] Confirm GPU group 149 for meta-llama/Meta-Llama-3-8B_sllm-condense_3 replica 56d18de7-8aee-4437-a198-007a4ac42022 success
INFO 07-21 11:15:20 server.py:175] Confirm GPU group 150 for meta-llama/Meta-Llama-3-8B_sllm-condense_3 replica 56d18de7-8aee-4437-a198-007a4ac42022 success
INFO 07-21 11:15:20 server.py:175] Confirm GPU group 151 for meta-llama/Meta-Llama-3-8B_sllm-condense_3 replica 56d18de7-8aee-4437-a198-007a4ac42022 success
INFO 07-21 11:15:20 server.py:175] Confirm GPU group 152 for meta-llama/Meta-Llama-3-8B_sllm-condense_3 replica 56d18de7-8aee-4437-a198-007a4ac42022 success
INFO 07-21 11:15:20 server.py:175] Confirm GPU group 153 for meta-llama/Meta-Llama-3-8B_sllm-condense_3 replica 56d18de7-8aee-4437-a198-007a4ac42022 success
INFO 07-21 11:15:20 server.py:175] Confirm GPU group 154 for meta-llama/Meta-Llama-3-8B_sllm-condense_3 replica 56d18de7-8aee-4437-a198-007a4ac42022 success
INFO 07-21 11:15:20 server.py:175] Confirm GPU group 155 for meta-llama/Meta-Llama-3-8B_sllm-condense_3 replica 56d18de7-8aee-4437-a198-007a4ac42022 success
INFO 07-21 11:15:20 server.py:175] Confirm GPU group 156 for meta-llama/Meta-Llama-3-8B_sllm-condense_3 replica 56d18de7-8aee-4437-a198-007a4ac42022 success
INFO 07-21 11:15:20 server.py:175] Confirm GPU group 157 for meta-llama/Meta-Llama-3-8B_sllm-condense_3 replica 56d18de7-8aee-4437-a198-007a4ac42022 success
INFO 07-21 11:15:20 server.py:175] Confirm GPU group 158 for meta-llama/Meta-Llama-3-8B_sllm-condense_3 replica 56d18de7-8aee-4437-a198-007a4ac42022 success
INFO 07-21 11:15:20 server.py:175] Confirm GPU group 159 for meta-llama/Meta-Llama-3-8B_sllm-condense_3 replica 56d18de7-8aee-4437-a198-007a4ac42022 success
INFO 07-21 11:15:20 server.py:175] Confirm GPU group 160 for meta-llama/Meta-Llama-3-8B_sllm-condense_3 replica 56d18de7-8aee-4437-a198-007a4ac42022 success
INFO 07-21 11:15:21 server.py:175] Confirm GPU group 161 for meta-llama/Meta-Llama-3-8B_sllm-condense_3 replica 56d18de7-8aee-4437-a198-007a4ac42022 success
INFO 07-21 11:15:21 server.py:175] Confirm GPU group 162 for meta-llama/Meta-Llama-3-8B_sllm-condense_3 replica 56d18de7-8aee-4437-a198-007a4ac42022 success
INFO 07-21 11:15:21 server.py:175] Confirm GPU group 163 for meta-llama/Meta-Llama-3-8B_sllm-condense_3 replica 56d18de7-8aee-4437-a198-007a4ac42022 success
INFO 07-21 11:15:21 server.py:175] Confirm GPU group 164 for meta-llama/Meta-Llama-3-8B_sllm-condense_3 replica 56d18de7-8aee-4437-a198-007a4ac42022 success
INFO 07-21 11:15:21 server.py:175] Confirm GPU group 165 for meta-llama/Meta-Llama-3-8B_sllm-condense_3 replica 56d18de7-8aee-4437-a198-007a4ac42022 success
INFO 07-21 11:15:21 server.py:175] Confirm GPU group 166 for meta-llama/Meta-Llama-3-8B_sllm-condense_3 replica 56d18de7-8aee-4437-a198-007a4ac42022 success
INFO 07-21 11:15:21 server.py:175] Confirm GPU group 167 for meta-llama/Meta-Llama-3-8B_sllm-condense_3 replica 56d18de7-8aee-4437-a198-007a4ac42022 success
INFO 07-21 11:15:21 server.py:175] Confirm GPU group 168 for meta-llama/Meta-Llama-3-8B_sllm-condense_3 replica 56d18de7-8aee-4437-a198-007a4ac42022 success
INFO 07-21 11:15:21 server.py:175] Confirm GPU group 169 for meta-llama/Meta-Llama-3-8B_sllm-condense_3 replica 56d18de7-8aee-4437-a198-007a4ac42022 success
INFO 07-21 11:15:21 server.py:175] Confirm GPU group 170 for meta-llama/Meta-Llama-3-8B_sllm-condense_3 replica 56d18de7-8aee-4437-a198-007a4ac42022 success
INFO 07-21 11:15:21 server.py:175] Confirm GPU group 171 for meta-llama/Meta-Llama-3-8B_sllm-condense_3 replica 56d18de7-8aee-4437-a198-007a4ac42022 success
INFO 07-21 11:15:21 server.py:175] Confirm GPU group 172 for meta-llama/Meta-Llama-3-8B_sllm-condense_3 replica 56d18de7-8aee-4437-a198-007a4ac42022 success
INFO 07-21 11:15:21 server.py:175] Confirm GPU group 173 for meta-llama/Meta-Llama-3-8B_sllm-condense_3 replica 56d18de7-8aee-4437-a198-007a4ac42022 success
INFO 07-21 11:15:21 server.py:175] Confirm GPU group 174 for meta-llama/Meta-Llama-3-8B_sllm-condense_3 replica 56d18de7-8aee-4437-a198-007a4ac42022 success
INFO 07-21 11:15:21 server.py:175] Confirm GPU group 175 for meta-llama/Meta-Llama-3-8B_sllm-condense_3 replica 56d18de7-8aee-4437-a198-007a4ac42022 success
INFO 07-21 11:15:21 server.py:175] Confirm GPU group 176 for meta-llama/Meta-Llama-3-8B_sllm-condense_3 replica 56d18de7-8aee-4437-a198-007a4ac42022 success
INFO 07-21 11:15:21 server.py:175] Confirm GPU group 177 for meta-llama/Meta-Llama-3-8B_sllm-condense_3 replica 56d18de7-8aee-4437-a198-007a4ac42022 success
INFO 07-21 11:15:21 server.py:175] Confirm GPU group 178 for meta-llama/Meta-Llama-3-8B_sllm-condense_3 replica 56d18de7-8aee-4437-a198-007a4ac42022 success
INFO 07-21 11:15:21 server.py:175] Confirm GPU group 179 for meta-llama/Meta-Llama-3-8B_sllm-condense_3 replica 56d18de7-8aee-4437-a198-007a4ac42022 success
INFO 07-21 11:15:21 server.py:175] Confirm GPU group 180 for meta-llama/Meta-Llama-3-8B_sllm-condense_3 replica 56d18de7-8aee-4437-a198-007a4ac42022 success
INFO 07-21 11:15:21 server.py:175] Confirm GPU group 181 for meta-llama/Meta-Llama-3-8B_sllm-condense_3 replica 56d18de7-8aee-4437-a198-007a4ac42022 success
INFO 07-21 11:15:21 server.py:175] Confirm GPU group 182 for meta-llama/Meta-Llama-3-8B_sllm-condense_3 replica 56d18de7-8aee-4437-a198-007a4ac42022 success
INFO 07-21 11:15:21 server.py:175] Confirm GPU group 183 for meta-llama/Meta-Llama-3-8B_sllm-condense_3 replica 56d18de7-8aee-4437-a198-007a4ac42022 success
INFO 07-21 11:15:21 server.py:175] Confirm GPU group 184 for meta-llama/Meta-Llama-3-8B_sllm-condense_3 replica 56d18de7-8aee-4437-a198-007a4ac42022 success
INFO 07-21 11:15:21 server.py:175] Confirm GPU group 185 for meta-llama/Meta-Llama-3-8B_sllm-condense_3 replica 56d18de7-8aee-4437-a198-007a4ac42022 success
INFO 07-21 11:15:21 server.py:175] Confirm GPU group 186 for meta-llama/Meta-Llama-3-8B_sllm-condense_3 replica 56d18de7-8aee-4437-a198-007a4ac42022 success
INFO 07-21 11:15:21 server.py:175] Confirm GPU group 187 for meta-llama/Meta-Llama-3-8B_sllm-condense_3 replica 56d18de7-8aee-4437-a198-007a4ac42022 success
INFO 07-21 11:15:21 server.py:175] Confirm GPU group 188 for meta-llama/Meta-Llama-3-8B_sllm-condense_3 replica 56d18de7-8aee-4437-a198-007a4ac42022 success
INFO 07-21 11:15:21 server.py:175] Confirm GPU group 189 for meta-llama/Meta-Llama-3-8B_sllm-condense_3 replica 56d18de7-8aee-4437-a198-007a4ac42022 success
INFO 07-21 11:15:21 server.py:175] Confirm GPU group 190 for meta-llama/Meta-Llama-3-8B_sllm-condense_3 replica 56d18de7-8aee-4437-a198-007a4ac42022 success
INFO 07-21 11:15:21 server.py:175] Confirm GPU group 191 for meta-llama/Meta-Llama-3-8B_sllm-condense_3 replica 56d18de7-8aee-4437-a198-007a4ac42022 success
INFO 07-21 11:15:21 server.py:175] Confirm GPU group 192 for meta-llama/Meta-Llama-3-8B_sllm-condense_3 replica 56d18de7-8aee-4437-a198-007a4ac42022 success
INFO 07-21 11:15:21 server.py:175] Confirm GPU group 193 for meta-llama/Meta-Llama-3-8B_sllm-condense_3 replica 56d18de7-8aee-4437-a198-007a4ac42022 success
INFO 07-21 11:15:21 server.py:175] Confirm GPU group 194 for meta-llama/Meta-Llama-3-8B_sllm-condense_3 replica 56d18de7-8aee-4437-a198-007a4ac42022 success
INFO 07-21 11:15:21 server.py:175] Confirm GPU group 195 for meta-llama/Meta-Llama-3-8B_sllm-condense_3 replica 56d18de7-8aee-4437-a198-007a4ac42022 success
INFO 07-21 11:15:21 server.py:175] Confirm GPU group 196 for meta-llama/Meta-Llama-3-8B_sllm-condense_3 replica 56d18de7-8aee-4437-a198-007a4ac42022 success
INFO 07-21 11:15:22 server.py:175] Confirm GPU group 197 for meta-llama/Meta-Llama-3-8B_sllm-condense_3 replica 56d18de7-8aee-4437-a198-007a4ac42022 success
INFO 07-21 11:15:22 server.py:175] Confirm GPU group 198 for meta-llama/Meta-Llama-3-8B_sllm-condense_3 replica 56d18de7-8aee-4437-a198-007a4ac42022 success
INFO 07-21 11:15:22 server.py:175] Confirm GPU group 199 for meta-llama/Meta-Llama-3-8B_sllm-condense_3 replica 56d18de7-8aee-4437-a198-007a4ac42022 success
INFO 07-21 11:15:22 server.py:175] Confirm GPU group 200 for meta-llama/Meta-Llama-3-8B_sllm-condense_3 replica 56d18de7-8aee-4437-a198-007a4ac42022 success
INFO 07-21 11:15:22 server.py:175] Confirm GPU group 201 for meta-llama/Meta-Llama-3-8B_sllm-condense_3 replica 56d18de7-8aee-4437-a198-007a4ac42022 success
INFO 07-21 11:15:22 server.py:175] Confirm GPU group 202 for meta-llama/Meta-Llama-3-8B_sllm-condense_3 replica 56d18de7-8aee-4437-a198-007a4ac42022 success
INFO 07-21 11:15:22 server.py:175] Confirm GPU group 203 for meta-llama/Meta-Llama-3-8B_sllm-condense_3 replica 56d18de7-8aee-4437-a198-007a4ac42022 success
INFO 07-21 11:15:22 server.py:175] Confirm GPU group 204 for meta-llama/Meta-Llama-3-8B_sllm-condense_3 replica 56d18de7-8aee-4437-a198-007a4ac42022 success
INFO 07-21 11:15:22 server.py:175] Confirm GPU group 205 for meta-llama/Meta-Llama-3-8B_sllm-condense_3 replica 56d18de7-8aee-4437-a198-007a4ac42022 success
INFO 07-21 11:15:22 server.py:175] Confirm GPU group 206 for meta-llama/Meta-Llama-3-8B_sllm-condense_3 replica 56d18de7-8aee-4437-a198-007a4ac42022 success
INFO 07-21 11:15:22 server.py:175] Confirm GPU group 207 for meta-llama/Meta-Llama-3-8B_sllm-condense_3 replica 56d18de7-8aee-4437-a198-007a4ac42022 success
INFO 07-21 11:15:22 server.py:175] Confirm GPU group 208 for meta-llama/Meta-Llama-3-8B_sllm-condense_3 replica 56d18de7-8aee-4437-a198-007a4ac42022 success
INFO 07-21 11:15:22 server.py:175] Confirm GPU group 209 for meta-llama/Meta-Llama-3-8B_sllm-condense_3 replica 56d18de7-8aee-4437-a198-007a4ac42022 success
INFO 07-21 11:15:22 server.py:175] Confirm GPU group 210 for meta-llama/Meta-Llama-3-8B_sllm-condense_3 replica 56d18de7-8aee-4437-a198-007a4ac42022 success
INFO 07-21 11:15:22 server.py:175] Confirm GPU group 211 for meta-llama/Meta-Llama-3-8B_sllm-condense_3 replica 56d18de7-8aee-4437-a198-007a4ac42022 success
INFO 07-21 11:15:22 server.py:175] Confirm GPU group 212 for meta-llama/Meta-Llama-3-8B_sllm-condense_3 replica 56d18de7-8aee-4437-a198-007a4ac42022 success
INFO 07-21 11:15:22 server.py:175] Confirm GPU group 213 for meta-llama/Meta-Llama-3-8B_sllm-condense_3 replica 56d18de7-8aee-4437-a198-007a4ac42022 success
INFO 07-21 11:15:22 server.py:175] Confirm GPU group 214 for meta-llama/Meta-Llama-3-8B_sllm-condense_3 replica 56d18de7-8aee-4437-a198-007a4ac42022 success
INFO 07-21 11:15:22 server.py:175] Confirm GPU group 215 for meta-llama/Meta-Llama-3-8B_sllm-condense_3 replica 56d18de7-8aee-4437-a198-007a4ac42022 success
INFO 07-21 11:15:22 server.py:175] Confirm GPU group 216 for meta-llama/Meta-Llama-3-8B_sllm-condense_3 replica 56d18de7-8aee-4437-a198-007a4ac42022 success
INFO 07-21 11:15:22 server.py:175] Confirm GPU group 217 for meta-llama/Meta-Llama-3-8B_sllm-condense_3 replica 56d18de7-8aee-4437-a198-007a4ac42022 success
INFO 07-21 11:15:22 server.py:175] Confirm GPU group 218 for meta-llama/Meta-Llama-3-8B_sllm-condense_3 replica 56d18de7-8aee-4437-a198-007a4ac42022 success
INFO 07-21 11:15:22 server.py:175] Confirm GPU group 219 for meta-llama/Meta-Llama-3-8B_sllm-condense_3 replica 56d18de7-8aee-4437-a198-007a4ac42022 success
INFO 07-21 11:15:22 server.py:175] Confirm GPU group 220 for meta-llama/Meta-Llama-3-8B_sllm-condense_3 replica 56d18de7-8aee-4437-a198-007a4ac42022 success
INFO 07-21 11:15:22 server.py:175] Confirm GPU group 221 for meta-llama/Meta-Llama-3-8B_sllm-condense_3 replica 56d18de7-8aee-4437-a198-007a4ac42022 success
INFO 07-21 11:15:22 server.py:175] Confirm GPU group 222 for meta-llama/Meta-Llama-3-8B_sllm-condense_3 replica 56d18de7-8aee-4437-a198-007a4ac42022 success
INFO 07-21 11:15:22 server.py:175] Confirm GPU group 223 for meta-llama/Meta-Llama-3-8B_sllm-condense_3 replica 56d18de7-8aee-4437-a198-007a4ac42022 success
INFO 07-21 11:15:22 server.py:175] Confirm GPU group 224 for meta-llama/Meta-Llama-3-8B_sllm-condense_3 replica 56d18de7-8aee-4437-a198-007a4ac42022 success
INFO 07-21 11:15:22 server.py:175] Confirm GPU group 225 for meta-llama/Meta-Llama-3-8B_sllm-condense_3 replica 56d18de7-8aee-4437-a198-007a4ac42022 success
INFO 07-21 11:15:22 server.py:175] Confirm GPU group 226 for meta-llama/Meta-Llama-3-8B_sllm-condense_3 replica 56d18de7-8aee-4437-a198-007a4ac42022 success
INFO 07-21 11:15:22 server.py:175] Confirm GPU group 227 for meta-llama/Meta-Llama-3-8B_sllm-condense_3 replica 56d18de7-8aee-4437-a198-007a4ac42022 success
INFO 07-21 11:15:22 server.py:175] Confirm GPU group 228 for meta-llama/Meta-Llama-3-8B_sllm-condense_3 replica 56d18de7-8aee-4437-a198-007a4ac42022 success
INFO 07-21 11:15:22 server.py:175] Confirm GPU group 229 for meta-llama/Meta-Llama-3-8B_sllm-condense_3 replica 56d18de7-8aee-4437-a198-007a4ac42022 success
INFO 07-21 11:15:22 server.py:175] Confirm GPU group 230 for meta-llama/Meta-Llama-3-8B_sllm-condense_3 replica 56d18de7-8aee-4437-a198-007a4ac42022 success
INFO 07-21 11:15:23 server.py:175] Confirm GPU group 231 for meta-llama/Meta-Llama-3-8B_sllm-condense_3 replica 56d18de7-8aee-4437-a198-007a4ac42022 success
INFO 07-21 11:15:23 server.py:175] Confirm GPU group 232 for meta-llama/Meta-Llama-3-8B_sllm-condense_3 replica 56d18de7-8aee-4437-a198-007a4ac42022 success
INFO 07-21 11:15:23 server.py:175] Confirm GPU group 233 for meta-llama/Meta-Llama-3-8B_sllm-condense_3 replica 56d18de7-8aee-4437-a198-007a4ac42022 success
INFO 07-21 11:15:23 server.py:175] Confirm GPU group 234 for meta-llama/Meta-Llama-3-8B_sllm-condense_3 replica 56d18de7-8aee-4437-a198-007a4ac42022 success
INFO 07-21 11:15:23 server.py:175] Confirm GPU group 235 for meta-llama/Meta-Llama-3-8B_sllm-condense_3 replica 56d18de7-8aee-4437-a198-007a4ac42022 success
INFO 07-21 11:15:23 server.py:175] Confirm GPU group 236 for meta-llama/Meta-Llama-3-8B_sllm-condense_3 replica 56d18de7-8aee-4437-a198-007a4ac42022 success
INFO 07-21 11:15:23 server.py:175] Confirm GPU group 237 for meta-llama/Meta-Llama-3-8B_sllm-condense_3 replica 56d18de7-8aee-4437-a198-007a4ac42022 success
INFO 07-21 11:15:23 server.py:175] Confirm GPU group 238 for meta-llama/Meta-Llama-3-8B_sllm-condense_3 replica 56d18de7-8aee-4437-a198-007a4ac42022 success
INFO 07-21 11:15:23 server.py:175] Confirm GPU group 239 for meta-llama/Meta-Llama-3-8B_sllm-condense_3 replica 56d18de7-8aee-4437-a198-007a4ac42022 success
INFO 07-21 11:15:23 server.py:175] Confirm GPU group 240 for meta-llama/Meta-Llama-3-8B_sllm-condense_3 replica 56d18de7-8aee-4437-a198-007a4ac42022 success
INFO 07-21 11:15:23 server.py:175] Confirm GPU group 241 for meta-llama/Meta-Llama-3-8B_sllm-condense_3 replica 56d18de7-8aee-4437-a198-007a4ac42022 success
INFO 07-21 11:15:23 server.py:175] Confirm GPU group 242 for meta-llama/Meta-Llama-3-8B_sllm-condense_3 replica 56d18de7-8aee-4437-a198-007a4ac42022 success
INFO 07-21 11:15:23 server.py:175] Confirm GPU group 243 for meta-llama/Meta-Llama-3-8B_sllm-condense_3 replica 56d18de7-8aee-4437-a198-007a4ac42022 success
INFO 07-21 11:15:23 server.py:175] Confirm GPU group 244 for meta-llama/Meta-Llama-3-8B_sllm-condense_3 replica 56d18de7-8aee-4437-a198-007a4ac42022 success
INFO 07-21 11:15:23 server.py:175] Confirm GPU group 245 for meta-llama/Meta-Llama-3-8B_sllm-condense_3 replica 56d18de7-8aee-4437-a198-007a4ac42022 success
INFO 07-21 11:15:23 server.py:175] Confirm GPU group 246 for meta-llama/Meta-Llama-3-8B_sllm-condense_3 replica 56d18de7-8aee-4437-a198-007a4ac42022 success
INFO 07-21 11:15:23 server.py:175] Confirm GPU group 247 for meta-llama/Meta-Llama-3-8B_sllm-condense_3 replica 56d18de7-8aee-4437-a198-007a4ac42022 success
INFO 07-21 11:15:23 server.py:175] Confirm GPU group 248 for meta-llama/Meta-Llama-3-8B_sllm-condense_3 replica 56d18de7-8aee-4437-a198-007a4ac42022 success
INFO 07-21 11:15:23 server.py:175] Confirm GPU group 249 for meta-llama/Meta-Llama-3-8B_sllm-condense_3 replica 56d18de7-8aee-4437-a198-007a4ac42022 success
INFO 07-21 11:15:23 server.py:175] Confirm GPU group 250 for meta-llama/Meta-Llama-3-8B_sllm-condense_3 replica 56d18de7-8aee-4437-a198-007a4ac42022 success
INFO 07-21 11:15:23 server.py:175] Confirm GPU group 251 for meta-llama/Meta-Llama-3-8B_sllm-condense_3 replica 56d18de7-8aee-4437-a198-007a4ac42022 success
INFO 07-21 11:15:23 server.py:175] Confirm GPU group 252 for meta-llama/Meta-Llama-3-8B_sllm-condense_3 replica 56d18de7-8aee-4437-a198-007a4ac42022 success
INFO 07-21 11:15:23 server.py:175] Confirm GPU group 253 for meta-llama/Meta-Llama-3-8B_sllm-condense_3 replica 56d18de7-8aee-4437-a198-007a4ac42022 success
INFO 07-21 11:15:23 server.py:175] Confirm GPU group 254 for meta-llama/Meta-Llama-3-8B_sllm-condense_3 replica 56d18de7-8aee-4437-a198-007a4ac42022 success
INFO 07-21 11:15:23 server.py:175] Confirm GPU group 255 for meta-llama/Meta-Llama-3-8B_sllm-condense_3 replica 56d18de7-8aee-4437-a198-007a4ac42022 success
INFO 07-21 11:15:23 server.py:175] Confirm GPU group 256 for meta-llama/Meta-Llama-3-8B_sllm-condense_3 replica 56d18de7-8aee-4437-a198-007a4ac42022 success
INFO 07-21 11:15:23 server.py:175] Confirm GPU group 257 for meta-llama/Meta-Llama-3-8B_sllm-condense_3 replica 56d18de7-8aee-4437-a198-007a4ac42022 success
INFO 07-21 11:15:23 server.py:175] Confirm GPU group 258 for meta-llama/Meta-Llama-3-8B_sllm-condense_3 replica 56d18de7-8aee-4437-a198-007a4ac42022 success
INFO 07-21 11:15:23 server.py:175] Confirm GPU group 259 for meta-llama/Meta-Llama-3-8B_sllm-condense_3 replica 56d18de7-8aee-4437-a198-007a4ac42022 success
INFO 07-21 11:15:23 server.py:175] Confirm GPU group 260 for meta-llama/Meta-Llama-3-8B_sllm-condense_3 replica 56d18de7-8aee-4437-a198-007a4ac42022 success
INFO 07-21 11:15:23 server.py:175] Confirm GPU group 261 for meta-llama/Meta-Llama-3-8B_sllm-condense_3 replica 56d18de7-8aee-4437-a198-007a4ac42022 success
INFO 07-21 11:15:23 server.py:175] Confirm GPU group 262 for meta-llama/Meta-Llama-3-8B_sllm-condense_3 replica 56d18de7-8aee-4437-a198-007a4ac42022 success
INFO 07-21 11:15:23 server.py:175] Confirm GPU group 263 for meta-llama/Meta-Llama-3-8B_sllm-condense_3 replica 56d18de7-8aee-4437-a198-007a4ac42022 success
INFO 07-21 11:15:24 server.py:175] Confirm GPU group 264 for meta-llama/Meta-Llama-3-8B_sllm-condense_3 replica 56d18de7-8aee-4437-a198-007a4ac42022 success
INFO 07-21 11:15:24 server.py:175] Confirm GPU group 265 for meta-llama/Meta-Llama-3-8B_sllm-condense_3 replica 56d18de7-8aee-4437-a198-007a4ac42022 success
INFO 07-21 11:15:24 server.py:175] Confirm GPU group 266 for meta-llama/Meta-Llama-3-8B_sllm-condense_3 replica 56d18de7-8aee-4437-a198-007a4ac42022 success
INFO 07-21 11:15:24 server.py:175] Confirm GPU group 267 for meta-llama/Meta-Llama-3-8B_sllm-condense_3 replica 56d18de7-8aee-4437-a198-007a4ac42022 success
INFO 07-21 11:15:24 server.py:175] Confirm GPU group 268 for meta-llama/Meta-Llama-3-8B_sllm-condense_3 replica 56d18de7-8aee-4437-a198-007a4ac42022 success
INFO 07-21 11:15:24 server.py:175] Confirm GPU group 269 for meta-llama/Meta-Llama-3-8B_sllm-condense_3 replica 56d18de7-8aee-4437-a198-007a4ac42022 success
INFO 07-21 11:15:24 server.py:175] Confirm GPU group 270 for meta-llama/Meta-Llama-3-8B_sllm-condense_3 replica 56d18de7-8aee-4437-a198-007a4ac42022 success
INFO 07-21 11:15:24 server.py:175] Confirm GPU group 271 for meta-llama/Meta-Llama-3-8B_sllm-condense_3 replica 56d18de7-8aee-4437-a198-007a4ac42022 success
INFO 07-21 11:15:24 server.py:175] Confirm GPU group 272 for meta-llama/Meta-Llama-3-8B_sllm-condense_3 replica 56d18de7-8aee-4437-a198-007a4ac42022 success
INFO 07-21 11:15:24 server.py:175] Confirm GPU group 273 for meta-llama/Meta-Llama-3-8B_sllm-condense_3 replica 56d18de7-8aee-4437-a198-007a4ac42022 success
INFO 07-21 11:15:24 server.py:175] Confirm GPU group 274 for meta-llama/Meta-Llama-3-8B_sllm-condense_3 replica 56d18de7-8aee-4437-a198-007a4ac42022 success
INFO 07-21 11:15:24 server.py:175] Confirm GPU group 275 for meta-llama/Meta-Llama-3-8B_sllm-condense_3 replica 56d18de7-8aee-4437-a198-007a4ac42022 success
INFO 07-21 11:15:24 server.py:175] Confirm GPU group 276 for meta-llama/Meta-Llama-3-8B_sllm-condense_3 replica 56d18de7-8aee-4437-a198-007a4ac42022 success
INFO 07-21 11:15:24 server.py:175] Confirm GPU group 277 for meta-llama/Meta-Llama-3-8B_sllm-condense_3 replica 56d18de7-8aee-4437-a198-007a4ac42022 success
INFO 07-21 11:15:24 server.py:175] Confirm GPU group 278 for meta-llama/Meta-Llama-3-8B_sllm-condense_3 replica 56d18de7-8aee-4437-a198-007a4ac42022 success
INFO 07-21 11:15:24 server.py:175] Confirm GPU group 279 for meta-llama/Meta-Llama-3-8B_sllm-condense_3 replica 56d18de7-8aee-4437-a198-007a4ac42022 success
INFO 07-21 11:15:24 server.py:175] Confirm GPU group 280 for meta-llama/Meta-Llama-3-8B_sllm-condense_3 replica 56d18de7-8aee-4437-a198-007a4ac42022 success
INFO 07-21 11:15:24 server.py:175] Confirm GPU group 281 for meta-llama/Meta-Llama-3-8B_sllm-condense_3 replica 56d18de7-8aee-4437-a198-007a4ac42022 success
INFO 07-21 11:15:24 server.py:175] Confirm GPU group 282 for meta-llama/Meta-Llama-3-8B_sllm-condense_3 replica 56d18de7-8aee-4437-a198-007a4ac42022 success
INFO 07-21 11:15:24 server.py:175] Confirm GPU group 283 for meta-llama/Meta-Llama-3-8B_sllm-condense_3 replica 56d18de7-8aee-4437-a198-007a4ac42022 success
INFO 07-21 11:15:24 server.py:175] Confirm GPU group 284 for meta-llama/Meta-Llama-3-8B_sllm-condense_3 replica 56d18de7-8aee-4437-a198-007a4ac42022 success
INFO 07-21 11:15:24 server.py:175] Confirm GPU group 285 for meta-llama/Meta-Llama-3-8B_sllm-condense_3 replica 56d18de7-8aee-4437-a198-007a4ac42022 success
INFO 07-21 11:15:24 server.py:175] Confirm GPU group 286 for meta-llama/Meta-Llama-3-8B_sllm-condense_3 replica 56d18de7-8aee-4437-a198-007a4ac42022 success
INFO 07-21 11:15:24 server.py:175] Confirm GPU group 287 for meta-llama/Meta-Llama-3-8B_sllm-condense_3 replica 56d18de7-8aee-4437-a198-007a4ac42022 success
INFO 07-21 11:15:24 server.py:175] Confirm GPU group 288 for meta-llama/Meta-Llama-3-8B_sllm-condense_3 replica 56d18de7-8aee-4437-a198-007a4ac42022 success
INFO 07-21 11:15:24 server.py:175] Confirm GPU group 289 for meta-llama/Meta-Llama-3-8B_sllm-condense_3 replica 56d18de7-8aee-4437-a198-007a4ac42022 success
INFO 07-21 11:15:24 server.py:175] Confirm GPU group 290 for meta-llama/Meta-Llama-3-8B_sllm-condense_3 replica 56d18de7-8aee-4437-a198-007a4ac42022 success
INFO 07-21 11:15:25 server.py:138] Confirm model meta-llama/Meta-Llama-3-8B_sllm-condense_3 replica 56d18de7-8aee-4437-a198-007a4ac42022 success
I20260721 11:15:27.956501 2669824 model.cpp:53] Tensor file "/mnt/data1/mechels/meta-llama/Meta-Llama-3-8B_sllm-condense_0/tensor.data_1" does not exist
I20260721 11:15:27.956548 2669824 checkpoint_store.cpp:106] Model meta-llama/Meta-Llama-3-8B_sllm-condense_0 is registered
INFO 07-21 11:15:27 server.py:115] LoadModel: success meta-llama/Meta-Llama-3-8B_sllm-condense_0 with target 1
I20260721 11:15:27.956743 2674038 pinned_memory_pool.cpp:78] PinnedMemoryPool Allocate 423 buffers free buffers 1202 total buffers 2048
I20260721 11:15:27.959172 2674038 model.cpp:120] Loading model meta-llama/Meta-Llama-3-8B_sllm-condense_0 size 7080615848 to host
I20260721 11:15:27.959195 2674038 model.cpp:134] Loading model meta-llama/Meta-Llama-3-8B_sllm-condense_0 to host with 4 threads, 423 chunks, 16777216 chunk size, 106 chunks per thread
I20260721 11:15:27.959401 2674041 model.cpp:155] Thread 2 starting from partition 0 offset 3556769792
I20260721 11:15:27.959368 2674040 model.cpp:155] Thread 1 starting from partition 0 offset 1778384896
I20260721 11:15:27.959461 2674042 model.cpp:155] Thread 3 starting from partition 0 offset 5335154688
I20260721 11:15:27.959345 2674039 model.cpp:155] Thread 0 starting from partition 0 offset 0
I20260721 11:15:28.513753 2674064 checkpoint_store.cpp:209] Loading model meta-llama/Meta-Llama-3-8B_sllm-condense_0
INFO 07-21 11:15:28 server.py:115] LoadModel: success meta-llama/Meta-Llama-3-8B_sllm-condense_0 with target 2
I20260721 11:15:28.617756 2674064 model.cpp:269] Creating replica df60e24c-7b8c-44c0-834d-14acc4d05dbc
I20260721 11:15:28.617816 2674064 model.cpp:273] Creating queue for device 0
I20260721 11:15:28.617863 2674064 model.cpp:284] Created replica df60e24c-7b8c-44c0-834d-14acc4d05dbc
I20260721 11:15:28.617982 2674064 model.cpp:295] Dispatcher started for model meta-llama/Meta-Llama-3-8B_sllm-condense_0
I20260721 11:15:28.618052 2674064 model.cpp:361] Waiting for model meta-llama/Meta-Llama-3-8B_sllm-condense_0 num tasks 1 state 3
INFO 07-21 11:15:42 server.py:175] Confirm GPU group 0 for meta-llama/Meta-Llama-3-8B_sllm-condense_0 replica df60e24c-7b8c-44c0-834d-14acc4d05dbc success
INFO 07-21 11:15:43 server.py:175] Confirm GPU group 1 for meta-llama/Meta-Llama-3-8B_sllm-condense_0 replica df60e24c-7b8c-44c0-834d-14acc4d05dbc success
INFO 07-21 11:15:43 server.py:175] Confirm GPU group 2 for meta-llama/Meta-Llama-3-8B_sllm-condense_0 replica df60e24c-7b8c-44c0-834d-14acc4d05dbc success
INFO 07-21 11:15:43 server.py:175] Confirm GPU group 3 for meta-llama/Meta-Llama-3-8B_sllm-condense_0 replica df60e24c-7b8c-44c0-834d-14acc4d05dbc success
INFO 07-21 11:15:43 server.py:175] Confirm GPU group 4 for meta-llama/Meta-Llama-3-8B_sllm-condense_0 replica df60e24c-7b8c-44c0-834d-14acc4d05dbc success
INFO 07-21 11:15:45 server.py:175] Confirm GPU group 5 for meta-llama/Meta-Llama-3-8B_sllm-condense_0 replica df60e24c-7b8c-44c0-834d-14acc4d05dbc success
INFO 07-21 11:15:47 server.py:175] Confirm GPU group 6 for meta-llama/Meta-Llama-3-8B_sllm-condense_0 replica df60e24c-7b8c-44c0-834d-14acc4d05dbc success
INFO 07-21 11:15:49 server.py:175] Confirm GPU group 7 for meta-llama/Meta-Llama-3-8B_sllm-condense_0 replica df60e24c-7b8c-44c0-834d-14acc4d05dbc success
INFO 07-21 11:15:49 server.py:175] Confirm GPU group 8 for meta-llama/Meta-Llama-3-8B_sllm-condense_0 replica df60e24c-7b8c-44c0-834d-14acc4d05dbc success
INFO 07-21 11:15:49 server.py:175] Confirm GPU group 9 for meta-llama/Meta-Llama-3-8B_sllm-condense_0 replica df60e24c-7b8c-44c0-834d-14acc4d05dbc success
INFO 07-21 11:15:49 server.py:175] Confirm GPU group 10 for meta-llama/Meta-Llama-3-8B_sllm-condense_0 replica df60e24c-7b8c-44c0-834d-14acc4d05dbc success
INFO 07-21 11:15:49 server.py:175] Confirm GPU group 11 for meta-llama/Meta-Llama-3-8B_sllm-condense_0 replica df60e24c-7b8c-44c0-834d-14acc4d05dbc success
INFO 07-21 11:15:50 server.py:175] Confirm GPU group 12 for meta-llama/Meta-Llama-3-8B_sllm-condense_0 replica df60e24c-7b8c-44c0-834d-14acc4d05dbc success
INFO 07-21 11:15:50 server.py:175] Confirm GPU group 13 for meta-llama/Meta-Llama-3-8B_sllm-condense_0 replica df60e24c-7b8c-44c0-834d-14acc4d05dbc success
INFO 07-21 11:15:52 server.py:175] Confirm GPU group 14 for meta-llama/Meta-Llama-3-8B_sllm-condense_0 replica df60e24c-7b8c-44c0-834d-14acc4d05dbc success
INFO 07-21 11:15:54 server.py:175] Confirm GPU group 15 for meta-llama/Meta-Llama-3-8B_sllm-condense_0 replica df60e24c-7b8c-44c0-834d-14acc4d05dbc success
INFO 07-21 11:15:55 server.py:175] Confirm GPU group 16 for meta-llama/Meta-Llama-3-8B_sllm-condense_0 replica df60e24c-7b8c-44c0-834d-14acc4d05dbc success
INFO 07-21 11:15:56 server.py:175] Confirm GPU group 17 for meta-llama/Meta-Llama-3-8B_sllm-condense_0 replica df60e24c-7b8c-44c0-834d-14acc4d05dbc success
INFO 07-21 11:15:56 server.py:175] Confirm GPU group 18 for meta-llama/Meta-Llama-3-8B_sllm-condense_0 replica df60e24c-7b8c-44c0-834d-14acc4d05dbc success
INFO 07-21 11:15:56 server.py:175] Confirm GPU group 19 for meta-llama/Meta-Llama-3-8B_sllm-condense_0 replica df60e24c-7b8c-44c0-834d-14acc4d05dbc success
INFO 07-21 11:15:56 server.py:175] Confirm GPU group 20 for meta-llama/Meta-Llama-3-8B_sllm-condense_0 replica df60e24c-7b8c-44c0-834d-14acc4d05dbc success
INFO 07-21 11:15:57 server.py:175] Confirm GPU group 21 for meta-llama/Meta-Llama-3-8B_sllm-condense_0 replica df60e24c-7b8c-44c0-834d-14acc4d05dbc success
INFO 07-21 11:15:57 server.py:175] Confirm GPU group 22 for meta-llama/Meta-Llama-3-8B_sllm-condense_0 replica df60e24c-7b8c-44c0-834d-14acc4d05dbc success
INFO 07-21 11:15:59 server.py:175] Confirm GPU group 23 for meta-llama/Meta-Llama-3-8B_sllm-condense_0 replica df60e24c-7b8c-44c0-834d-14acc4d05dbc success
INFO 07-21 11:16:01 server.py:175] Confirm GPU group 24 for meta-llama/Meta-Llama-3-8B_sllm-condense_0 replica df60e24c-7b8c-44c0-834d-14acc4d05dbc success
INFO 07-21 11:16:02 server.py:175] Confirm GPU group 25 for meta-llama/Meta-Llama-3-8B_sllm-condense_0 replica df60e24c-7b8c-44c0-834d-14acc4d05dbc success
INFO 07-21 11:16:02 server.py:175] Confirm GPU group 26 for meta-llama/Meta-Llama-3-8B_sllm-condense_0 replica df60e24c-7b8c-44c0-834d-14acc4d05dbc success
INFO 07-21 11:16:02 server.py:175] Confirm GPU group 27 for meta-llama/Meta-Llama-3-8B_sllm-condense_0 replica df60e24c-7b8c-44c0-834d-14acc4d05dbc success
INFO 07-21 11:16:03 server.py:175] Confirm GPU group 28 for meta-llama/Meta-Llama-3-8B_sllm-condense_0 replica df60e24c-7b8c-44c0-834d-14acc4d05dbc success
INFO 07-21 11:16:03 server.py:175] Confirm GPU group 29 for meta-llama/Meta-Llama-3-8B_sllm-condense_0 replica df60e24c-7b8c-44c0-834d-14acc4d05dbc success
INFO 07-21 11:16:03 server.py:175] Confirm GPU group 30 for meta-llama/Meta-Llama-3-8B_sllm-condense_0 replica df60e24c-7b8c-44c0-834d-14acc4d05dbc success
INFO 07-21 11:16:03 server.py:175] Confirm GPU group 31 for meta-llama/Meta-Llama-3-8B_sllm-condense_0 replica df60e24c-7b8c-44c0-834d-14acc4d05dbc success
INFO 07-21 11:16:06 server.py:175] Confirm GPU group 32 for meta-llama/Meta-Llama-3-8B_sllm-condense_0 replica df60e24c-7b8c-44c0-834d-14acc4d05dbc success
INFO 07-21 11:16:07 server.py:175] Confirm GPU group 33 for meta-llama/Meta-Llama-3-8B_sllm-condense_0 replica df60e24c-7b8c-44c0-834d-14acc4d05dbc success
INFO 07-21 11:16:09 server.py:175] Confirm GPU group 34 for meta-llama/Meta-Llama-3-8B_sllm-condense_0 replica df60e24c-7b8c-44c0-834d-14acc4d05dbc success
INFO 07-21 11:16:09 server.py:175] Confirm GPU group 35 for meta-llama/Meta-Llama-3-8B_sllm-condense_0 replica df60e24c-7b8c-44c0-834d-14acc4d05dbc success
INFO 07-21 11:16:09 server.py:175] Confirm GPU group 36 for meta-llama/Meta-Llama-3-8B_sllm-condense_0 replica df60e24c-7b8c-44c0-834d-14acc4d05dbc success
INFO 07-21 11:16:10 server.py:175] Confirm GPU group 37 for meta-llama/Meta-Llama-3-8B_sllm-condense_0 replica df60e24c-7b8c-44c0-834d-14acc4d05dbc success
INFO 07-21 11:16:10 server.py:175] Confirm GPU group 38 for meta-llama/Meta-Llama-3-8B_sllm-condense_0 replica df60e24c-7b8c-44c0-834d-14acc4d05dbc success
INFO 07-21 11:16:10 server.py:175] Confirm GPU group 39 for meta-llama/Meta-Llama-3-8B_sllm-condense_0 replica df60e24c-7b8c-44c0-834d-14acc4d05dbc success
INFO 07-21 11:16:10 server.py:175] Confirm GPU group 40 for meta-llama/Meta-Llama-3-8B_sllm-condense_0 replica df60e24c-7b8c-44c0-834d-14acc4d05dbc success
INFO 07-21 11:16:13 server.py:175] Confirm GPU group 41 for meta-llama/Meta-Llama-3-8B_sllm-condense_0 replica df60e24c-7b8c-44c0-834d-14acc4d05dbc success
INFO 07-21 11:16:14 server.py:175] Confirm GPU group 42 for meta-llama/Meta-Llama-3-8B_sllm-condense_0 replica df60e24c-7b8c-44c0-834d-14acc4d05dbc success
INFO 07-21 11:16:16 server.py:175] Confirm GPU group 43 for meta-llama/Meta-Llama-3-8B_sllm-condense_0 replica df60e24c-7b8c-44c0-834d-14acc4d05dbc success
INFO 07-21 11:16:16 server.py:175] Confirm GPU group 44 for meta-llama/Meta-Llama-3-8B_sllm-condense_0 replica df60e24c-7b8c-44c0-834d-14acc4d05dbc success
INFO 07-21 11:16:16 server.py:175] Confirm GPU group 45 for meta-llama/Meta-Llama-3-8B_sllm-condense_0 replica df60e24c-7b8c-44c0-834d-14acc4d05dbc success
INFO 07-21 11:16:17 server.py:175] Confirm GPU group 46 for meta-llama/Meta-Llama-3-8B_sllm-condense_0 replica df60e24c-7b8c-44c0-834d-14acc4d05dbc success
INFO 07-21 11:16:17 server.py:175] Confirm GPU group 47 for meta-llama/Meta-Llama-3-8B_sllm-condense_0 replica df60e24c-7b8c-44c0-834d-14acc4d05dbc success
INFO 07-21 11:16:17 server.py:175] Confirm GPU group 48 for meta-llama/Meta-Llama-3-8B_sllm-condense_0 replica df60e24c-7b8c-44c0-834d-14acc4d05dbc success
INFO 07-21 11:16:17 server.py:175] Confirm GPU group 49 for meta-llama/Meta-Llama-3-8B_sllm-condense_0 replica df60e24c-7b8c-44c0-834d-14acc4d05dbc success
INFO 07-21 11:16:19 server.py:175] Confirm GPU group 50 for meta-llama/Meta-Llama-3-8B_sllm-condense_0 replica df60e24c-7b8c-44c0-834d-14acc4d05dbc success
INFO 07-21 11:16:21 server.py:175] Confirm GPU group 51 for meta-llama/Meta-Llama-3-8B_sllm-condense_0 replica df60e24c-7b8c-44c0-834d-14acc4d05dbc success
INFO 07-21 11:16:22 server.py:175] Confirm GPU group 52 for meta-llama/Meta-Llama-3-8B_sllm-condense_0 replica df60e24c-7b8c-44c0-834d-14acc4d05dbc success
INFO 07-21 11:16:23 server.py:175] Confirm GPU group 53 for meta-llama/Meta-Llama-3-8B_sllm-condense_0 replica df60e24c-7b8c-44c0-834d-14acc4d05dbc success
INFO 07-21 11:16:23 server.py:175] Confirm GPU group 54 for meta-llama/Meta-Llama-3-8B_sllm-condense_0 replica df60e24c-7b8c-44c0-834d-14acc4d05dbc success
INFO 07-21 11:16:23 server.py:175] Confirm GPU group 55 for meta-llama/Meta-Llama-3-8B_sllm-condense_0 replica df60e24c-7b8c-44c0-834d-14acc4d05dbc success
INFO 07-21 11:16:23 server.py:175] Confirm GPU group 56 for meta-llama/Meta-Llama-3-8B_sllm-condense_0 replica df60e24c-7b8c-44c0-834d-14acc4d05dbc success
INFO 07-21 11:16:24 server.py:175] Confirm GPU group 57 for meta-llama/Meta-Llama-3-8B_sllm-condense_0 replica df60e24c-7b8c-44c0-834d-14acc4d05dbc success
INFO 07-21 11:16:24 server.py:175] Confirm GPU group 58 for meta-llama/Meta-Llama-3-8B_sllm-condense_0 replica df60e24c-7b8c-44c0-834d-14acc4d05dbc success
INFO 07-21 11:16:26 server.py:175] Confirm GPU group 59 for meta-llama/Meta-Llama-3-8B_sllm-condense_0 replica df60e24c-7b8c-44c0-834d-14acc4d05dbc success
INFO 07-21 11:16:27 server.py:175] Confirm GPU group 60 for meta-llama/Meta-Llama-3-8B_sllm-condense_0 replica df60e24c-7b8c-44c0-834d-14acc4d05dbc success
I20260721 11:16:28.548169 2674038 model.cpp:250] Finished loading model meta-llama/Meta-Llama-3-8B_sllm-condense_0 from disk
I20260721 11:16:28.548360 2674066 model.cpp:354] Finished loading tensor from memory to device 0
INFO 07-21 11:16:28 server.py:175] Confirm GPU group 61 for meta-llama/Meta-Llama-3-8B_sllm-condense_0 replica df60e24c-7b8c-44c0-834d-14acc4d05dbc success
INFO 07-21 11:16:28 server.py:175] Confirm GPU group 62 for meta-llama/Meta-Llama-3-8B_sllm-condense_0 replica df60e24c-7b8c-44c0-834d-14acc4d05dbc success
INFO 07-21 11:16:28 server.py:175] Confirm GPU group 63 for meta-llama/Meta-Llama-3-8B_sllm-condense_0 replica df60e24c-7b8c-44c0-834d-14acc4d05dbc success
INFO 07-21 11:16:28 server.py:175] Confirm GPU group 64 for meta-llama/Meta-Llama-3-8B_sllm-condense_0 replica df60e24c-7b8c-44c0-834d-14acc4d05dbc success
INFO 07-21 11:16:28 server.py:175] Confirm GPU group 65 for meta-llama/Meta-Llama-3-8B_sllm-condense_0 replica df60e24c-7b8c-44c0-834d-14acc4d05dbc success
INFO 07-21 11:16:28 server.py:175] Confirm GPU group 66 for meta-llama/Meta-Llama-3-8B_sllm-condense_0 replica df60e24c-7b8c-44c0-834d-14acc4d05dbc success
INFO 07-21 11:16:28 server.py:175] Confirm GPU group 67 for meta-llama/Meta-Llama-3-8B_sllm-condense_0 replica df60e24c-7b8c-44c0-834d-14acc4d05dbc success
INFO 07-21 11:16:28 server.py:175] Confirm GPU group 68 for meta-llama/Meta-Llama-3-8B_sllm-condense_0 replica df60e24c-7b8c-44c0-834d-14acc4d05dbc success
INFO 07-21 11:16:28 server.py:175] Confirm GPU group 69 for meta-llama/Meta-Llama-3-8B_sllm-condense_0 replica df60e24c-7b8c-44c0-834d-14acc4d05dbc success
INFO 07-21 11:16:28 server.py:175] Confirm GPU group 70 for meta-llama/Meta-Llama-3-8B_sllm-condense_0 replica df60e24c-7b8c-44c0-834d-14acc4d05dbc success
INFO 07-21 11:16:28 server.py:175] Confirm GPU group 71 for meta-llama/Meta-Llama-3-8B_sllm-condense_0 replica df60e24c-7b8c-44c0-834d-14acc4d05dbc success
INFO 07-21 11:16:28 server.py:175] Confirm GPU group 72 for meta-llama/Meta-Llama-3-8B_sllm-condense_0 replica df60e24c-7b8c-44c0-834d-14acc4d05dbc success
INFO 07-21 11:16:28 server.py:175] Confirm GPU group 73 for meta-llama/Meta-Llama-3-8B_sllm-condense_0 replica df60e24c-7b8c-44c0-834d-14acc4d05dbc success
INFO 07-21 11:16:28 server.py:175] Confirm GPU group 74 for meta-llama/Meta-Llama-3-8B_sllm-condense_0 replica df60e24c-7b8c-44c0-834d-14acc4d05dbc success
INFO 07-21 11:16:28 server.py:175] Confirm GPU group 75 for meta-llama/Meta-Llama-3-8B_sllm-condense_0 replica df60e24c-7b8c-44c0-834d-14acc4d05dbc success
INFO 07-21 11:16:28 server.py:175] Confirm GPU group 76 for meta-llama/Meta-Llama-3-8B_sllm-condense_0 replica df60e24c-7b8c-44c0-834d-14acc4d05dbc success
INFO 07-21 11:16:28 server.py:175] Confirm GPU group 77 for meta-llama/Meta-Llama-3-8B_sllm-condense_0 replica df60e24c-7b8c-44c0-834d-14acc4d05dbc success
INFO 07-21 11:16:29 server.py:175] Confirm GPU group 78 for meta-llama/Meta-Llama-3-8B_sllm-condense_0 replica df60e24c-7b8c-44c0-834d-14acc4d05dbc success
INFO 07-21 11:16:29 server.py:175] Confirm GPU group 79 for meta-llama/Meta-Llama-3-8B_sllm-condense_0 replica df60e24c-7b8c-44c0-834d-14acc4d05dbc success
INFO 07-21 11:16:29 server.py:175] Confirm GPU group 80 for meta-llama/Meta-Llama-3-8B_sllm-condense_0 replica df60e24c-7b8c-44c0-834d-14acc4d05dbc success
INFO 07-21 11:16:29 server.py:175] Confirm GPU group 81 for meta-llama/Meta-Llama-3-8B_sllm-condense_0 replica df60e24c-7b8c-44c0-834d-14acc4d05dbc success
INFO 07-21 11:16:29 server.py:175] Confirm GPU group 82 for meta-llama/Meta-Llama-3-8B_sllm-condense_0 replica df60e24c-7b8c-44c0-834d-14acc4d05dbc success
INFO 07-21 11:16:29 server.py:175] Confirm GPU group 83 for meta-llama/Meta-Llama-3-8B_sllm-condense_0 replica df60e24c-7b8c-44c0-834d-14acc4d05dbc success
INFO 07-21 11:16:29 server.py:175] Confirm GPU group 84 for meta-llama/Meta-Llama-3-8B_sllm-condense_0 replica df60e24c-7b8c-44c0-834d-14acc4d05dbc success
INFO 07-21 11:16:29 server.py:175] Confirm GPU group 85 for meta-llama/Meta-Llama-3-8B_sllm-condense_0 replica df60e24c-7b8c-44c0-834d-14acc4d05dbc success
INFO 07-21 11:16:29 server.py:175] Confirm GPU group 86 for meta-llama/Meta-Llama-3-8B_sllm-condense_0 replica df60e24c-7b8c-44c0-834d-14acc4d05dbc success
INFO 07-21 11:16:29 server.py:175] Confirm GPU group 87 for meta-llama/Meta-Llama-3-8B_sllm-condense_0 replica df60e24c-7b8c-44c0-834d-14acc4d05dbc success
INFO 07-21 11:16:29 server.py:175] Confirm GPU group 88 for meta-llama/Meta-Llama-3-8B_sllm-condense_0 replica df60e24c-7b8c-44c0-834d-14acc4d05dbc success
INFO 07-21 11:16:29 server.py:175] Confirm GPU group 89 for meta-llama/Meta-Llama-3-8B_sllm-condense_0 replica df60e24c-7b8c-44c0-834d-14acc4d05dbc success
INFO 07-21 11:16:29 server.py:175] Confirm GPU group 90 for meta-llama/Meta-Llama-3-8B_sllm-condense_0 replica df60e24c-7b8c-44c0-834d-14acc4d05dbc success
INFO 07-21 11:16:29 server.py:175] Confirm GPU group 91 for meta-llama/Meta-Llama-3-8B_sllm-condense_0 replica df60e24c-7b8c-44c0-834d-14acc4d05dbc success
INFO 07-21 11:16:29 server.py:175] Confirm GPU group 92 for meta-llama/Meta-Llama-3-8B_sllm-condense_0 replica df60e24c-7b8c-44c0-834d-14acc4d05dbc success
INFO 07-21 11:16:29 server.py:175] Confirm GPU group 93 for meta-llama/Meta-Llama-3-8B_sllm-condense_0 replica df60e24c-7b8c-44c0-834d-14acc4d05dbc success
INFO 07-21 11:16:29 server.py:175] Confirm GPU group 94 for meta-llama/Meta-Llama-3-8B_sllm-condense_0 replica df60e24c-7b8c-44c0-834d-14acc4d05dbc success
INFO 07-21 11:16:29 server.py:175] Confirm GPU group 95 for meta-llama/Meta-Llama-3-8B_sllm-condense_0 replica df60e24c-7b8c-44c0-834d-14acc4d05dbc success
INFO 07-21 11:16:29 server.py:175] Confirm GPU group 96 for meta-llama/Meta-Llama-3-8B_sllm-condense_0 replica df60e24c-7b8c-44c0-834d-14acc4d05dbc success
INFO 07-21 11:16:29 server.py:175] Confirm GPU group 97 for meta-llama/Meta-Llama-3-8B_sllm-condense_0 replica df60e24c-7b8c-44c0-834d-14acc4d05dbc success
INFO 07-21 11:16:29 server.py:175] Confirm GPU group 98 for meta-llama/Meta-Llama-3-8B_sllm-condense_0 replica df60e24c-7b8c-44c0-834d-14acc4d05dbc success
INFO 07-21 11:16:29 server.py:175] Confirm GPU group 99 for meta-llama/Meta-Llama-3-8B_sllm-condense_0 replica df60e24c-7b8c-44c0-834d-14acc4d05dbc success
INFO 07-21 11:16:29 server.py:175] Confirm GPU group 100 for meta-llama/Meta-Llama-3-8B_sllm-condense_0 replica df60e24c-7b8c-44c0-834d-14acc4d05dbc success
INFO 07-21 11:16:29 server.py:175] Confirm GPU group 101 for meta-llama/Meta-Llama-3-8B_sllm-condense_0 replica df60e24c-7b8c-44c0-834d-14acc4d05dbc success
INFO 07-21 11:16:29 server.py:175] Confirm GPU group 102 for meta-llama/Meta-Llama-3-8B_sllm-condense_0 replica df60e24c-7b8c-44c0-834d-14acc4d05dbc success
INFO 07-21 11:16:29 server.py:175] Confirm GPU group 103 for meta-llama/Meta-Llama-3-8B_sllm-condense_0 replica df60e24c-7b8c-44c0-834d-14acc4d05dbc success
INFO 07-21 11:16:29 server.py:175] Confirm GPU group 104 for meta-llama/Meta-Llama-3-8B_sllm-condense_0 replica df60e24c-7b8c-44c0-834d-14acc4d05dbc success
INFO 07-21 11:16:29 server.py:175] Confirm GPU group 105 for meta-llama/Meta-Llama-3-8B_sllm-condense_0 replica df60e24c-7b8c-44c0-834d-14acc4d05dbc success
INFO 07-21 11:16:29 server.py:175] Confirm GPU group 106 for meta-llama/Meta-Llama-3-8B_sllm-condense_0 replica df60e24c-7b8c-44c0-834d-14acc4d05dbc success
INFO 07-21 11:16:29 server.py:175] Confirm GPU group 107 for meta-llama/Meta-Llama-3-8B_sllm-condense_0 replica df60e24c-7b8c-44c0-834d-14acc4d05dbc success
INFO 07-21 11:16:29 server.py:175] Confirm GPU group 108 for meta-llama/Meta-Llama-3-8B_sllm-condense_0 replica df60e24c-7b8c-44c0-834d-14acc4d05dbc success
INFO 07-21 11:16:29 server.py:175] Confirm GPU group 109 for meta-llama/Meta-Llama-3-8B_sllm-condense_0 replica df60e24c-7b8c-44c0-834d-14acc4d05dbc success
INFO 07-21 11:16:29 server.py:175] Confirm GPU group 110 for meta-llama/Meta-Llama-3-8B_sllm-condense_0 replica df60e24c-7b8c-44c0-834d-14acc4d05dbc success
INFO 07-21 11:16:29 server.py:175] Confirm GPU group 111 for meta-llama/Meta-Llama-3-8B_sllm-condense_0 replica df60e24c-7b8c-44c0-834d-14acc4d05dbc success
INFO 07-21 11:16:29 server.py:175] Confirm GPU group 112 for meta-llama/Meta-Llama-3-8B_sllm-condense_0 replica df60e24c-7b8c-44c0-834d-14acc4d05dbc success
INFO 07-21 11:16:29 server.py:175] Confirm GPU group 113 for meta-llama/Meta-Llama-3-8B_sllm-condense_0 replica df60e24c-7b8c-44c0-834d-14acc4d05dbc success
INFO 07-21 11:16:30 server.py:175] Confirm GPU group 114 for meta-llama/Meta-Llama-3-8B_sllm-condense_0 replica df60e24c-7b8c-44c0-834d-14acc4d05dbc success
INFO 07-21 11:16:30 server.py:175] Confirm GPU group 115 for meta-llama/Meta-Llama-3-8B_sllm-condense_0 replica df60e24c-7b8c-44c0-834d-14acc4d05dbc success
INFO 07-21 11:16:30 server.py:175] Confirm GPU group 116 for meta-llama/Meta-Llama-3-8B_sllm-condense_0 replica df60e24c-7b8c-44c0-834d-14acc4d05dbc success
INFO 07-21 11:16:30 server.py:175] Confirm GPU group 117 for meta-llama/Meta-Llama-3-8B_sllm-condense_0 replica df60e24c-7b8c-44c0-834d-14acc4d05dbc success
INFO 07-21 11:16:30 server.py:175] Confirm GPU group 118 for meta-llama/Meta-Llama-3-8B_sllm-condense_0 replica df60e24c-7b8c-44c0-834d-14acc4d05dbc success
INFO 07-21 11:16:30 server.py:175] Confirm GPU group 119 for meta-llama/Meta-Llama-3-8B_sllm-condense_0 replica df60e24c-7b8c-44c0-834d-14acc4d05dbc success
INFO 07-21 11:16:30 server.py:175] Confirm GPU group 120 for meta-llama/Meta-Llama-3-8B_sllm-condense_0 replica df60e24c-7b8c-44c0-834d-14acc4d05dbc success
INFO 07-21 11:16:30 server.py:175] Confirm GPU group 121 for meta-llama/Meta-Llama-3-8B_sllm-condense_0 replica df60e24c-7b8c-44c0-834d-14acc4d05dbc success
INFO 07-21 11:16:30 server.py:175] Confirm GPU group 122 for meta-llama/Meta-Llama-3-8B_sllm-condense_0 replica df60e24c-7b8c-44c0-834d-14acc4d05dbc success
INFO 07-21 11:16:30 server.py:175] Confirm GPU group 123 for meta-llama/Meta-Llama-3-8B_sllm-condense_0 replica df60e24c-7b8c-44c0-834d-14acc4d05dbc success
INFO 07-21 11:16:30 server.py:175] Confirm GPU group 124 for meta-llama/Meta-Llama-3-8B_sllm-condense_0 replica df60e24c-7b8c-44c0-834d-14acc4d05dbc success
INFO 07-21 11:16:30 server.py:175] Confirm GPU group 125 for meta-llama/Meta-Llama-3-8B_sllm-condense_0 replica df60e24c-7b8c-44c0-834d-14acc4d05dbc success
INFO 07-21 11:16:30 server.py:175] Confirm GPU group 126 for meta-llama/Meta-Llama-3-8B_sllm-condense_0 replica df60e24c-7b8c-44c0-834d-14acc4d05dbc success
INFO 07-21 11:16:30 server.py:175] Confirm GPU group 127 for meta-llama/Meta-Llama-3-8B_sllm-condense_0 replica df60e24c-7b8c-44c0-834d-14acc4d05dbc success
INFO 07-21 11:16:30 server.py:175] Confirm GPU group 128 for meta-llama/Meta-Llama-3-8B_sllm-condense_0 replica df60e24c-7b8c-44c0-834d-14acc4d05dbc success
INFO 07-21 11:16:30 server.py:175] Confirm GPU group 129 for meta-llama/Meta-Llama-3-8B_sllm-condense_0 replica df60e24c-7b8c-44c0-834d-14acc4d05dbc success
INFO 07-21 11:16:30 server.py:175] Confirm GPU group 130 for meta-llama/Meta-Llama-3-8B_sllm-condense_0 replica df60e24c-7b8c-44c0-834d-14acc4d05dbc success
INFO 07-21 11:16:30 server.py:175] Confirm GPU group 131 for meta-llama/Meta-Llama-3-8B_sllm-condense_0 replica df60e24c-7b8c-44c0-834d-14acc4d05dbc success
INFO 07-21 11:16:30 server.py:175] Confirm GPU group 132 for meta-llama/Meta-Llama-3-8B_sllm-condense_0 replica df60e24c-7b8c-44c0-834d-14acc4d05dbc success
INFO 07-21 11:16:30 server.py:175] Confirm GPU group 133 for meta-llama/Meta-Llama-3-8B_sllm-condense_0 replica df60e24c-7b8c-44c0-834d-14acc4d05dbc success
INFO 07-21 11:16:30 server.py:175] Confirm GPU group 134 for meta-llama/Meta-Llama-3-8B_sllm-condense_0 replica df60e24c-7b8c-44c0-834d-14acc4d05dbc success
INFO 07-21 11:16:30 server.py:175] Confirm GPU group 135 for meta-llama/Meta-Llama-3-8B_sllm-condense_0 replica df60e24c-7b8c-44c0-834d-14acc4d05dbc success
INFO 07-21 11:16:30 server.py:175] Confirm GPU group 136 for meta-llama/Meta-Llama-3-8B_sllm-condense_0 replica df60e24c-7b8c-44c0-834d-14acc4d05dbc success
INFO 07-21 11:16:30 server.py:175] Confirm GPU group 137 for meta-llama/Meta-Llama-3-8B_sllm-condense_0 replica df60e24c-7b8c-44c0-834d-14acc4d05dbc success
INFO 07-21 11:16:30 server.py:175] Confirm GPU group 138 for meta-llama/Meta-Llama-3-8B_sllm-condense_0 replica df60e24c-7b8c-44c0-834d-14acc4d05dbc success
INFO 07-21 11:16:30 server.py:175] Confirm GPU group 139 for meta-llama/Meta-Llama-3-8B_sllm-condense_0 replica df60e24c-7b8c-44c0-834d-14acc4d05dbc success
INFO 07-21 11:16:30 server.py:175] Confirm GPU group 140 for meta-llama/Meta-Llama-3-8B_sllm-condense_0 replica df60e24c-7b8c-44c0-834d-14acc4d05dbc success
INFO 07-21 11:16:30 server.py:175] Confirm GPU group 141 for meta-llama/Meta-Llama-3-8B_sllm-condense_0 replica df60e24c-7b8c-44c0-834d-14acc4d05dbc success
INFO 07-21 11:16:30 server.py:175] Confirm GPU group 142 for meta-llama/Meta-Llama-3-8B_sllm-condense_0 replica df60e24c-7b8c-44c0-834d-14acc4d05dbc success
INFO 07-21 11:16:31 server.py:175] Confirm GPU group 143 for meta-llama/Meta-Llama-3-8B_sllm-condense_0 replica df60e24c-7b8c-44c0-834d-14acc4d05dbc success
INFO 07-21 11:16:31 server.py:175] Confirm GPU group 144 for meta-llama/Meta-Llama-3-8B_sllm-condense_0 replica df60e24c-7b8c-44c0-834d-14acc4d05dbc success
INFO 07-21 11:16:31 server.py:175] Confirm GPU group 145 for meta-llama/Meta-Llama-3-8B_sllm-condense_0 replica df60e24c-7b8c-44c0-834d-14acc4d05dbc success
INFO 07-21 11:16:31 server.py:175] Confirm GPU group 146 for meta-llama/Meta-Llama-3-8B_sllm-condense_0 replica df60e24c-7b8c-44c0-834d-14acc4d05dbc success
INFO 07-21 11:16:31 server.py:175] Confirm GPU group 147 for meta-llama/Meta-Llama-3-8B_sllm-condense_0 replica df60e24c-7b8c-44c0-834d-14acc4d05dbc success
INFO 07-21 11:16:31 server.py:175] Confirm GPU group 148 for meta-llama/Meta-Llama-3-8B_sllm-condense_0 replica df60e24c-7b8c-44c0-834d-14acc4d05dbc success
INFO 07-21 11:16:31 server.py:175] Confirm GPU group 149 for meta-llama/Meta-Llama-3-8B_sllm-condense_0 replica df60e24c-7b8c-44c0-834d-14acc4d05dbc success
INFO 07-21 11:16:31 server.py:175] Confirm GPU group 150 for meta-llama/Meta-Llama-3-8B_sllm-condense_0 replica df60e24c-7b8c-44c0-834d-14acc4d05dbc success
INFO 07-21 11:16:31 server.py:175] Confirm GPU group 151 for meta-llama/Meta-Llama-3-8B_sllm-condense_0 replica df60e24c-7b8c-44c0-834d-14acc4d05dbc success
INFO 07-21 11:16:31 server.py:175] Confirm GPU group 152 for meta-llama/Meta-Llama-3-8B_sllm-condense_0 replica df60e24c-7b8c-44c0-834d-14acc4d05dbc success
INFO 07-21 11:16:31 server.py:175] Confirm GPU group 153 for meta-llama/Meta-Llama-3-8B_sllm-condense_0 replica df60e24c-7b8c-44c0-834d-14acc4d05dbc success
INFO 07-21 11:16:31 server.py:175] Confirm GPU group 154 for meta-llama/Meta-Llama-3-8B_sllm-condense_0 replica df60e24c-7b8c-44c0-834d-14acc4d05dbc success
INFO 07-21 11:16:31 server.py:175] Confirm GPU group 155 for meta-llama/Meta-Llama-3-8B_sllm-condense_0 replica df60e24c-7b8c-44c0-834d-14acc4d05dbc success
INFO 07-21 11:16:31 server.py:175] Confirm GPU group 156 for meta-llama/Meta-Llama-3-8B_sllm-condense_0 replica df60e24c-7b8c-44c0-834d-14acc4d05dbc success
INFO 07-21 11:16:31 server.py:175] Confirm GPU group 157 for meta-llama/Meta-Llama-3-8B_sllm-condense_0 replica df60e24c-7b8c-44c0-834d-14acc4d05dbc success
INFO 07-21 11:16:31 server.py:175] Confirm GPU group 158 for meta-llama/Meta-Llama-3-8B_sllm-condense_0 replica df60e24c-7b8c-44c0-834d-14acc4d05dbc success
INFO 07-21 11:16:31 server.py:175] Confirm GPU group 159 for meta-llama/Meta-Llama-3-8B_sllm-condense_0 replica df60e24c-7b8c-44c0-834d-14acc4d05dbc success
INFO 07-21 11:16:31 server.py:175] Confirm GPU group 160 for meta-llama/Meta-Llama-3-8B_sllm-condense_0 replica df60e24c-7b8c-44c0-834d-14acc4d05dbc success
INFO 07-21 11:16:31 server.py:175] Confirm GPU group 161 for meta-llama/Meta-Llama-3-8B_sllm-condense_0 replica df60e24c-7b8c-44c0-834d-14acc4d05dbc success
INFO 07-21 11:16:31 server.py:175] Confirm GPU group 162 for meta-llama/Meta-Llama-3-8B_sllm-condense_0 replica df60e24c-7b8c-44c0-834d-14acc4d05dbc success
INFO 07-21 11:16:31 server.py:175] Confirm GPU group 163 for meta-llama/Meta-Llama-3-8B_sllm-condense_0 replica df60e24c-7b8c-44c0-834d-14acc4d05dbc success
INFO 07-21 11:16:31 server.py:175] Confirm GPU group 164 for meta-llama/Meta-Llama-3-8B_sllm-condense_0 replica df60e24c-7b8c-44c0-834d-14acc4d05dbc success
INFO 07-21 11:16:31 server.py:175] Confirm GPU group 165 for meta-llama/Meta-Llama-3-8B_sllm-condense_0 replica df60e24c-7b8c-44c0-834d-14acc4d05dbc success
INFO 07-21 11:16:31 server.py:175] Confirm GPU group 166 for meta-llama/Meta-Llama-3-8B_sllm-condense_0 replica df60e24c-7b8c-44c0-834d-14acc4d05dbc success
INFO 07-21 11:16:31 server.py:175] Confirm GPU group 167 for meta-llama/Meta-Llama-3-8B_sllm-condense_0 replica df60e24c-7b8c-44c0-834d-14acc4d05dbc success
INFO 07-21 11:16:31 server.py:175] Confirm GPU group 168 for meta-llama/Meta-Llama-3-8B_sllm-condense_0 replica df60e24c-7b8c-44c0-834d-14acc4d05dbc success
INFO 07-21 11:16:31 server.py:175] Confirm GPU group 169 for meta-llama/Meta-Llama-3-8B_sllm-condense_0 replica df60e24c-7b8c-44c0-834d-14acc4d05dbc success
INFO 07-21 11:16:31 server.py:175] Confirm GPU group 170 for meta-llama/Meta-Llama-3-8B_sllm-condense_0 replica df60e24c-7b8c-44c0-834d-14acc4d05dbc success
INFO 07-21 11:16:31 server.py:175] Confirm GPU group 171 for meta-llama/Meta-Llama-3-8B_sllm-condense_0 replica df60e24c-7b8c-44c0-834d-14acc4d05dbc success
INFO 07-21 11:16:31 server.py:175] Confirm GPU group 172 for meta-llama/Meta-Llama-3-8B_sllm-condense_0 replica df60e24c-7b8c-44c0-834d-14acc4d05dbc success
INFO 07-21 11:16:31 server.py:175] Confirm GPU group 173 for meta-llama/Meta-Llama-3-8B_sllm-condense_0 replica df60e24c-7b8c-44c0-834d-14acc4d05dbc success
INFO 07-21 11:16:31 server.py:175] Confirm GPU group 174 for meta-llama/Meta-Llama-3-8B_sllm-condense_0 replica df60e24c-7b8c-44c0-834d-14acc4d05dbc success
INFO 07-21 11:16:31 server.py:175] Confirm GPU group 175 for meta-llama/Meta-Llama-3-8B_sllm-condense_0 replica df60e24c-7b8c-44c0-834d-14acc4d05dbc success
INFO 07-21 11:16:31 server.py:175] Confirm GPU group 176 for meta-llama/Meta-Llama-3-8B_sllm-condense_0 replica df60e24c-7b8c-44c0-834d-14acc4d05dbc success
INFO 07-21 11:16:31 server.py:175] Confirm GPU group 177 for meta-llama/Meta-Llama-3-8B_sllm-condense_0 replica df60e24c-7b8c-44c0-834d-14acc4d05dbc success
INFO 07-21 11:16:32 server.py:175] Confirm GPU group 178 for meta-llama/Meta-Llama-3-8B_sllm-condense_0 replica df60e24c-7b8c-44c0-834d-14acc4d05dbc success
INFO 07-21 11:16:32 server.py:175] Confirm GPU group 179 for meta-llama/Meta-Llama-3-8B_sllm-condense_0 replica df60e24c-7b8c-44c0-834d-14acc4d05dbc success
INFO 07-21 11:16:32 server.py:175] Confirm GPU group 180 for meta-llama/Meta-Llama-3-8B_sllm-condense_0 replica df60e24c-7b8c-44c0-834d-14acc4d05dbc success
INFO 07-21 11:16:32 server.py:175] Confirm GPU group 181 for meta-llama/Meta-Llama-3-8B_sllm-condense_0 replica df60e24c-7b8c-44c0-834d-14acc4d05dbc success
INFO 07-21 11:16:32 server.py:175] Confirm GPU group 182 for meta-llama/Meta-Llama-3-8B_sllm-condense_0 replica df60e24c-7b8c-44c0-834d-14acc4d05dbc success
INFO 07-21 11:16:32 server.py:175] Confirm GPU group 183 for meta-llama/Meta-Llama-3-8B_sllm-condense_0 replica df60e24c-7b8c-44c0-834d-14acc4d05dbc success
INFO 07-21 11:16:32 server.py:175] Confirm GPU group 184 for meta-llama/Meta-Llama-3-8B_sllm-condense_0 replica df60e24c-7b8c-44c0-834d-14acc4d05dbc success
INFO 07-21 11:16:32 server.py:175] Confirm GPU group 185 for meta-llama/Meta-Llama-3-8B_sllm-condense_0 replica df60e24c-7b8c-44c0-834d-14acc4d05dbc success
INFO 07-21 11:16:32 server.py:175] Confirm GPU group 186 for meta-llama/Meta-Llama-3-8B_sllm-condense_0 replica df60e24c-7b8c-44c0-834d-14acc4d05dbc success
INFO 07-21 11:16:32 server.py:175] Confirm GPU group 187 for meta-llama/Meta-Llama-3-8B_sllm-condense_0 replica df60e24c-7b8c-44c0-834d-14acc4d05dbc success
INFO 07-21 11:16:32 server.py:175] Confirm GPU group 188 for meta-llama/Meta-Llama-3-8B_sllm-condense_0 replica df60e24c-7b8c-44c0-834d-14acc4d05dbc success
INFO 07-21 11:16:32 server.py:175] Confirm GPU group 189 for meta-llama/Meta-Llama-3-8B_sllm-condense_0 replica df60e24c-7b8c-44c0-834d-14acc4d05dbc success
INFO 07-21 11:16:32 server.py:175] Confirm GPU group 190 for meta-llama/Meta-Llama-3-8B_sllm-condense_0 replica df60e24c-7b8c-44c0-834d-14acc4d05dbc success
INFO 07-21 11:16:32 server.py:175] Confirm GPU group 191 for meta-llama/Meta-Llama-3-8B_sllm-condense_0 replica df60e24c-7b8c-44c0-834d-14acc4d05dbc success
INFO 07-21 11:16:32 server.py:175] Confirm GPU group 192 for meta-llama/Meta-Llama-3-8B_sllm-condense_0 replica df60e24c-7b8c-44c0-834d-14acc4d05dbc success
INFO 07-21 11:16:32 server.py:175] Confirm GPU group 193 for meta-llama/Meta-Llama-3-8B_sllm-condense_0 replica df60e24c-7b8c-44c0-834d-14acc4d05dbc success
INFO 07-21 11:16:32 server.py:175] Confirm GPU group 194 for meta-llama/Meta-Llama-3-8B_sllm-condense_0 replica df60e24c-7b8c-44c0-834d-14acc4d05dbc success
INFO 07-21 11:16:32 server.py:175] Confirm GPU group 195 for meta-llama/Meta-Llama-3-8B_sllm-condense_0 replica df60e24c-7b8c-44c0-834d-14acc4d05dbc success
INFO 07-21 11:16:32 server.py:175] Confirm GPU group 196 for meta-llama/Meta-Llama-3-8B_sllm-condense_0 replica df60e24c-7b8c-44c0-834d-14acc4d05dbc success
INFO 07-21 11:16:32 server.py:175] Confirm GPU group 197 for meta-llama/Meta-Llama-3-8B_sllm-condense_0 replica df60e24c-7b8c-44c0-834d-14acc4d05dbc success
INFO 07-21 11:16:32 server.py:175] Confirm GPU group 198 for meta-llama/Meta-Llama-3-8B_sllm-condense_0 replica df60e24c-7b8c-44c0-834d-14acc4d05dbc success
INFO 07-21 11:16:32 server.py:175] Confirm GPU group 199 for meta-llama/Meta-Llama-3-8B_sllm-condense_0 replica df60e24c-7b8c-44c0-834d-14acc4d05dbc success
INFO 07-21 11:16:32 server.py:175] Confirm GPU group 200 for meta-llama/Meta-Llama-3-8B_sllm-condense_0 replica df60e24c-7b8c-44c0-834d-14acc4d05dbc success
INFO 07-21 11:16:32 server.py:175] Confirm GPU group 201 for meta-llama/Meta-Llama-3-8B_sllm-condense_0 replica df60e24c-7b8c-44c0-834d-14acc4d05dbc success
INFO 07-21 11:16:32 server.py:175] Confirm GPU group 202 for meta-llama/Meta-Llama-3-8B_sllm-condense_0 replica df60e24c-7b8c-44c0-834d-14acc4d05dbc success
INFO 07-21 11:16:32 server.py:175] Confirm GPU group 203 for meta-llama/Meta-Llama-3-8B_sllm-condense_0 replica df60e24c-7b8c-44c0-834d-14acc4d05dbc success
INFO 07-21 11:16:32 server.py:175] Confirm GPU group 204 for meta-llama/Meta-Llama-3-8B_sllm-condense_0 replica df60e24c-7b8c-44c0-834d-14acc4d05dbc success
INFO 07-21 11:16:32 server.py:175] Confirm GPU group 205 for meta-llama/Meta-Llama-3-8B_sllm-condense_0 replica df60e24c-7b8c-44c0-834d-14acc4d05dbc success
INFO 07-21 11:16:32 server.py:175] Confirm GPU group 206 for meta-llama/Meta-Llama-3-8B_sllm-condense_0 replica df60e24c-7b8c-44c0-834d-14acc4d05dbc success
INFO 07-21 11:16:32 server.py:175] Confirm GPU group 207 for meta-llama/Meta-Llama-3-8B_sllm-condense_0 replica df60e24c-7b8c-44c0-834d-14acc4d05dbc success
INFO 07-21 11:16:32 server.py:175] Confirm GPU group 208 for meta-llama/Meta-Llama-3-8B_sllm-condense_0 replica df60e24c-7b8c-44c0-834d-14acc4d05dbc success
INFO 07-21 11:16:32 server.py:175] Confirm GPU group 209 for meta-llama/Meta-Llama-3-8B_sllm-condense_0 replica df60e24c-7b8c-44c0-834d-14acc4d05dbc success
INFO 07-21 11:16:32 server.py:175] Confirm GPU group 210 for meta-llama/Meta-Llama-3-8B_sllm-condense_0 replica df60e24c-7b8c-44c0-834d-14acc4d05dbc success
INFO 07-21 11:16:32 server.py:175] Confirm GPU group 211 for meta-llama/Meta-Llama-3-8B_sllm-condense_0 replica df60e24c-7b8c-44c0-834d-14acc4d05dbc success
INFO 07-21 11:16:32 server.py:175] Confirm GPU group 212 for meta-llama/Meta-Llama-3-8B_sllm-condense_0 replica df60e24c-7b8c-44c0-834d-14acc4d05dbc success
INFO 07-21 11:16:33 server.py:175] Confirm GPU group 213 for meta-llama/Meta-Llama-3-8B_sllm-condense_0 replica df60e24c-7b8c-44c0-834d-14acc4d05dbc success
INFO 07-21 11:16:33 server.py:175] Confirm GPU group 214 for meta-llama/Meta-Llama-3-8B_sllm-condense_0 replica df60e24c-7b8c-44c0-834d-14acc4d05dbc success
INFO 07-21 11:16:33 server.py:175] Confirm GPU group 215 for meta-llama/Meta-Llama-3-8B_sllm-condense_0 replica df60e24c-7b8c-44c0-834d-14acc4d05dbc success
INFO 07-21 11:16:33 server.py:175] Confirm GPU group 216 for meta-llama/Meta-Llama-3-8B_sllm-condense_0 replica df60e24c-7b8c-44c0-834d-14acc4d05dbc success
INFO 07-21 11:16:33 server.py:175] Confirm GPU group 217 for meta-llama/Meta-Llama-3-8B_sllm-condense_0 replica df60e24c-7b8c-44c0-834d-14acc4d05dbc success
INFO 07-21 11:16:33 server.py:175] Confirm GPU group 218 for meta-llama/Meta-Llama-3-8B_sllm-condense_0 replica df60e24c-7b8c-44c0-834d-14acc4d05dbc success
INFO 07-21 11:16:33 server.py:175] Confirm GPU group 219 for meta-llama/Meta-Llama-3-8B_sllm-condense_0 replica df60e24c-7b8c-44c0-834d-14acc4d05dbc success
INFO 07-21 11:16:33 server.py:175] Confirm GPU group 220 for meta-llama/Meta-Llama-3-8B_sllm-condense_0 replica df60e24c-7b8c-44c0-834d-14acc4d05dbc success
INFO 07-21 11:16:33 server.py:175] Confirm GPU group 221 for meta-llama/Meta-Llama-3-8B_sllm-condense_0 replica df60e24c-7b8c-44c0-834d-14acc4d05dbc success
INFO 07-21 11:16:33 server.py:175] Confirm GPU group 222 for meta-llama/Meta-Llama-3-8B_sllm-condense_0 replica df60e24c-7b8c-44c0-834d-14acc4d05dbc success
INFO 07-21 11:16:33 server.py:175] Confirm GPU group 223 for meta-llama/Meta-Llama-3-8B_sllm-condense_0 replica df60e24c-7b8c-44c0-834d-14acc4d05dbc success
INFO 07-21 11:16:33 server.py:175] Confirm GPU group 224 for meta-llama/Meta-Llama-3-8B_sllm-condense_0 replica df60e24c-7b8c-44c0-834d-14acc4d05dbc success
INFO 07-21 11:16:33 server.py:175] Confirm GPU group 225 for meta-llama/Meta-Llama-3-8B_sllm-condense_0 replica df60e24c-7b8c-44c0-834d-14acc4d05dbc success
INFO 07-21 11:16:33 server.py:175] Confirm GPU group 226 for meta-llama/Meta-Llama-3-8B_sllm-condense_0 replica df60e24c-7b8c-44c0-834d-14acc4d05dbc success
INFO 07-21 11:16:33 server.py:175] Confirm GPU group 227 for meta-llama/Meta-Llama-3-8B_sllm-condense_0 replica df60e24c-7b8c-44c0-834d-14acc4d05dbc success
INFO 07-21 11:16:33 server.py:175] Confirm GPU group 228 for meta-llama/Meta-Llama-3-8B_sllm-condense_0 replica df60e24c-7b8c-44c0-834d-14acc4d05dbc success
INFO 07-21 11:16:33 server.py:175] Confirm GPU group 229 for meta-llama/Meta-Llama-3-8B_sllm-condense_0 replica df60e24c-7b8c-44c0-834d-14acc4d05dbc success
INFO 07-21 11:16:33 server.py:175] Confirm GPU group 230 for meta-llama/Meta-Llama-3-8B_sllm-condense_0 replica df60e24c-7b8c-44c0-834d-14acc4d05dbc success
INFO 07-21 11:16:33 server.py:175] Confirm GPU group 231 for meta-llama/Meta-Llama-3-8B_sllm-condense_0 replica df60e24c-7b8c-44c0-834d-14acc4d05dbc success
INFO 07-21 11:16:33 server.py:175] Confirm GPU group 232 for meta-llama/Meta-Llama-3-8B_sllm-condense_0 replica df60e24c-7b8c-44c0-834d-14acc4d05dbc success
INFO 07-21 11:16:33 server.py:175] Confirm GPU group 233 for meta-llama/Meta-Llama-3-8B_sllm-condense_0 replica df60e24c-7b8c-44c0-834d-14acc4d05dbc success
INFO 07-21 11:16:33 server.py:175] Confirm GPU group 234 for meta-llama/Meta-Llama-3-8B_sllm-condense_0 replica df60e24c-7b8c-44c0-834d-14acc4d05dbc success
INFO 07-21 11:16:33 server.py:175] Confirm GPU group 235 for meta-llama/Meta-Llama-3-8B_sllm-condense_0 replica df60e24c-7b8c-44c0-834d-14acc4d05dbc success
INFO 07-21 11:16:33 server.py:175] Confirm GPU group 236 for meta-llama/Meta-Llama-3-8B_sllm-condense_0 replica df60e24c-7b8c-44c0-834d-14acc4d05dbc success
INFO 07-21 11:16:33 server.py:175] Confirm GPU group 237 for meta-llama/Meta-Llama-3-8B_sllm-condense_0 replica df60e24c-7b8c-44c0-834d-14acc4d05dbc success
INFO 07-21 11:16:33 server.py:175] Confirm GPU group 238 for meta-llama/Meta-Llama-3-8B_sllm-condense_0 replica df60e24c-7b8c-44c0-834d-14acc4d05dbc success
INFO 07-21 11:16:33 server.py:175] Confirm GPU group 239 for meta-llama/Meta-Llama-3-8B_sllm-condense_0 replica df60e24c-7b8c-44c0-834d-14acc4d05dbc success
INFO 07-21 11:16:33 server.py:175] Confirm GPU group 240 for meta-llama/Meta-Llama-3-8B_sllm-condense_0 replica df60e24c-7b8c-44c0-834d-14acc4d05dbc success
INFO 07-21 11:16:33 server.py:175] Confirm GPU group 241 for meta-llama/Meta-Llama-3-8B_sllm-condense_0 replica df60e24c-7b8c-44c0-834d-14acc4d05dbc success
INFO 07-21 11:16:34 server.py:175] Confirm GPU group 242 for meta-llama/Meta-Llama-3-8B_sllm-condense_0 replica df60e24c-7b8c-44c0-834d-14acc4d05dbc success
INFO 07-21 11:16:34 server.py:175] Confirm GPU group 243 for meta-llama/Meta-Llama-3-8B_sllm-condense_0 replica df60e24c-7b8c-44c0-834d-14acc4d05dbc success
INFO 07-21 11:16:34 server.py:175] Confirm GPU group 244 for meta-llama/Meta-Llama-3-8B_sllm-condense_0 replica df60e24c-7b8c-44c0-834d-14acc4d05dbc success
INFO 07-21 11:16:34 server.py:175] Confirm GPU group 245 for meta-llama/Meta-Llama-3-8B_sllm-condense_0 replica df60e24c-7b8c-44c0-834d-14acc4d05dbc success
INFO 07-21 11:16:34 server.py:175] Confirm GPU group 246 for meta-llama/Meta-Llama-3-8B_sllm-condense_0 replica df60e24c-7b8c-44c0-834d-14acc4d05dbc success
INFO 07-21 11:16:34 server.py:175] Confirm GPU group 247 for meta-llama/Meta-Llama-3-8B_sllm-condense_0 replica df60e24c-7b8c-44c0-834d-14acc4d05dbc success
INFO 07-21 11:16:34 server.py:175] Confirm GPU group 248 for meta-llama/Meta-Llama-3-8B_sllm-condense_0 replica df60e24c-7b8c-44c0-834d-14acc4d05dbc success
INFO 07-21 11:16:34 server.py:175] Confirm GPU group 249 for meta-llama/Meta-Llama-3-8B_sllm-condense_0 replica df60e24c-7b8c-44c0-834d-14acc4d05dbc success
INFO 07-21 11:16:34 server.py:175] Confirm GPU group 250 for meta-llama/Meta-Llama-3-8B_sllm-condense_0 replica df60e24c-7b8c-44c0-834d-14acc4d05dbc success
INFO 07-21 11:16:34 server.py:175] Confirm GPU group 251 for meta-llama/Meta-Llama-3-8B_sllm-condense_0 replica df60e24c-7b8c-44c0-834d-14acc4d05dbc success
INFO 07-21 11:16:34 server.py:175] Confirm GPU group 252 for meta-llama/Meta-Llama-3-8B_sllm-condense_0 replica df60e24c-7b8c-44c0-834d-14acc4d05dbc success
INFO 07-21 11:16:34 server.py:175] Confirm GPU group 253 for meta-llama/Meta-Llama-3-8B_sllm-condense_0 replica df60e24c-7b8c-44c0-834d-14acc4d05dbc success
INFO 07-21 11:16:34 server.py:175] Confirm GPU group 254 for meta-llama/Meta-Llama-3-8B_sllm-condense_0 replica df60e24c-7b8c-44c0-834d-14acc4d05dbc success
INFO 07-21 11:16:34 server.py:175] Confirm GPU group 255 for meta-llama/Meta-Llama-3-8B_sllm-condense_0 replica df60e24c-7b8c-44c0-834d-14acc4d05dbc success
INFO 07-21 11:16:34 server.py:175] Confirm GPU group 256 for meta-llama/Meta-Llama-3-8B_sllm-condense_0 replica df60e24c-7b8c-44c0-834d-14acc4d05dbc success
INFO 07-21 11:16:34 server.py:175] Confirm GPU group 257 for meta-llama/Meta-Llama-3-8B_sllm-condense_0 replica df60e24c-7b8c-44c0-834d-14acc4d05dbc success
INFO 07-21 11:16:34 server.py:175] Confirm GPU group 258 for meta-llama/Meta-Llama-3-8B_sllm-condense_0 replica df60e24c-7b8c-44c0-834d-14acc4d05dbc success
INFO 07-21 11:16:34 server.py:175] Confirm GPU group 259 for meta-llama/Meta-Llama-3-8B_sllm-condense_0 replica df60e24c-7b8c-44c0-834d-14acc4d05dbc success
INFO 07-21 11:16:34 server.py:175] Confirm GPU group 260 for meta-llama/Meta-Llama-3-8B_sllm-condense_0 replica df60e24c-7b8c-44c0-834d-14acc4d05dbc success
INFO 07-21 11:16:34 server.py:175] Confirm GPU group 261 for meta-llama/Meta-Llama-3-8B_sllm-condense_0 replica df60e24c-7b8c-44c0-834d-14acc4d05dbc success
INFO 07-21 11:16:34 server.py:175] Confirm GPU group 262 for meta-llama/Meta-Llama-3-8B_sllm-condense_0 replica df60e24c-7b8c-44c0-834d-14acc4d05dbc success
INFO 07-21 11:16:34 server.py:175] Confirm GPU group 263 for meta-llama/Meta-Llama-3-8B_sllm-condense_0 replica df60e24c-7b8c-44c0-834d-14acc4d05dbc success
INFO 07-21 11:16:34 server.py:175] Confirm GPU group 264 for meta-llama/Meta-Llama-3-8B_sllm-condense_0 replica df60e24c-7b8c-44c0-834d-14acc4d05dbc success
INFO 07-21 11:16:34 server.py:175] Confirm GPU group 265 for meta-llama/Meta-Llama-3-8B_sllm-condense_0 replica df60e24c-7b8c-44c0-834d-14acc4d05dbc success
INFO 07-21 11:16:34 server.py:175] Confirm GPU group 266 for meta-llama/Meta-Llama-3-8B_sllm-condense_0 replica df60e24c-7b8c-44c0-834d-14acc4d05dbc success
INFO 07-21 11:16:34 server.py:175] Confirm GPU group 267 for meta-llama/Meta-Llama-3-8B_sllm-condense_0 replica df60e24c-7b8c-44c0-834d-14acc4d05dbc success
INFO 07-21 11:16:34 server.py:175] Confirm GPU group 268 for meta-llama/Meta-Llama-3-8B_sllm-condense_0 replica df60e24c-7b8c-44c0-834d-14acc4d05dbc success
INFO 07-21 11:16:34 server.py:175] Confirm GPU group 269 for meta-llama/Meta-Llama-3-8B_sllm-condense_0 replica df60e24c-7b8c-44c0-834d-14acc4d05dbc success
INFO 07-21 11:16:34 server.py:175] Confirm GPU group 270 for meta-llama/Meta-Llama-3-8B_sllm-condense_0 replica df60e24c-7b8c-44c0-834d-14acc4d05dbc success
INFO 07-21 11:16:34 server.py:175] Confirm GPU group 271 for meta-llama/Meta-Llama-3-8B_sllm-condense_0 replica df60e24c-7b8c-44c0-834d-14acc4d05dbc success
INFO 07-21 11:16:34 server.py:175] Confirm GPU group 272 for meta-llama/Meta-Llama-3-8B_sllm-condense_0 replica df60e24c-7b8c-44c0-834d-14acc4d05dbc success
INFO 07-21 11:16:34 server.py:175] Confirm GPU group 273 for meta-llama/Meta-Llama-3-8B_sllm-condense_0 replica df60e24c-7b8c-44c0-834d-14acc4d05dbc success
INFO 07-21 11:16:34 server.py:175] Confirm GPU group 274 for meta-llama/Meta-Llama-3-8B_sllm-condense_0 replica df60e24c-7b8c-44c0-834d-14acc4d05dbc success
INFO 07-21 11:16:34 server.py:175] Confirm GPU group 275 for meta-llama/Meta-Llama-3-8B_sllm-condense_0 replica df60e24c-7b8c-44c0-834d-14acc4d05dbc success
INFO 07-21 11:16:34 server.py:175] Confirm GPU group 276 for meta-llama/Meta-Llama-3-8B_sllm-condense_0 replica df60e24c-7b8c-44c0-834d-14acc4d05dbc success
INFO 07-21 11:16:35 server.py:175] Confirm GPU group 277 for meta-llama/Meta-Llama-3-8B_sllm-condense_0 replica df60e24c-7b8c-44c0-834d-14acc4d05dbc success
INFO 07-21 11:16:35 server.py:175] Confirm GPU group 278 for meta-llama/Meta-Llama-3-8B_sllm-condense_0 replica df60e24c-7b8c-44c0-834d-14acc4d05dbc success
INFO 07-21 11:16:35 server.py:175] Confirm GPU group 279 for meta-llama/Meta-Llama-3-8B_sllm-condense_0 replica df60e24c-7b8c-44c0-834d-14acc4d05dbc success
INFO 07-21 11:16:35 server.py:175] Confirm GPU group 280 for meta-llama/Meta-Llama-3-8B_sllm-condense_0 replica df60e24c-7b8c-44c0-834d-14acc4d05dbc success
INFO 07-21 11:16:35 server.py:175] Confirm GPU group 281 for meta-llama/Meta-Llama-3-8B_sllm-condense_0 replica df60e24c-7b8c-44c0-834d-14acc4d05dbc success
INFO 07-21 11:16:35 server.py:175] Confirm GPU group 282 for meta-llama/Meta-Llama-3-8B_sllm-condense_0 replica df60e24c-7b8c-44c0-834d-14acc4d05dbc success
INFO 07-21 11:16:35 server.py:175] Confirm GPU group 283 for meta-llama/Meta-Llama-3-8B_sllm-condense_0 replica df60e24c-7b8c-44c0-834d-14acc4d05dbc success
INFO 07-21 11:16:35 server.py:175] Confirm GPU group 284 for meta-llama/Meta-Llama-3-8B_sllm-condense_0 replica df60e24c-7b8c-44c0-834d-14acc4d05dbc success
INFO 07-21 11:16:35 server.py:175] Confirm GPU group 285 for meta-llama/Meta-Llama-3-8B_sllm-condense_0 replica df60e24c-7b8c-44c0-834d-14acc4d05dbc success
INFO 07-21 11:16:35 server.py:175] Confirm GPU group 286 for meta-llama/Meta-Llama-3-8B_sllm-condense_0 replica df60e24c-7b8c-44c0-834d-14acc4d05dbc success
INFO 07-21 11:16:35 server.py:175] Confirm GPU group 287 for meta-llama/Meta-Llama-3-8B_sllm-condense_0 replica df60e24c-7b8c-44c0-834d-14acc4d05dbc success
INFO 07-21 11:16:35 server.py:175] Confirm GPU group 288 for meta-llama/Meta-Llama-3-8B_sllm-condense_0 replica df60e24c-7b8c-44c0-834d-14acc4d05dbc success
INFO 07-21 11:16:35 server.py:175] Confirm GPU group 289 for meta-llama/Meta-Llama-3-8B_sllm-condense_0 replica df60e24c-7b8c-44c0-834d-14acc4d05dbc success
INFO 07-21 11:16:35 server.py:175] Confirm GPU group 290 for meta-llama/Meta-Llama-3-8B_sllm-condense_0 replica df60e24c-7b8c-44c0-834d-14acc4d05dbc success
INFO 07-21 11:16:35 server.py:138] Confirm model meta-llama/Meta-Llama-3-8B_sllm-condense_0 replica df60e24c-7b8c-44c0-834d-14acc4d05dbc success
I20260721 11:16:38.262495 2669824 model.cpp:53] Tensor file "/mnt/data1/mechels/meta-llama/Meta-Llama-3-8B_sllm-condense_1/tensor.data_1" does not exist
I20260721 11:16:38.262575 2669824 checkpoint_store.cpp:106] Model meta-llama/Meta-Llama-3-8B_sllm-condense_1 is registered
I20260721 11:16:38.262835 2676867 pinned_memory_pool.cpp:78] PinnedMemoryPool Allocate 423 buffers free buffers 779 total buffers 2048
INFO 07-21 11:16:38 server.py:115] LoadModel: success meta-llama/Meta-Llama-3-8B_sllm-condense_1 with target 1
I20260721 11:16:38.263264 2676867 model.cpp:120] Loading model meta-llama/Meta-Llama-3-8B_sllm-condense_1 size 7080615848 to host
I20260721 11:16:38.263291 2676867 model.cpp:134] Loading model meta-llama/Meta-Llama-3-8B_sllm-condense_1 to host with 4 threads, 423 chunks, 16777216 chunk size, 106 chunks per thread
I20260721 11:16:38.263397 2676868 model.cpp:155] Thread 0 starting from partition 0 offset 0
I20260721 11:16:38.263459 2676869 model.cpp:155] Thread 1 starting from partition 0 offset 1778384896
I20260721 11:16:38.263517 2676870 model.cpp:155] Thread 2 starting from partition 0 offset 3556769792
I20260721 11:16:38.263559 2676871 model.cpp:155] Thread 3 starting from partition 0 offset 5335154688
I20260721 11:16:38.841053 2676910 checkpoint_store.cpp:209] Loading model meta-llama/Meta-Llama-3-8B_sllm-condense_1
INFO 07-21 11:16:38 server.py:115] LoadModel: success meta-llama/Meta-Llama-3-8B_sllm-condense_1 with target 2
I20260721 11:16:38.908430 2676910 model.cpp:269] Creating replica 9117a19c-d8c4-470b-a5bd-04d767c1b5fa
I20260721 11:16:38.908483 2676910 model.cpp:273] Creating queue for device 0
I20260721 11:16:38.908516 2676910 model.cpp:284] Created replica 9117a19c-d8c4-470b-a5bd-04d767c1b5fa
I20260721 11:16:38.908619 2676910 model.cpp:295] Dispatcher started for model meta-llama/Meta-Llama-3-8B_sllm-condense_1
I20260721 11:16:38.908686 2676910 model.cpp:361] Waiting for model meta-llama/Meta-Llama-3-8B_sllm-condense_1 num tasks 1 state 3
INFO 07-21 11:16:53 server.py:175] Confirm GPU group 0 for meta-llama/Meta-Llama-3-8B_sllm-condense_1 replica 9117a19c-d8c4-470b-a5bd-04d767c1b5fa success
INFO 07-21 11:16:53 server.py:175] Confirm GPU group 1 for meta-llama/Meta-Llama-3-8B_sllm-condense_1 replica 9117a19c-d8c4-470b-a5bd-04d767c1b5fa success
INFO 07-21 11:16:53 server.py:175] Confirm GPU group 2 for meta-llama/Meta-Llama-3-8B_sllm-condense_1 replica 9117a19c-d8c4-470b-a5bd-04d767c1b5fa success
INFO 07-21 11:16:53 server.py:175] Confirm GPU group 3 for meta-llama/Meta-Llama-3-8B_sllm-condense_1 replica 9117a19c-d8c4-470b-a5bd-04d767c1b5fa success
INFO 07-21 11:16:53 server.py:175] Confirm GPU group 4 for meta-llama/Meta-Llama-3-8B_sllm-condense_1 replica 9117a19c-d8c4-470b-a5bd-04d767c1b5fa success
INFO 07-21 11:16:56 server.py:175] Confirm GPU group 5 for meta-llama/Meta-Llama-3-8B_sllm-condense_1 replica 9117a19c-d8c4-470b-a5bd-04d767c1b5fa success
INFO 07-21 11:16:57 server.py:175] Confirm GPU group 6 for meta-llama/Meta-Llama-3-8B_sllm-condense_1 replica 9117a19c-d8c4-470b-a5bd-04d767c1b5fa success
INFO 07-21 11:16:59 server.py:175] Confirm GPU group 7 for meta-llama/Meta-Llama-3-8B_sllm-condense_1 replica 9117a19c-d8c4-470b-a5bd-04d767c1b5fa success
INFO 07-21 11:16:59 server.py:175] Confirm GPU group 8 for meta-llama/Meta-Llama-3-8B_sllm-condense_1 replica 9117a19c-d8c4-470b-a5bd-04d767c1b5fa success
INFO 07-21 11:16:59 server.py:175] Confirm GPU group 9 for meta-llama/Meta-Llama-3-8B_sllm-condense_1 replica 9117a19c-d8c4-470b-a5bd-04d767c1b5fa success
INFO 07-21 11:17:00 server.py:175] Confirm GPU group 10 for meta-llama/Meta-Llama-3-8B_sllm-condense_1 replica 9117a19c-d8c4-470b-a5bd-04d767c1b5fa success
INFO 07-21 11:17:00 server.py:175] Confirm GPU group 11 for meta-llama/Meta-Llama-3-8B_sllm-condense_1 replica 9117a19c-d8c4-470b-a5bd-04d767c1b5fa success
INFO 07-21 11:17:00 server.py:175] Confirm GPU group 12 for meta-llama/Meta-Llama-3-8B_sllm-condense_1 replica 9117a19c-d8c4-470b-a5bd-04d767c1b5fa success
INFO 07-21 11:17:01 server.py:175] Confirm GPU group 13 for meta-llama/Meta-Llama-3-8B_sllm-condense_1 replica 9117a19c-d8c4-470b-a5bd-04d767c1b5fa success
INFO 07-21 11:17:03 server.py:175] Confirm GPU group 14 for meta-llama/Meta-Llama-3-8B_sllm-condense_1 replica 9117a19c-d8c4-470b-a5bd-04d767c1b5fa success
INFO 07-21 11:17:04 server.py:175] Confirm GPU group 15 for meta-llama/Meta-Llama-3-8B_sllm-condense_1 replica 9117a19c-d8c4-470b-a5bd-04d767c1b5fa success
INFO 07-21 11:17:06 server.py:175] Confirm GPU group 16 for meta-llama/Meta-Llama-3-8B_sllm-condense_1 replica 9117a19c-d8c4-470b-a5bd-04d767c1b5fa success
INFO 07-21 11:17:06 server.py:175] Confirm GPU group 17 for meta-llama/Meta-Llama-3-8B_sllm-condense_1 replica 9117a19c-d8c4-470b-a5bd-04d767c1b5fa success
INFO 07-21 11:17:06 server.py:175] Confirm GPU group 18 for meta-llama/Meta-Llama-3-8B_sllm-condense_1 replica 9117a19c-d8c4-470b-a5bd-04d767c1b5fa success
INFO 07-21 11:17:07 server.py:175] Confirm GPU group 19 for meta-llama/Meta-Llama-3-8B_sllm-condense_1 replica 9117a19c-d8c4-470b-a5bd-04d767c1b5fa success
INFO 07-21 11:17:07 server.py:175] Confirm GPU group 20 for meta-llama/Meta-Llama-3-8B_sllm-condense_1 replica 9117a19c-d8c4-470b-a5bd-04d767c1b5fa success
INFO 07-21 11:17:07 server.py:175] Confirm GPU group 21 for meta-llama/Meta-Llama-3-8B_sllm-condense_1 replica 9117a19c-d8c4-470b-a5bd-04d767c1b5fa success
INFO 07-21 11:17:07 server.py:175] Confirm GPU group 22 for meta-llama/Meta-Llama-3-8B_sllm-condense_1 replica 9117a19c-d8c4-470b-a5bd-04d767c1b5fa success
INFO 07-21 11:17:10 server.py:175] Confirm GPU group 23 for meta-llama/Meta-Llama-3-8B_sllm-condense_1 replica 9117a19c-d8c4-470b-a5bd-04d767c1b5fa success
INFO 07-21 11:17:12 server.py:175] Confirm GPU group 24 for meta-llama/Meta-Llama-3-8B_sllm-condense_1 replica 9117a19c-d8c4-470b-a5bd-04d767c1b5fa success
INFO 07-21 11:17:13 server.py:175] Confirm GPU group 25 for meta-llama/Meta-Llama-3-8B_sllm-condense_1 replica 9117a19c-d8c4-470b-a5bd-04d767c1b5fa success
INFO 07-21 11:17:13 server.py:175] Confirm GPU group 26 for meta-llama/Meta-Llama-3-8B_sllm-condense_1 replica 9117a19c-d8c4-470b-a5bd-04d767c1b5fa success
INFO 07-21 11:17:13 server.py:175] Confirm GPU group 27 for meta-llama/Meta-Llama-3-8B_sllm-condense_1 replica 9117a19c-d8c4-470b-a5bd-04d767c1b5fa success
INFO 07-21 11:17:14 server.py:175] Confirm GPU group 28 for meta-llama/Meta-Llama-3-8B_sllm-condense_1 replica 9117a19c-d8c4-470b-a5bd-04d767c1b5fa success
INFO 07-21 11:17:14 server.py:175] Confirm GPU group 29 for meta-llama/Meta-Llama-3-8B_sllm-condense_1 replica 9117a19c-d8c4-470b-a5bd-04d767c1b5fa success
INFO 07-21 11:17:15 server.py:175] Confirm GPU group 30 for meta-llama/Meta-Llama-3-8B_sllm-condense_1 replica 9117a19c-d8c4-470b-a5bd-04d767c1b5fa success
INFO 07-21 11:17:15 server.py:175] Confirm GPU group 31 for meta-llama/Meta-Llama-3-8B_sllm-condense_1 replica 9117a19c-d8c4-470b-a5bd-04d767c1b5fa success
INFO 07-21 11:17:17 server.py:175] Confirm GPU group 32 for meta-llama/Meta-Llama-3-8B_sllm-condense_1 replica 9117a19c-d8c4-470b-a5bd-04d767c1b5fa success
INFO 07-21 11:17:19 server.py:175] Confirm GPU group 33 for meta-llama/Meta-Llama-3-8B_sllm-condense_1 replica 9117a19c-d8c4-470b-a5bd-04d767c1b5fa success
INFO 07-21 11:17:20 server.py:175] Confirm GPU group 34 for meta-llama/Meta-Llama-3-8B_sllm-condense_1 replica 9117a19c-d8c4-470b-a5bd-04d767c1b5fa success
INFO 07-21 11:17:21 server.py:175] Confirm GPU group 35 for meta-llama/Meta-Llama-3-8B_sllm-condense_1 replica 9117a19c-d8c4-470b-a5bd-04d767c1b5fa success
INFO 07-21 11:17:21 server.py:175] Confirm GPU group 36 for meta-llama/Meta-Llama-3-8B_sllm-condense_1 replica 9117a19c-d8c4-470b-a5bd-04d767c1b5fa success
INFO 07-21 11:17:21 server.py:175] Confirm GPU group 37 for meta-llama/Meta-Llama-3-8B_sllm-condense_1 replica 9117a19c-d8c4-470b-a5bd-04d767c1b5fa success
INFO 07-21 11:17:21 server.py:175] Confirm GPU group 38 for meta-llama/Meta-Llama-3-8B_sllm-condense_1 replica 9117a19c-d8c4-470b-a5bd-04d767c1b5fa success
INFO 07-21 11:17:21 server.py:175] Confirm GPU group 39 for meta-llama/Meta-Llama-3-8B_sllm-condense_1 replica 9117a19c-d8c4-470b-a5bd-04d767c1b5fa success
INFO 07-21 11:17:22 server.py:175] Confirm GPU group 40 for meta-llama/Meta-Llama-3-8B_sllm-condense_1 replica 9117a19c-d8c4-470b-a5bd-04d767c1b5fa success
INFO 07-21 11:17:24 server.py:175] Confirm GPU group 41 for meta-llama/Meta-Llama-3-8B_sllm-condense_1 replica 9117a19c-d8c4-470b-a5bd-04d767c1b5fa success
INFO 07-21 11:17:25 server.py:175] Confirm GPU group 42 for meta-llama/Meta-Llama-3-8B_sllm-condense_1 replica 9117a19c-d8c4-470b-a5bd-04d767c1b5fa success
INFO 07-21 11:17:28 server.py:175] Confirm GPU group 43 for meta-llama/Meta-Llama-3-8B_sllm-condense_1 replica 9117a19c-d8c4-470b-a5bd-04d767c1b5fa success
INFO 07-21 11:17:28 server.py:175] Confirm GPU group 44 for meta-llama/Meta-Llama-3-8B_sllm-condense_1 replica 9117a19c-d8c4-470b-a5bd-04d767c1b5fa success
INFO 07-21 11:17:28 server.py:175] Confirm GPU group 45 for meta-llama/Meta-Llama-3-8B_sllm-condense_1 replica 9117a19c-d8c4-470b-a5bd-04d767c1b5fa success
INFO 07-21 11:17:28 server.py:175] Confirm GPU group 46 for meta-llama/Meta-Llama-3-8B_sllm-condense_1 replica 9117a19c-d8c4-470b-a5bd-04d767c1b5fa success
INFO 07-21 11:17:28 server.py:175] Confirm GPU group 47 for meta-llama/Meta-Llama-3-8B_sllm-condense_1 replica 9117a19c-d8c4-470b-a5bd-04d767c1b5fa success
INFO 07-21 11:17:28 server.py:175] Confirm GPU group 48 for meta-llama/Meta-Llama-3-8B_sllm-condense_1 replica 9117a19c-d8c4-470b-a5bd-04d767c1b5fa success
INFO 07-21 11:17:29 server.py:175] Confirm GPU group 49 for meta-llama/Meta-Llama-3-8B_sllm-condense_1 replica 9117a19c-d8c4-470b-a5bd-04d767c1b5fa success
INFO 07-21 11:17:31 server.py:175] Confirm GPU group 50 for meta-llama/Meta-Llama-3-8B_sllm-condense_1 replica 9117a19c-d8c4-470b-a5bd-04d767c1b5fa success
INFO 07-21 11:17:32 server.py:175] Confirm GPU group 51 for meta-llama/Meta-Llama-3-8B_sllm-condense_1 replica 9117a19c-d8c4-470b-a5bd-04d767c1b5fa success
INFO 07-21 11:17:34 server.py:175] Confirm GPU group 52 for meta-llama/Meta-Llama-3-8B_sllm-condense_1 replica 9117a19c-d8c4-470b-a5bd-04d767c1b5fa success
INFO 07-21 11:17:34 server.py:175] Confirm GPU group 53 for meta-llama/Meta-Llama-3-8B_sllm-condense_1 replica 9117a19c-d8c4-470b-a5bd-04d767c1b5fa success
INFO 07-21 11:17:34 server.py:175] Confirm GPU group 54 for meta-llama/Meta-Llama-3-8B_sllm-condense_1 replica 9117a19c-d8c4-470b-a5bd-04d767c1b5fa success
INFO 07-21 11:17:35 server.py:175] Confirm GPU group 55 for meta-llama/Meta-Llama-3-8B_sllm-condense_1 replica 9117a19c-d8c4-470b-a5bd-04d767c1b5fa success
INFO 07-21 11:17:35 server.py:175] Confirm GPU group 56 for meta-llama/Meta-Llama-3-8B_sllm-condense_1 replica 9117a19c-d8c4-470b-a5bd-04d767c1b5fa success
INFO 07-21 11:17:35 server.py:175] Confirm GPU group 57 for meta-llama/Meta-Llama-3-8B_sllm-condense_1 replica 9117a19c-d8c4-470b-a5bd-04d767c1b5fa success
INFO 07-21 11:17:35 server.py:175] Confirm GPU group 58 for meta-llama/Meta-Llama-3-8B_sllm-condense_1 replica 9117a19c-d8c4-470b-a5bd-04d767c1b5fa success
INFO 07-21 11:17:38 server.py:175] Confirm GPU group 59 for meta-llama/Meta-Llama-3-8B_sllm-condense_1 replica 9117a19c-d8c4-470b-a5bd-04d767c1b5fa success
INFO 07-21 11:17:39 server.py:175] Confirm GPU group 60 for meta-llama/Meta-Llama-3-8B_sllm-condense_1 replica 9117a19c-d8c4-470b-a5bd-04d767c1b5fa success
INFO 07-21 11:17:40 server.py:175] Confirm GPU group 61 for meta-llama/Meta-Llama-3-8B_sllm-condense_1 replica 9117a19c-d8c4-470b-a5bd-04d767c1b5fa success
INFO 07-21 11:17:40 server.py:175] Confirm GPU group 62 for meta-llama/Meta-Llama-3-8B_sllm-condense_1 replica 9117a19c-d8c4-470b-a5bd-04d767c1b5fa success
INFO 07-21 11:17:40 server.py:175] Confirm GPU group 63 for meta-llama/Meta-Llama-3-8B_sllm-condense_1 replica 9117a19c-d8c4-470b-a5bd-04d767c1b5fa success
INFO 07-21 11:17:40 server.py:175] Confirm GPU group 64 for meta-llama/Meta-Llama-3-8B_sllm-condense_1 replica 9117a19c-d8c4-470b-a5bd-04d767c1b5fa success
INFO 07-21 11:17:40 server.py:175] Confirm GPU group 65 for meta-llama/Meta-Llama-3-8B_sllm-condense_1 replica 9117a19c-d8c4-470b-a5bd-04d767c1b5fa success
INFO 07-21 11:17:40 server.py:175] Confirm GPU group 66 for meta-llama/Meta-Llama-3-8B_sllm-condense_1 replica 9117a19c-d8c4-470b-a5bd-04d767c1b5fa success
INFO 07-21 11:17:40 server.py:175] Confirm GPU group 67 for meta-llama/Meta-Llama-3-8B_sllm-condense_1 replica 9117a19c-d8c4-470b-a5bd-04d767c1b5fa success
I20260721 11:17:40.387951 2676917 model.cpp:354] Finished loading tensor from memory to device 0
I20260721 11:17:40.399097 2676867 model.cpp:250] Finished loading model meta-llama/Meta-Llama-3-8B_sllm-condense_1 from disk
INFO 07-21 11:17:40 server.py:175] Confirm GPU group 68 for meta-llama/Meta-Llama-3-8B_sllm-condense_1 replica 9117a19c-d8c4-470b-a5bd-04d767c1b5fa success
INFO 07-21 11:17:40 server.py:175] Confirm GPU group 69 for meta-llama/Meta-Llama-3-8B_sllm-condense_1 replica 9117a19c-d8c4-470b-a5bd-04d767c1b5fa success
INFO 07-21 11:17:40 server.py:175] Confirm GPU group 70 for meta-llama/Meta-Llama-3-8B_sllm-condense_1 replica 9117a19c-d8c4-470b-a5bd-04d767c1b5fa success
INFO 07-21 11:17:40 server.py:175] Confirm GPU group 71 for meta-llama/Meta-Llama-3-8B_sllm-condense_1 replica 9117a19c-d8c4-470b-a5bd-04d767c1b5fa success
INFO 07-21 11:17:40 server.py:175] Confirm GPU group 72 for meta-llama/Meta-Llama-3-8B_sllm-condense_1 replica 9117a19c-d8c4-470b-a5bd-04d767c1b5fa success
INFO 07-21 11:17:40 server.py:175] Confirm GPU group 73 for meta-llama/Meta-Llama-3-8B_sllm-condense_1 replica 9117a19c-d8c4-470b-a5bd-04d767c1b5fa success
INFO 07-21 11:17:40 server.py:175] Confirm GPU group 74 for meta-llama/Meta-Llama-3-8B_sllm-condense_1 replica 9117a19c-d8c4-470b-a5bd-04d767c1b5fa success
INFO 07-21 11:17:40 server.py:175] Confirm GPU group 75 for meta-llama/Meta-Llama-3-8B_sllm-condense_1 replica 9117a19c-d8c4-470b-a5bd-04d767c1b5fa success
INFO 07-21 11:17:40 server.py:175] Confirm GPU group 76 for meta-llama/Meta-Llama-3-8B_sllm-condense_1 replica 9117a19c-d8c4-470b-a5bd-04d767c1b5fa success
INFO 07-21 11:17:40 server.py:175] Confirm GPU group 77 for meta-llama/Meta-Llama-3-8B_sllm-condense_1 replica 9117a19c-d8c4-470b-a5bd-04d767c1b5fa success
INFO 07-21 11:17:40 server.py:175] Confirm GPU group 78 for meta-llama/Meta-Llama-3-8B_sllm-condense_1 replica 9117a19c-d8c4-470b-a5bd-04d767c1b5fa success
INFO 07-21 11:17:40 server.py:175] Confirm GPU group 79 for meta-llama/Meta-Llama-3-8B_sllm-condense_1 replica 9117a19c-d8c4-470b-a5bd-04d767c1b5fa success
INFO 07-21 11:17:40 server.py:175] Confirm GPU group 80 for meta-llama/Meta-Llama-3-8B_sllm-condense_1 replica 9117a19c-d8c4-470b-a5bd-04d767c1b5fa success
INFO 07-21 11:17:40 server.py:175] Confirm GPU group 81 for meta-llama/Meta-Llama-3-8B_sllm-condense_1 replica 9117a19c-d8c4-470b-a5bd-04d767c1b5fa success
INFO 07-21 11:17:40 server.py:175] Confirm GPU group 82 for meta-llama/Meta-Llama-3-8B_sllm-condense_1 replica 9117a19c-d8c4-470b-a5bd-04d767c1b5fa success
INFO 07-21 11:17:40 server.py:175] Confirm GPU group 83 for meta-llama/Meta-Llama-3-8B_sllm-condense_1 replica 9117a19c-d8c4-470b-a5bd-04d767c1b5fa success
INFO 07-21 11:17:40 server.py:175] Confirm GPU group 84 for meta-llama/Meta-Llama-3-8B_sllm-condense_1 replica 9117a19c-d8c4-470b-a5bd-04d767c1b5fa success
INFO 07-21 11:17:40 server.py:175] Confirm GPU group 85 for meta-llama/Meta-Llama-3-8B_sllm-condense_1 replica 9117a19c-d8c4-470b-a5bd-04d767c1b5fa success
INFO 07-21 11:17:40 server.py:175] Confirm GPU group 86 for meta-llama/Meta-Llama-3-8B_sllm-condense_1 replica 9117a19c-d8c4-470b-a5bd-04d767c1b5fa success
INFO 07-21 11:17:40 server.py:175] Confirm GPU group 87 for meta-llama/Meta-Llama-3-8B_sllm-condense_1 replica 9117a19c-d8c4-470b-a5bd-04d767c1b5fa success
INFO 07-21 11:17:40 server.py:175] Confirm GPU group 88 for meta-llama/Meta-Llama-3-8B_sllm-condense_1 replica 9117a19c-d8c4-470b-a5bd-04d767c1b5fa success
INFO 07-21 11:17:41 server.py:175] Confirm GPU group 89 for meta-llama/Meta-Llama-3-8B_sllm-condense_1 replica 9117a19c-d8c4-470b-a5bd-04d767c1b5fa success
INFO 07-21 11:17:41 server.py:175] Confirm GPU group 90 for meta-llama/Meta-Llama-3-8B_sllm-condense_1 replica 9117a19c-d8c4-470b-a5bd-04d767c1b5fa success
INFO 07-21 11:17:41 server.py:175] Confirm GPU group 91 for meta-llama/Meta-Llama-3-8B_sllm-condense_1 replica 9117a19c-d8c4-470b-a5bd-04d767c1b5fa success
INFO 07-21 11:17:41 server.py:175] Confirm GPU group 92 for meta-llama/Meta-Llama-3-8B_sllm-condense_1 replica 9117a19c-d8c4-470b-a5bd-04d767c1b5fa success
INFO 07-21 11:17:41 server.py:175] Confirm GPU group 93 for meta-llama/Meta-Llama-3-8B_sllm-condense_1 replica 9117a19c-d8c4-470b-a5bd-04d767c1b5fa success
INFO 07-21 11:17:41 server.py:175] Confirm GPU group 94 for meta-llama/Meta-Llama-3-8B_sllm-condense_1 replica 9117a19c-d8c4-470b-a5bd-04d767c1b5fa success
INFO 07-21 11:17:41 server.py:175] Confirm GPU group 95 for meta-llama/Meta-Llama-3-8B_sllm-condense_1 replica 9117a19c-d8c4-470b-a5bd-04d767c1b5fa success
INFO 07-21 11:17:41 server.py:175] Confirm GPU group 96 for meta-llama/Meta-Llama-3-8B_sllm-condense_1 replica 9117a19c-d8c4-470b-a5bd-04d767c1b5fa success
INFO 07-21 11:17:41 server.py:175] Confirm GPU group 97 for meta-llama/Meta-Llama-3-8B_sllm-condense_1 replica 9117a19c-d8c4-470b-a5bd-04d767c1b5fa success
INFO 07-21 11:17:41 server.py:175] Confirm GPU group 98 for meta-llama/Meta-Llama-3-8B_sllm-condense_1 replica 9117a19c-d8c4-470b-a5bd-04d767c1b5fa success
INFO 07-21 11:17:41 server.py:175] Confirm GPU group 99 for meta-llama/Meta-Llama-3-8B_sllm-condense_1 replica 9117a19c-d8c4-470b-a5bd-04d767c1b5fa success
INFO 07-21 11:17:41 server.py:175] Confirm GPU group 100 for meta-llama/Meta-Llama-3-8B_sllm-condense_1 replica 9117a19c-d8c4-470b-a5bd-04d767c1b5fa success
INFO 07-21 11:17:41 server.py:175] Confirm GPU group 101 for meta-llama/Meta-Llama-3-8B_sllm-condense_1 replica 9117a19c-d8c4-470b-a5bd-04d767c1b5fa success
INFO 07-21 11:17:41 server.py:175] Confirm GPU group 102 for meta-llama/Meta-Llama-3-8B_sllm-condense_1 replica 9117a19c-d8c4-470b-a5bd-04d767c1b5fa success
INFO 07-21 11:17:41 server.py:175] Confirm GPU group 103 for meta-llama/Meta-Llama-3-8B_sllm-condense_1 replica 9117a19c-d8c4-470b-a5bd-04d767c1b5fa success
INFO 07-21 11:17:41 server.py:175] Confirm GPU group 104 for meta-llama/Meta-Llama-3-8B_sllm-condense_1 replica 9117a19c-d8c4-470b-a5bd-04d767c1b5fa success
INFO 07-21 11:17:41 server.py:175] Confirm GPU group 105 for meta-llama/Meta-Llama-3-8B_sllm-condense_1 replica 9117a19c-d8c4-470b-a5bd-04d767c1b5fa success
INFO 07-21 11:17:41 server.py:175] Confirm GPU group 106 for meta-llama/Meta-Llama-3-8B_sllm-condense_1 replica 9117a19c-d8c4-470b-a5bd-04d767c1b5fa success
INFO 07-21 11:17:41 server.py:175] Confirm GPU group 107 for meta-llama/Meta-Llama-3-8B_sllm-condense_1 replica 9117a19c-d8c4-470b-a5bd-04d767c1b5fa success
INFO 07-21 11:17:41 server.py:175] Confirm GPU group 108 for meta-llama/Meta-Llama-3-8B_sllm-condense_1 replica 9117a19c-d8c4-470b-a5bd-04d767c1b5fa success
INFO 07-21 11:17:41 server.py:175] Confirm GPU group 109 for meta-llama/Meta-Llama-3-8B_sllm-condense_1 replica 9117a19c-d8c4-470b-a5bd-04d767c1b5fa success
INFO 07-21 11:17:41 server.py:175] Confirm GPU group 110 for meta-llama/Meta-Llama-3-8B_sllm-condense_1 replica 9117a19c-d8c4-470b-a5bd-04d767c1b5fa success
INFO 07-21 11:17:41 server.py:175] Confirm GPU group 111 for meta-llama/Meta-Llama-3-8B_sllm-condense_1 replica 9117a19c-d8c4-470b-a5bd-04d767c1b5fa success
INFO 07-21 11:17:41 server.py:175] Confirm GPU group 112 for meta-llama/Meta-Llama-3-8B_sllm-condense_1 replica 9117a19c-d8c4-470b-a5bd-04d767c1b5fa success
INFO 07-21 11:17:41 server.py:175] Confirm GPU group 113 for meta-llama/Meta-Llama-3-8B_sllm-condense_1 replica 9117a19c-d8c4-470b-a5bd-04d767c1b5fa success
INFO 07-21 11:17:41 server.py:175] Confirm GPU group 114 for meta-llama/Meta-Llama-3-8B_sllm-condense_1 replica 9117a19c-d8c4-470b-a5bd-04d767c1b5fa success
INFO 07-21 11:17:41 server.py:175] Confirm GPU group 115 for meta-llama/Meta-Llama-3-8B_sllm-condense_1 replica 9117a19c-d8c4-470b-a5bd-04d767c1b5fa success
INFO 07-21 11:17:41 server.py:175] Confirm GPU group 116 for meta-llama/Meta-Llama-3-8B_sllm-condense_1 replica 9117a19c-d8c4-470b-a5bd-04d767c1b5fa success
INFO 07-21 11:17:41 server.py:175] Confirm GPU group 117 for meta-llama/Meta-Llama-3-8B_sllm-condense_1 replica 9117a19c-d8c4-470b-a5bd-04d767c1b5fa success
INFO 07-21 11:17:41 server.py:175] Confirm GPU group 118 for meta-llama/Meta-Llama-3-8B_sllm-condense_1 replica 9117a19c-d8c4-470b-a5bd-04d767c1b5fa success
INFO 07-21 11:17:41 server.py:175] Confirm GPU group 119 for meta-llama/Meta-Llama-3-8B_sllm-condense_1 replica 9117a19c-d8c4-470b-a5bd-04d767c1b5fa success
INFO 07-21 11:17:41 server.py:175] Confirm GPU group 120 for meta-llama/Meta-Llama-3-8B_sllm-condense_1 replica 9117a19c-d8c4-470b-a5bd-04d767c1b5fa success
INFO 07-21 11:17:41 server.py:175] Confirm GPU group 121 for meta-llama/Meta-Llama-3-8B_sllm-condense_1 replica 9117a19c-d8c4-470b-a5bd-04d767c1b5fa success
INFO 07-21 11:17:41 server.py:175] Confirm GPU group 122 for meta-llama/Meta-Llama-3-8B_sllm-condense_1 replica 9117a19c-d8c4-470b-a5bd-04d767c1b5fa success
INFO 07-21 11:17:41 server.py:175] Confirm GPU group 123 for meta-llama/Meta-Llama-3-8B_sllm-condense_1 replica 9117a19c-d8c4-470b-a5bd-04d767c1b5fa success
INFO 07-21 11:17:41 server.py:175] Confirm GPU group 124 for meta-llama/Meta-Llama-3-8B_sllm-condense_1 replica 9117a19c-d8c4-470b-a5bd-04d767c1b5fa success
INFO 07-21 11:17:41 server.py:175] Confirm GPU group 125 for meta-llama/Meta-Llama-3-8B_sllm-condense_1 replica 9117a19c-d8c4-470b-a5bd-04d767c1b5fa success
INFO 07-21 11:17:41 server.py:175] Confirm GPU group 126 for meta-llama/Meta-Llama-3-8B_sllm-condense_1 replica 9117a19c-d8c4-470b-a5bd-04d767c1b5fa success
INFO 07-21 11:17:41 server.py:175] Confirm GPU group 127 for meta-llama/Meta-Llama-3-8B_sllm-condense_1 replica 9117a19c-d8c4-470b-a5bd-04d767c1b5fa success
INFO 07-21 11:17:41 server.py:175] Confirm GPU group 128 for meta-llama/Meta-Llama-3-8B_sllm-condense_1 replica 9117a19c-d8c4-470b-a5bd-04d767c1b5fa success
INFO 07-21 11:17:41 server.py:175] Confirm GPU group 129 for meta-llama/Meta-Llama-3-8B_sllm-condense_1 replica 9117a19c-d8c4-470b-a5bd-04d767c1b5fa success
INFO 07-21 11:17:41 server.py:175] Confirm GPU group 130 for meta-llama/Meta-Llama-3-8B_sllm-condense_1 replica 9117a19c-d8c4-470b-a5bd-04d767c1b5fa success
INFO 07-21 11:17:41 server.py:175] Confirm GPU group 131 for meta-llama/Meta-Llama-3-8B_sllm-condense_1 replica 9117a19c-d8c4-470b-a5bd-04d767c1b5fa success
INFO 07-21 11:17:41 server.py:175] Confirm GPU group 132 for meta-llama/Meta-Llama-3-8B_sllm-condense_1 replica 9117a19c-d8c4-470b-a5bd-04d767c1b5fa success
INFO 07-21 11:17:41 server.py:175] Confirm GPU group 133 for meta-llama/Meta-Llama-3-8B_sllm-condense_1 replica 9117a19c-d8c4-470b-a5bd-04d767c1b5fa success
INFO 07-21 11:17:41 server.py:175] Confirm GPU group 134 for meta-llama/Meta-Llama-3-8B_sllm-condense_1 replica 9117a19c-d8c4-470b-a5bd-04d767c1b5fa success
INFO 07-21 11:17:41 server.py:175] Confirm GPU group 135 for meta-llama/Meta-Llama-3-8B_sllm-condense_1 replica 9117a19c-d8c4-470b-a5bd-04d767c1b5fa success
INFO 07-21 11:17:41 server.py:175] Confirm GPU group 136 for meta-llama/Meta-Llama-3-8B_sllm-condense_1 replica 9117a19c-d8c4-470b-a5bd-04d767c1b5fa success
INFO 07-21 11:17:41 server.py:175] Confirm GPU group 137 for meta-llama/Meta-Llama-3-8B_sllm-condense_1 replica 9117a19c-d8c4-470b-a5bd-04d767c1b5fa success
INFO 07-21 11:17:41 server.py:175] Confirm GPU group 138 for meta-llama/Meta-Llama-3-8B_sllm-condense_1 replica 9117a19c-d8c4-470b-a5bd-04d767c1b5fa success
INFO 07-21 11:17:41 server.py:175] Confirm GPU group 139 for meta-llama/Meta-Llama-3-8B_sllm-condense_1 replica 9117a19c-d8c4-470b-a5bd-04d767c1b5fa success
INFO 07-21 11:17:41 server.py:175] Confirm GPU group 140 for meta-llama/Meta-Llama-3-8B_sllm-condense_1 replica 9117a19c-d8c4-470b-a5bd-04d767c1b5fa success
INFO 07-21 11:17:42 server.py:175] Confirm GPU group 141 for meta-llama/Meta-Llama-3-8B_sllm-condense_1 replica 9117a19c-d8c4-470b-a5bd-04d767c1b5fa success
INFO 07-21 11:17:42 server.py:175] Confirm GPU group 142 for meta-llama/Meta-Llama-3-8B_sllm-condense_1 replica 9117a19c-d8c4-470b-a5bd-04d767c1b5fa success
INFO 07-21 11:17:42 server.py:175] Confirm GPU group 143 for meta-llama/Meta-Llama-3-8B_sllm-condense_1 replica 9117a19c-d8c4-470b-a5bd-04d767c1b5fa success
INFO 07-21 11:17:42 server.py:175] Confirm GPU group 144 for meta-llama/Meta-Llama-3-8B_sllm-condense_1 replica 9117a19c-d8c4-470b-a5bd-04d767c1b5fa success
INFO 07-21 11:17:42 server.py:175] Confirm GPU group 145 for meta-llama/Meta-Llama-3-8B_sllm-condense_1 replica 9117a19c-d8c4-470b-a5bd-04d767c1b5fa success
INFO 07-21 11:17:42 server.py:175] Confirm GPU group 146 for meta-llama/Meta-Llama-3-8B_sllm-condense_1 replica 9117a19c-d8c4-470b-a5bd-04d767c1b5fa success
INFO 07-21 11:17:42 server.py:175] Confirm GPU group 147 for meta-llama/Meta-Llama-3-8B_sllm-condense_1 replica 9117a19c-d8c4-470b-a5bd-04d767c1b5fa success
INFO 07-21 11:17:42 server.py:175] Confirm GPU group 148 for meta-llama/Meta-Llama-3-8B_sllm-condense_1 replica 9117a19c-d8c4-470b-a5bd-04d767c1b5fa success
INFO 07-21 11:17:42 server.py:175] Confirm GPU group 149 for meta-llama/Meta-Llama-3-8B_sllm-condense_1 replica 9117a19c-d8c4-470b-a5bd-04d767c1b5fa success
INFO 07-21 11:17:42 server.py:175] Confirm GPU group 150 for meta-llama/Meta-Llama-3-8B_sllm-condense_1 replica 9117a19c-d8c4-470b-a5bd-04d767c1b5fa success
INFO 07-21 11:17:42 server.py:175] Confirm GPU group 151 for meta-llama/Meta-Llama-3-8B_sllm-condense_1 replica 9117a19c-d8c4-470b-a5bd-04d767c1b5fa success
INFO 07-21 11:17:42 server.py:175] Confirm GPU group 152 for meta-llama/Meta-Llama-3-8B_sllm-condense_1 replica 9117a19c-d8c4-470b-a5bd-04d767c1b5fa success
INFO 07-21 11:17:42 server.py:175] Confirm GPU group 153 for meta-llama/Meta-Llama-3-8B_sllm-condense_1 replica 9117a19c-d8c4-470b-a5bd-04d767c1b5fa success
INFO 07-21 11:17:42 server.py:175] Confirm GPU group 154 for meta-llama/Meta-Llama-3-8B_sllm-condense_1 replica 9117a19c-d8c4-470b-a5bd-04d767c1b5fa success
INFO 07-21 11:17:42 server.py:175] Confirm GPU group 155 for meta-llama/Meta-Llama-3-8B_sllm-condense_1 replica 9117a19c-d8c4-470b-a5bd-04d767c1b5fa success
INFO 07-21 11:17:42 server.py:175] Confirm GPU group 156 for meta-llama/Meta-Llama-3-8B_sllm-condense_1 replica 9117a19c-d8c4-470b-a5bd-04d767c1b5fa success
INFO 07-21 11:17:42 server.py:175] Confirm GPU group 157 for meta-llama/Meta-Llama-3-8B_sllm-condense_1 replica 9117a19c-d8c4-470b-a5bd-04d767c1b5fa success
INFO 07-21 11:17:42 server.py:175] Confirm GPU group 158 for meta-llama/Meta-Llama-3-8B_sllm-condense_1 replica 9117a19c-d8c4-470b-a5bd-04d767c1b5fa success
INFO 07-21 11:17:42 server.py:175] Confirm GPU group 159 for meta-llama/Meta-Llama-3-8B_sllm-condense_1 replica 9117a19c-d8c4-470b-a5bd-04d767c1b5fa success
INFO 07-21 11:17:42 server.py:175] Confirm GPU group 160 for meta-llama/Meta-Llama-3-8B_sllm-condense_1 replica 9117a19c-d8c4-470b-a5bd-04d767c1b5fa success
INFO 07-21 11:17:42 server.py:175] Confirm GPU group 161 for meta-llama/Meta-Llama-3-8B_sllm-condense_1 replica 9117a19c-d8c4-470b-a5bd-04d767c1b5fa success
INFO 07-21 11:17:42 server.py:175] Confirm GPU group 162 for meta-llama/Meta-Llama-3-8B_sllm-condense_1 replica 9117a19c-d8c4-470b-a5bd-04d767c1b5fa success
INFO 07-21 11:17:42 server.py:175] Confirm GPU group 163 for meta-llama/Meta-Llama-3-8B_sllm-condense_1 replica 9117a19c-d8c4-470b-a5bd-04d767c1b5fa success
INFO 07-21 11:17:42 server.py:175] Confirm GPU group 164 for meta-llama/Meta-Llama-3-8B_sllm-condense_1 replica 9117a19c-d8c4-470b-a5bd-04d767c1b5fa success
INFO 07-21 11:17:42 server.py:175] Confirm GPU group 165 for meta-llama/Meta-Llama-3-8B_sllm-condense_1 replica 9117a19c-d8c4-470b-a5bd-04d767c1b5fa success
INFO 07-21 11:17:42 server.py:175] Confirm GPU group 166 for meta-llama/Meta-Llama-3-8B_sllm-condense_1 replica 9117a19c-d8c4-470b-a5bd-04d767c1b5fa success
INFO 07-21 11:17:42 server.py:175] Confirm GPU group 167 for meta-llama/Meta-Llama-3-8B_sllm-condense_1 replica 9117a19c-d8c4-470b-a5bd-04d767c1b5fa success
INFO 07-21 11:17:42 server.py:175] Confirm GPU group 168 for meta-llama/Meta-Llama-3-8B_sllm-condense_1 replica 9117a19c-d8c4-470b-a5bd-04d767c1b5fa success
INFO 07-21 11:17:42 server.py:175] Confirm GPU group 169 for meta-llama/Meta-Llama-3-8B_sllm-condense_1 replica 9117a19c-d8c4-470b-a5bd-04d767c1b5fa success
INFO 07-21 11:17:42 server.py:175] Confirm GPU group 170 for meta-llama/Meta-Llama-3-8B_sllm-condense_1 replica 9117a19c-d8c4-470b-a5bd-04d767c1b5fa success
INFO 07-21 11:17:42 server.py:175] Confirm GPU group 171 for meta-llama/Meta-Llama-3-8B_sllm-condense_1 replica 9117a19c-d8c4-470b-a5bd-04d767c1b5fa success
INFO 07-21 11:17:42 server.py:175] Confirm GPU group 172 for meta-llama/Meta-Llama-3-8B_sllm-condense_1 replica 9117a19c-d8c4-470b-a5bd-04d767c1b5fa success
INFO 07-21 11:17:42 server.py:175] Confirm GPU group 173 for meta-llama/Meta-Llama-3-8B_sllm-condense_1 replica 9117a19c-d8c4-470b-a5bd-04d767c1b5fa success
INFO 07-21 11:17:42 server.py:175] Confirm GPU group 174 for meta-llama/Meta-Llama-3-8B_sllm-condense_1 replica 9117a19c-d8c4-470b-a5bd-04d767c1b5fa success
INFO 07-21 11:17:42 server.py:175] Confirm GPU group 175 for meta-llama/Meta-Llama-3-8B_sllm-condense_1 replica 9117a19c-d8c4-470b-a5bd-04d767c1b5fa success
INFO 07-21 11:17:42 server.py:175] Confirm GPU group 176 for meta-llama/Meta-Llama-3-8B_sllm-condense_1 replica 9117a19c-d8c4-470b-a5bd-04d767c1b5fa success
INFO 07-21 11:17:42 server.py:175] Confirm GPU group 177 for meta-llama/Meta-Llama-3-8B_sllm-condense_1 replica 9117a19c-d8c4-470b-a5bd-04d767c1b5fa success
INFO 07-21 11:17:43 server.py:175] Confirm GPU group 178 for meta-llama/Meta-Llama-3-8B_sllm-condense_1 replica 9117a19c-d8c4-470b-a5bd-04d767c1b5fa success
INFO 07-21 11:17:43 server.py:175] Confirm GPU group 179 for meta-llama/Meta-Llama-3-8B_sllm-condense_1 replica 9117a19c-d8c4-470b-a5bd-04d767c1b5fa success
INFO 07-21 11:17:43 server.py:175] Confirm GPU group 180 for meta-llama/Meta-Llama-3-8B_sllm-condense_1 replica 9117a19c-d8c4-470b-a5bd-04d767c1b5fa success
INFO 07-21 11:17:43 server.py:175] Confirm GPU group 181 for meta-llama/Meta-Llama-3-8B_sllm-condense_1 replica 9117a19c-d8c4-470b-a5bd-04d767c1b5fa success
INFO 07-21 11:17:43 server.py:175] Confirm GPU group 182 for meta-llama/Meta-Llama-3-8B_sllm-condense_1 replica 9117a19c-d8c4-470b-a5bd-04d767c1b5fa success
INFO 07-21 11:17:43 server.py:175] Confirm GPU group 183 for meta-llama/Meta-Llama-3-8B_sllm-condense_1 replica 9117a19c-d8c4-470b-a5bd-04d767c1b5fa success
INFO 07-21 11:17:43 server.py:175] Confirm GPU group 184 for meta-llama/Meta-Llama-3-8B_sllm-condense_1 replica 9117a19c-d8c4-470b-a5bd-04d767c1b5fa success
INFO 07-21 11:17:43 server.py:175] Confirm GPU group 185 for meta-llama/Meta-Llama-3-8B_sllm-condense_1 replica 9117a19c-d8c4-470b-a5bd-04d767c1b5fa success
INFO 07-21 11:17:43 server.py:175] Confirm GPU group 186 for meta-llama/Meta-Llama-3-8B_sllm-condense_1 replica 9117a19c-d8c4-470b-a5bd-04d767c1b5fa success
INFO 07-21 11:17:43 server.py:175] Confirm GPU group 187 for meta-llama/Meta-Llama-3-8B_sllm-condense_1 replica 9117a19c-d8c4-470b-a5bd-04d767c1b5fa success
INFO 07-21 11:17:43 server.py:175] Confirm GPU group 188 for meta-llama/Meta-Llama-3-8B_sllm-condense_1 replica 9117a19c-d8c4-470b-a5bd-04d767c1b5fa success
INFO 07-21 11:17:43 server.py:175] Confirm GPU group 189 for meta-llama/Meta-Llama-3-8B_sllm-condense_1 replica 9117a19c-d8c4-470b-a5bd-04d767c1b5fa success
INFO 07-21 11:17:43 server.py:175] Confirm GPU group 190 for meta-llama/Meta-Llama-3-8B_sllm-condense_1 replica 9117a19c-d8c4-470b-a5bd-04d767c1b5fa success
INFO 07-21 11:17:43 server.py:175] Confirm GPU group 191 for meta-llama/Meta-Llama-3-8B_sllm-condense_1 replica 9117a19c-d8c4-470b-a5bd-04d767c1b5fa success
INFO 07-21 11:17:43 server.py:175] Confirm GPU group 192 for meta-llama/Meta-Llama-3-8B_sllm-condense_1 replica 9117a19c-d8c4-470b-a5bd-04d767c1b5fa success
INFO 07-21 11:17:43 server.py:175] Confirm GPU group 193 for meta-llama/Meta-Llama-3-8B_sllm-condense_1 replica 9117a19c-d8c4-470b-a5bd-04d767c1b5fa success
INFO 07-21 11:17:43 server.py:175] Confirm GPU group 194 for meta-llama/Meta-Llama-3-8B_sllm-condense_1 replica 9117a19c-d8c4-470b-a5bd-04d767c1b5fa success
INFO 07-21 11:17:43 server.py:175] Confirm GPU group 195 for meta-llama/Meta-Llama-3-8B_sllm-condense_1 replica 9117a19c-d8c4-470b-a5bd-04d767c1b5fa success
INFO 07-21 11:17:43 server.py:175] Confirm GPU group 196 for meta-llama/Meta-Llama-3-8B_sllm-condense_1 replica 9117a19c-d8c4-470b-a5bd-04d767c1b5fa success
INFO 07-21 11:17:43 server.py:175] Confirm GPU group 197 for meta-llama/Meta-Llama-3-8B_sllm-condense_1 replica 9117a19c-d8c4-470b-a5bd-04d767c1b5fa success
INFO 07-21 11:17:43 server.py:175] Confirm GPU group 198 for meta-llama/Meta-Llama-3-8B_sllm-condense_1 replica 9117a19c-d8c4-470b-a5bd-04d767c1b5fa success
INFO 07-21 11:17:43 server.py:175] Confirm GPU group 199 for meta-llama/Meta-Llama-3-8B_sllm-condense_1 replica 9117a19c-d8c4-470b-a5bd-04d767c1b5fa success
INFO 07-21 11:17:43 server.py:175] Confirm GPU group 200 for meta-llama/Meta-Llama-3-8B_sllm-condense_1 replica 9117a19c-d8c4-470b-a5bd-04d767c1b5fa success
INFO 07-21 11:17:43 server.py:175] Confirm GPU group 201 for meta-llama/Meta-Llama-3-8B_sllm-condense_1 replica 9117a19c-d8c4-470b-a5bd-04d767c1b5fa success
INFO 07-21 11:17:43 server.py:175] Confirm GPU group 202 for meta-llama/Meta-Llama-3-8B_sllm-condense_1 replica 9117a19c-d8c4-470b-a5bd-04d767c1b5fa success
INFO 07-21 11:17:43 server.py:175] Confirm GPU group 203 for meta-llama/Meta-Llama-3-8B_sllm-condense_1 replica 9117a19c-d8c4-470b-a5bd-04d767c1b5fa success
INFO 07-21 11:17:43 server.py:175] Confirm GPU group 204 for meta-llama/Meta-Llama-3-8B_sllm-condense_1 replica 9117a19c-d8c4-470b-a5bd-04d767c1b5fa success
INFO 07-21 11:17:43 server.py:175] Confirm GPU group 205 for meta-llama/Meta-Llama-3-8B_sllm-condense_1 replica 9117a19c-d8c4-470b-a5bd-04d767c1b5fa success
INFO 07-21 11:17:43 server.py:175] Confirm GPU group 206 for meta-llama/Meta-Llama-3-8B_sllm-condense_1 replica 9117a19c-d8c4-470b-a5bd-04d767c1b5fa success
INFO 07-21 11:17:43 server.py:175] Confirm GPU group 207 for meta-llama/Meta-Llama-3-8B_sllm-condense_1 replica 9117a19c-d8c4-470b-a5bd-04d767c1b5fa success
INFO 07-21 11:17:43 server.py:175] Confirm GPU group 208 for meta-llama/Meta-Llama-3-8B_sllm-condense_1 replica 9117a19c-d8c4-470b-a5bd-04d767c1b5fa success
INFO 07-21 11:17:43 server.py:175] Confirm GPU group 209 for meta-llama/Meta-Llama-3-8B_sllm-condense_1 replica 9117a19c-d8c4-470b-a5bd-04d767c1b5fa success
INFO 07-21 11:17:43 server.py:175] Confirm GPU group 210 for meta-llama/Meta-Llama-3-8B_sllm-condense_1 replica 9117a19c-d8c4-470b-a5bd-04d767c1b5fa success
INFO 07-21 11:17:43 server.py:175] Confirm GPU group 211 for meta-llama/Meta-Llama-3-8B_sllm-condense_1 replica 9117a19c-d8c4-470b-a5bd-04d767c1b5fa success
INFO 07-21 11:17:43 server.py:175] Confirm GPU group 212 for meta-llama/Meta-Llama-3-8B_sllm-condense_1 replica 9117a19c-d8c4-470b-a5bd-04d767c1b5fa success
INFO 07-21 11:17:43 server.py:175] Confirm GPU group 213 for meta-llama/Meta-Llama-3-8B_sllm-condense_1 replica 9117a19c-d8c4-470b-a5bd-04d767c1b5fa success
INFO 07-21 11:17:43 server.py:175] Confirm GPU group 214 for meta-llama/Meta-Llama-3-8B_sllm-condense_1 replica 9117a19c-d8c4-470b-a5bd-04d767c1b5fa success
INFO 07-21 11:17:43 server.py:175] Confirm GPU group 215 for meta-llama/Meta-Llama-3-8B_sllm-condense_1 replica 9117a19c-d8c4-470b-a5bd-04d767c1b5fa success
INFO 07-21 11:17:43 server.py:175] Confirm GPU group 216 for meta-llama/Meta-Llama-3-8B_sllm-condense_1 replica 9117a19c-d8c4-470b-a5bd-04d767c1b5fa success
INFO 07-21 11:17:43 server.py:175] Confirm GPU group 217 for meta-llama/Meta-Llama-3-8B_sllm-condense_1 replica 9117a19c-d8c4-470b-a5bd-04d767c1b5fa success
INFO 07-21 11:17:43 server.py:175] Confirm GPU group 218 for meta-llama/Meta-Llama-3-8B_sllm-condense_1 replica 9117a19c-d8c4-470b-a5bd-04d767c1b5fa success
INFO 07-21 11:17:43 server.py:175] Confirm GPU group 219 for meta-llama/Meta-Llama-3-8B_sllm-condense_1 replica 9117a19c-d8c4-470b-a5bd-04d767c1b5fa success
INFO 07-21 11:17:43 server.py:175] Confirm GPU group 220 for meta-llama/Meta-Llama-3-8B_sllm-condense_1 replica 9117a19c-d8c4-470b-a5bd-04d767c1b5fa success
INFO 07-21 11:17:43 server.py:175] Confirm GPU group 221 for meta-llama/Meta-Llama-3-8B_sllm-condense_1 replica 9117a19c-d8c4-470b-a5bd-04d767c1b5fa success
INFO 07-21 11:17:44 server.py:175] Confirm GPU group 222 for meta-llama/Meta-Llama-3-8B_sllm-condense_1 replica 9117a19c-d8c4-470b-a5bd-04d767c1b5fa success
INFO 07-21 11:17:44 server.py:175] Confirm GPU group 223 for meta-llama/Meta-Llama-3-8B_sllm-condense_1 replica 9117a19c-d8c4-470b-a5bd-04d767c1b5fa success
INFO 07-21 11:17:44 server.py:175] Confirm GPU group 224 for meta-llama/Meta-Llama-3-8B_sllm-condense_1 replica 9117a19c-d8c4-470b-a5bd-04d767c1b5fa success
INFO 07-21 11:17:44 server.py:175] Confirm GPU group 225 for meta-llama/Meta-Llama-3-8B_sllm-condense_1 replica 9117a19c-d8c4-470b-a5bd-04d767c1b5fa success
INFO 07-21 11:17:44 server.py:175] Confirm GPU group 226 for meta-llama/Meta-Llama-3-8B_sllm-condense_1 replica 9117a19c-d8c4-470b-a5bd-04d767c1b5fa success
INFO 07-21 11:17:44 server.py:175] Confirm GPU group 227 for meta-llama/Meta-Llama-3-8B_sllm-condense_1 replica 9117a19c-d8c4-470b-a5bd-04d767c1b5fa success
INFO 07-21 11:17:44 server.py:175] Confirm GPU group 228 for meta-llama/Meta-Llama-3-8B_sllm-condense_1 replica 9117a19c-d8c4-470b-a5bd-04d767c1b5fa success
INFO 07-21 11:17:44 server.py:175] Confirm GPU group 229 for meta-llama/Meta-Llama-3-8B_sllm-condense_1 replica 9117a19c-d8c4-470b-a5bd-04d767c1b5fa success
INFO 07-21 11:17:44 server.py:175] Confirm GPU group 230 for meta-llama/Meta-Llama-3-8B_sllm-condense_1 replica 9117a19c-d8c4-470b-a5bd-04d767c1b5fa success
INFO 07-21 11:17:44 server.py:175] Confirm GPU group 231 for meta-llama/Meta-Llama-3-8B_sllm-condense_1 replica 9117a19c-d8c4-470b-a5bd-04d767c1b5fa success
INFO 07-21 11:17:44 server.py:175] Confirm GPU group 232 for meta-llama/Meta-Llama-3-8B_sllm-condense_1 replica 9117a19c-d8c4-470b-a5bd-04d767c1b5fa success
INFO 07-21 11:17:44 server.py:175] Confirm GPU group 233 for meta-llama/Meta-Llama-3-8B_sllm-condense_1 replica 9117a19c-d8c4-470b-a5bd-04d767c1b5fa success
INFO 07-21 11:17:44 server.py:175] Confirm GPU group 234 for meta-llama/Meta-Llama-3-8B_sllm-condense_1 replica 9117a19c-d8c4-470b-a5bd-04d767c1b5fa success
INFO 07-21 11:17:44 server.py:175] Confirm GPU group 235 for meta-llama/Meta-Llama-3-8B_sllm-condense_1 replica 9117a19c-d8c4-470b-a5bd-04d767c1b5fa success
INFO 07-21 11:17:44 server.py:175] Confirm GPU group 236 for meta-llama/Meta-Llama-3-8B_sllm-condense_1 replica 9117a19c-d8c4-470b-a5bd-04d767c1b5fa success
INFO 07-21 11:17:44 server.py:175] Confirm GPU group 237 for meta-llama/Meta-Llama-3-8B_sllm-condense_1 replica 9117a19c-d8c4-470b-a5bd-04d767c1b5fa success
INFO 07-21 11:17:44 server.py:175] Confirm GPU group 238 for meta-llama/Meta-Llama-3-8B_sllm-condense_1 replica 9117a19c-d8c4-470b-a5bd-04d767c1b5fa success
INFO 07-21 11:17:44 server.py:175] Confirm GPU group 239 for meta-llama/Meta-Llama-3-8B_sllm-condense_1 replica 9117a19c-d8c4-470b-a5bd-04d767c1b5fa success
INFO 07-21 11:17:44 server.py:175] Confirm GPU group 240 for meta-llama/Meta-Llama-3-8B_sllm-condense_1 replica 9117a19c-d8c4-470b-a5bd-04d767c1b5fa success
INFO 07-21 11:17:44 server.py:175] Confirm GPU group 241 for meta-llama/Meta-Llama-3-8B_sllm-condense_1 replica 9117a19c-d8c4-470b-a5bd-04d767c1b5fa success
INFO 07-21 11:17:44 server.py:175] Confirm GPU group 242 for meta-llama/Meta-Llama-3-8B_sllm-condense_1 replica 9117a19c-d8c4-470b-a5bd-04d767c1b5fa success
INFO 07-21 11:17:44 server.py:175] Confirm GPU group 243 for meta-llama/Meta-Llama-3-8B_sllm-condense_1 replica 9117a19c-d8c4-470b-a5bd-04d767c1b5fa success
INFO 07-21 11:17:44 server.py:175] Confirm GPU group 244 for meta-llama/Meta-Llama-3-8B_sllm-condense_1 replica 9117a19c-d8c4-470b-a5bd-04d767c1b5fa success
INFO 07-21 11:17:44 server.py:175] Confirm GPU group 245 for meta-llama/Meta-Llama-3-8B_sllm-condense_1 replica 9117a19c-d8c4-470b-a5bd-04d767c1b5fa success
INFO 07-21 11:17:44 server.py:175] Confirm GPU group 246 for meta-llama/Meta-Llama-3-8B_sllm-condense_1 replica 9117a19c-d8c4-470b-a5bd-04d767c1b5fa success
INFO 07-21 11:17:44 server.py:175] Confirm GPU group 247 for meta-llama/Meta-Llama-3-8B_sllm-condense_1 replica 9117a19c-d8c4-470b-a5bd-04d767c1b5fa success
INFO 07-21 11:17:44 server.py:175] Confirm GPU group 248 for meta-llama/Meta-Llama-3-8B_sllm-condense_1 replica 9117a19c-d8c4-470b-a5bd-04d767c1b5fa success
INFO 07-21 11:17:44 server.py:175] Confirm GPU group 249 for meta-llama/Meta-Llama-3-8B_sllm-condense_1 replica 9117a19c-d8c4-470b-a5bd-04d767c1b5fa success
INFO 07-21 11:17:44 server.py:175] Confirm GPU group 250 for meta-llama/Meta-Llama-3-8B_sllm-condense_1 replica 9117a19c-d8c4-470b-a5bd-04d767c1b5fa success
INFO 07-21 11:17:44 server.py:175] Confirm GPU group 251 for meta-llama/Meta-Llama-3-8B_sllm-condense_1 replica 9117a19c-d8c4-470b-a5bd-04d767c1b5fa success
INFO 07-21 11:17:44 server.py:175] Confirm GPU group 252 for meta-llama/Meta-Llama-3-8B_sllm-condense_1 replica 9117a19c-d8c4-470b-a5bd-04d767c1b5fa success
INFO 07-21 11:17:44 server.py:175] Confirm GPU group 253 for meta-llama/Meta-Llama-3-8B_sllm-condense_1 replica 9117a19c-d8c4-470b-a5bd-04d767c1b5fa success
INFO 07-21 11:17:44 server.py:175] Confirm GPU group 254 for meta-llama/Meta-Llama-3-8B_sllm-condense_1 replica 9117a19c-d8c4-470b-a5bd-04d767c1b5fa success
INFO 07-21 11:17:44 server.py:175] Confirm GPU group 255 for meta-llama/Meta-Llama-3-8B_sllm-condense_1 replica 9117a19c-d8c4-470b-a5bd-04d767c1b5fa success
INFO 07-21 11:17:44 server.py:175] Confirm GPU group 256 for meta-llama/Meta-Llama-3-8B_sllm-condense_1 replica 9117a19c-d8c4-470b-a5bd-04d767c1b5fa success
INFO 07-21 11:17:44 server.py:175] Confirm GPU group 257 for meta-llama/Meta-Llama-3-8B_sllm-condense_1 replica 9117a19c-d8c4-470b-a5bd-04d767c1b5fa success
INFO 07-21 11:17:44 server.py:175] Confirm GPU group 258 for meta-llama/Meta-Llama-3-8B_sllm-condense_1 replica 9117a19c-d8c4-470b-a5bd-04d767c1b5fa success
INFO 07-21 11:17:44 server.py:175] Confirm GPU group 259 for meta-llama/Meta-Llama-3-8B_sllm-condense_1 replica 9117a19c-d8c4-470b-a5bd-04d767c1b5fa success
INFO 07-21 11:17:44 server.py:175] Confirm GPU group 260 for meta-llama/Meta-Llama-3-8B_sllm-condense_1 replica 9117a19c-d8c4-470b-a5bd-04d767c1b5fa success
INFO 07-21 11:17:44 server.py:175] Confirm GPU group 261 for meta-llama/Meta-Llama-3-8B_sllm-condense_1 replica 9117a19c-d8c4-470b-a5bd-04d767c1b5fa success
INFO 07-21 11:17:44 server.py:175] Confirm GPU group 262 for meta-llama/Meta-Llama-3-8B_sllm-condense_1 replica 9117a19c-d8c4-470b-a5bd-04d767c1b5fa success
INFO 07-21 11:17:44 server.py:175] Confirm GPU group 263 for meta-llama/Meta-Llama-3-8B_sllm-condense_1 replica 9117a19c-d8c4-470b-a5bd-04d767c1b5fa success
INFO 07-21 11:17:44 server.py:175] Confirm GPU group 264 for meta-llama/Meta-Llama-3-8B_sllm-condense_1 replica 9117a19c-d8c4-470b-a5bd-04d767c1b5fa success
INFO 07-21 11:17:44 server.py:175] Confirm GPU group 265 for meta-llama/Meta-Llama-3-8B_sllm-condense_1 replica 9117a19c-d8c4-470b-a5bd-04d767c1b5fa success
INFO 07-21 11:17:45 server.py:175] Confirm GPU group 266 for meta-llama/Meta-Llama-3-8B_sllm-condense_1 replica 9117a19c-d8c4-470b-a5bd-04d767c1b5fa success
INFO 07-21 11:17:45 server.py:175] Confirm GPU group 267 for meta-llama/Meta-Llama-3-8B_sllm-condense_1 replica 9117a19c-d8c4-470b-a5bd-04d767c1b5fa success
INFO 07-21 11:17:45 server.py:175] Confirm GPU group 268 for meta-llama/Meta-Llama-3-8B_sllm-condense_1 replica 9117a19c-d8c4-470b-a5bd-04d767c1b5fa success
INFO 07-21 11:17:45 server.py:175] Confirm GPU group 269 for meta-llama/Meta-Llama-3-8B_sllm-condense_1 replica 9117a19c-d8c4-470b-a5bd-04d767c1b5fa success
INFO 07-21 11:17:45 server.py:175] Confirm GPU group 270 for meta-llama/Meta-Llama-3-8B_sllm-condense_1 replica 9117a19c-d8c4-470b-a5bd-04d767c1b5fa success
INFO 07-21 11:17:45 server.py:175] Confirm GPU group 271 for meta-llama/Meta-Llama-3-8B_sllm-condense_1 replica 9117a19c-d8c4-470b-a5bd-04d767c1b5fa success
INFO 07-21 11:17:45 server.py:175] Confirm GPU group 272 for meta-llama/Meta-Llama-3-8B_sllm-condense_1 replica 9117a19c-d8c4-470b-a5bd-04d767c1b5fa success
INFO 07-21 11:17:45 server.py:175] Confirm GPU group 273 for meta-llama/Meta-Llama-3-8B_sllm-condense_1 replica 9117a19c-d8c4-470b-a5bd-04d767c1b5fa success
INFO 07-21 11:17:45 server.py:175] Confirm GPU group 274 for meta-llama/Meta-Llama-3-8B_sllm-condense_1 replica 9117a19c-d8c4-470b-a5bd-04d767c1b5fa success
INFO 07-21 11:17:45 server.py:175] Confirm GPU group 275 for meta-llama/Meta-Llama-3-8B_sllm-condense_1 replica 9117a19c-d8c4-470b-a5bd-04d767c1b5fa success
INFO 07-21 11:17:45 server.py:175] Confirm GPU group 276 for meta-llama/Meta-Llama-3-8B_sllm-condense_1 replica 9117a19c-d8c4-470b-a5bd-04d767c1b5fa success
INFO 07-21 11:17:45 server.py:175] Confirm GPU group 277 for meta-llama/Meta-Llama-3-8B_sllm-condense_1 replica 9117a19c-d8c4-470b-a5bd-04d767c1b5fa success
INFO 07-21 11:17:45 server.py:175] Confirm GPU group 278 for meta-llama/Meta-Llama-3-8B_sllm-condense_1 replica 9117a19c-d8c4-470b-a5bd-04d767c1b5fa success
INFO 07-21 11:17:45 server.py:175] Confirm GPU group 279 for meta-llama/Meta-Llama-3-8B_sllm-condense_1 replica 9117a19c-d8c4-470b-a5bd-04d767c1b5fa success
INFO 07-21 11:17:45 server.py:175] Confirm GPU group 280 for meta-llama/Meta-Llama-3-8B_sllm-condense_1 replica 9117a19c-d8c4-470b-a5bd-04d767c1b5fa success
INFO 07-21 11:17:45 server.py:175] Confirm GPU group 281 for meta-llama/Meta-Llama-3-8B_sllm-condense_1 replica 9117a19c-d8c4-470b-a5bd-04d767c1b5fa success
INFO 07-21 11:17:45 server.py:175] Confirm GPU group 282 for meta-llama/Meta-Llama-3-8B_sllm-condense_1 replica 9117a19c-d8c4-470b-a5bd-04d767c1b5fa success
INFO 07-21 11:17:45 server.py:175] Confirm GPU group 283 for meta-llama/Meta-Llama-3-8B_sllm-condense_1 replica 9117a19c-d8c4-470b-a5bd-04d767c1b5fa success
INFO 07-21 11:17:45 server.py:175] Confirm GPU group 284 for meta-llama/Meta-Llama-3-8B_sllm-condense_1 replica 9117a19c-d8c4-470b-a5bd-04d767c1b5fa success
INFO 07-21 11:17:45 server.py:175] Confirm GPU group 285 for meta-llama/Meta-Llama-3-8B_sllm-condense_1 replica 9117a19c-d8c4-470b-a5bd-04d767c1b5fa success
INFO 07-21 11:17:45 server.py:175] Confirm GPU group 286 for meta-llama/Meta-Llama-3-8B_sllm-condense_1 replica 9117a19c-d8c4-470b-a5bd-04d767c1b5fa success
INFO 07-21 11:17:45 server.py:175] Confirm GPU group 287 for meta-llama/Meta-Llama-3-8B_sllm-condense_1 replica 9117a19c-d8c4-470b-a5bd-04d767c1b5fa success
INFO 07-21 11:17:45 server.py:175] Confirm GPU group 288 for meta-llama/Meta-Llama-3-8B_sllm-condense_1 replica 9117a19c-d8c4-470b-a5bd-04d767c1b5fa success
INFO 07-21 11:17:45 server.py:175] Confirm GPU group 289 for meta-llama/Meta-Llama-3-8B_sllm-condense_1 replica 9117a19c-d8c4-470b-a5bd-04d767c1b5fa success
INFO 07-21 11:17:45 server.py:175] Confirm GPU group 290 for meta-llama/Meta-Llama-3-8B_sllm-condense_1 replica 9117a19c-d8c4-470b-a5bd-04d767c1b5fa success
INFO 07-21 11:17:46 server.py:138] Confirm model meta-llama/Meta-Llama-3-8B_sllm-condense_1 replica 9117a19c-d8c4-470b-a5bd-04d767c1b5fa success
I20260721 11:17:48.587486 2669824 model.cpp:53] Tensor file "/mnt/data1/mechels/meta-llama/Meta-Llama-3-8B_sllm-condense_2/tensor.data_1" does not exist
I20260721 11:17:48.587534 2669824 checkpoint_store.cpp:106] Model meta-llama/Meta-Llama-3-8B_sllm-condense_2 is registered
INFO 07-21 11:17:48 server.py:115] LoadModel: success meta-llama/Meta-Llama-3-8B_sllm-condense_2 with target 1
I20260721 11:17:48.587711 2679820 pinned_memory_pool.cpp:78] PinnedMemoryPool Allocate 423 buffers free buffers 356 total buffers 2048
I20260721 11:17:48.588104 2679820 model.cpp:120] Loading model meta-llama/Meta-Llama-3-8B_sllm-condense_2 size 7080615848 to host
I20260721 11:17:48.588115 2679820 model.cpp:134] Loading model meta-llama/Meta-Llama-3-8B_sllm-condense_2 to host with 4 threads, 423 chunks, 16777216 chunk size, 106 chunks per thread
I20260721 11:17:48.588201 2679822 model.cpp:155] Thread 1 starting from partition 0 offset 1778384896
I20260721 11:17:48.588212 2679821 model.cpp:155] Thread 0 starting from partition 0 offset 0
I20260721 11:17:48.588265 2679824 model.cpp:155] Thread 3 starting from partition 0 offset 5335154688
I20260721 11:17:48.588236 2679823 model.cpp:155] Thread 2 starting from partition 0 offset 3556769792
I20260721 11:17:49.148692 2679839 checkpoint_store.cpp:209] Loading model meta-llama/Meta-Llama-3-8B_sllm-condense_2
INFO 07-21 11:17:49 server.py:115] LoadModel: success meta-llama/Meta-Llama-3-8B_sllm-condense_2 with target 2
I20260721 11:17:49.225756 2679839 model.cpp:269] Creating replica b93939e2-1d05-447d-87d6-64d0fb27b31d
I20260721 11:17:49.225805 2679839 model.cpp:273] Creating queue for device 0
I20260721 11:17:49.225838 2679839 model.cpp:284] Created replica b93939e2-1d05-447d-87d6-64d0fb27b31d
I20260721 11:17:49.225936 2679839 model.cpp:295] Dispatcher started for model meta-llama/Meta-Llama-3-8B_sllm-condense_2
I20260721 11:17:49.225979 2679839 model.cpp:361] Waiting for model meta-llama/Meta-Llama-3-8B_sllm-condense_2 num tasks 1 state 3
INFO 07-21 11:18:03 server.py:175] Confirm GPU group 0 for meta-llama/Meta-Llama-3-8B_sllm-condense_2 replica b93939e2-1d05-447d-87d6-64d0fb27b31d success
INFO 07-21 11:18:04 server.py:175] Confirm GPU group 1 for meta-llama/Meta-Llama-3-8B_sllm-condense_2 replica b93939e2-1d05-447d-87d6-64d0fb27b31d success
INFO 07-21 11:18:04 server.py:175] Confirm GPU group 2 for meta-llama/Meta-Llama-3-8B_sllm-condense_2 replica b93939e2-1d05-447d-87d6-64d0fb27b31d success
INFO 07-21 11:18:04 server.py:175] Confirm GPU group 3 for meta-llama/Meta-Llama-3-8B_sllm-condense_2 replica b93939e2-1d05-447d-87d6-64d0fb27b31d success
INFO 07-21 11:18:04 server.py:175] Confirm GPU group 4 for meta-llama/Meta-Llama-3-8B_sllm-condense_2 replica b93939e2-1d05-447d-87d6-64d0fb27b31d success
INFO 07-21 11:18:06 server.py:175] Confirm GPU group 5 for meta-llama/Meta-Llama-3-8B_sllm-condense_2 replica b93939e2-1d05-447d-87d6-64d0fb27b31d success
INFO 07-21 11:18:08 server.py:175] Confirm GPU group 6 for meta-llama/Meta-Llama-3-8B_sllm-condense_2 replica b93939e2-1d05-447d-87d6-64d0fb27b31d success
INFO 07-21 11:18:10 server.py:175] Confirm GPU group 7 for meta-llama/Meta-Llama-3-8B_sllm-condense_2 replica b93939e2-1d05-447d-87d6-64d0fb27b31d success
INFO 07-21 11:18:10 server.py:175] Confirm GPU group 8 for meta-llama/Meta-Llama-3-8B_sllm-condense_2 replica b93939e2-1d05-447d-87d6-64d0fb27b31d success
INFO 07-21 11:18:10 server.py:175] Confirm GPU group 9 for meta-llama/Meta-Llama-3-8B_sllm-condense_2 replica b93939e2-1d05-447d-87d6-64d0fb27b31d success
INFO 07-21 11:18:10 server.py:175] Confirm GPU group 10 for meta-llama/Meta-Llama-3-8B_sllm-condense_2 replica b93939e2-1d05-447d-87d6-64d0fb27b31d success
INFO 07-21 11:18:10 server.py:175] Confirm GPU group 11 for meta-llama/Meta-Llama-3-8B_sllm-condense_2 replica b93939e2-1d05-447d-87d6-64d0fb27b31d success
INFO 07-21 11:18:11 server.py:175] Confirm GPU group 12 for meta-llama/Meta-Llama-3-8B_sllm-condense_2 replica b93939e2-1d05-447d-87d6-64d0fb27b31d success
INFO 07-21 11:18:11 server.py:175] Confirm GPU group 13 for meta-llama/Meta-Llama-3-8B_sllm-condense_2 replica b93939e2-1d05-447d-87d6-64d0fb27b31d success
INFO 07-21 11:18:13 server.py:175] Confirm GPU group 14 for meta-llama/Meta-Llama-3-8B_sllm-condense_2 replica b93939e2-1d05-447d-87d6-64d0fb27b31d success
INFO 07-21 11:18:15 server.py:175] Confirm GPU group 15 for meta-llama/Meta-Llama-3-8B_sllm-condense_2 replica b93939e2-1d05-447d-87d6-64d0fb27b31d success
INFO 07-21 11:18:17 server.py:175] Confirm GPU group 16 for meta-llama/Meta-Llama-3-8B_sllm-condense_2 replica b93939e2-1d05-447d-87d6-64d0fb27b31d success
INFO 07-21 11:18:17 server.py:175] Confirm GPU group 17 for meta-llama/Meta-Llama-3-8B_sllm-condense_2 replica b93939e2-1d05-447d-87d6-64d0fb27b31d success
INFO 07-21 11:18:17 server.py:175] Confirm GPU group 18 for meta-llama/Meta-Llama-3-8B_sllm-condense_2 replica b93939e2-1d05-447d-87d6-64d0fb27b31d success
INFO 07-21 11:18:17 server.py:175] Confirm GPU group 19 for meta-llama/Meta-Llama-3-8B_sllm-condense_2 replica b93939e2-1d05-447d-87d6-64d0fb27b31d success
INFO 07-21 11:18:17 server.py:175] Confirm GPU group 20 for meta-llama/Meta-Llama-3-8B_sllm-condense_2 replica b93939e2-1d05-447d-87d6-64d0fb27b31d success
INFO 07-21 11:18:18 server.py:175] Confirm GPU group 21 for meta-llama/Meta-Llama-3-8B_sllm-condense_2 replica b93939e2-1d05-447d-87d6-64d0fb27b31d success
INFO 07-21 11:18:18 server.py:175] Confirm GPU group 22 for meta-llama/Meta-Llama-3-8B_sllm-condense_2 replica b93939e2-1d05-447d-87d6-64d0fb27b31d success
INFO 07-21 11:18:20 server.py:175] Confirm GPU group 23 for meta-llama/Meta-Llama-3-8B_sllm-condense_2 replica b93939e2-1d05-447d-87d6-64d0fb27b31d success
INFO 07-21 11:18:22 server.py:175] Confirm GPU group 24 for meta-llama/Meta-Llama-3-8B_sllm-condense_2 replica b93939e2-1d05-447d-87d6-64d0fb27b31d success
INFO 07-21 11:18:24 server.py:175] Confirm GPU group 25 for meta-llama/Meta-Llama-3-8B_sllm-condense_2 replica b93939e2-1d05-447d-87d6-64d0fb27b31d success
INFO 07-21 11:18:24 server.py:175] Confirm GPU group 26 for meta-llama/Meta-Llama-3-8B_sllm-condense_2 replica b93939e2-1d05-447d-87d6-64d0fb27b31d success
INFO 07-21 11:18:24 server.py:175] Confirm GPU group 27 for meta-llama/Meta-Llama-3-8B_sllm-condense_2 replica b93939e2-1d05-447d-87d6-64d0fb27b31d success
INFO 07-21 11:18:24 server.py:175] Confirm GPU group 28 for meta-llama/Meta-Llama-3-8B_sllm-condense_2 replica b93939e2-1d05-447d-87d6-64d0fb27b31d success
INFO 07-21 11:18:24 server.py:175] Confirm GPU group 29 for meta-llama/Meta-Llama-3-8B_sllm-condense_2 replica b93939e2-1d05-447d-87d6-64d0fb27b31d success
INFO 07-21 11:18:25 server.py:175] Confirm GPU group 30 for meta-llama/Meta-Llama-3-8B_sllm-condense_2 replica b93939e2-1d05-447d-87d6-64d0fb27b31d success
INFO 07-21 11:18:25 server.py:175] Confirm GPU group 31 for meta-llama/Meta-Llama-3-8B_sllm-condense_2 replica b93939e2-1d05-447d-87d6-64d0fb27b31d success
INFO 07-21 11:18:27 server.py:175] Confirm GPU group 32 for meta-llama/Meta-Llama-3-8B_sllm-condense_2 replica b93939e2-1d05-447d-87d6-64d0fb27b31d success
INFO 07-21 11:18:29 server.py:175] Confirm GPU group 33 for meta-llama/Meta-Llama-3-8B_sllm-condense_2 replica b93939e2-1d05-447d-87d6-64d0fb27b31d success
INFO 07-21 11:18:31 server.py:175] Confirm GPU group 34 for meta-llama/Meta-Llama-3-8B_sllm-condense_2 replica b93939e2-1d05-447d-87d6-64d0fb27b31d success
INFO 07-21 11:18:31 server.py:175] Confirm GPU group 35 for meta-llama/Meta-Llama-3-8B_sllm-condense_2 replica b93939e2-1d05-447d-87d6-64d0fb27b31d success
INFO 07-21 11:18:31 server.py:175] Confirm GPU group 36 for meta-llama/Meta-Llama-3-8B_sllm-condense_2 replica b93939e2-1d05-447d-87d6-64d0fb27b31d success
INFO 07-21 11:18:31 server.py:175] Confirm GPU group 37 for meta-llama/Meta-Llama-3-8B_sllm-condense_2 replica b93939e2-1d05-447d-87d6-64d0fb27b31d success
INFO 07-21 11:18:31 server.py:175] Confirm GPU group 38 for meta-llama/Meta-Llama-3-8B_sllm-condense_2 replica b93939e2-1d05-447d-87d6-64d0fb27b31d success
INFO 07-21 11:18:31 server.py:175] Confirm GPU group 39 for meta-llama/Meta-Llama-3-8B_sllm-condense_2 replica b93939e2-1d05-447d-87d6-64d0fb27b31d success
INFO 07-21 11:18:32 server.py:175] Confirm GPU group 40 for meta-llama/Meta-Llama-3-8B_sllm-condense_2 replica b93939e2-1d05-447d-87d6-64d0fb27b31d success
INFO 07-21 11:18:34 server.py:175] Confirm GPU group 41 for meta-llama/Meta-Llama-3-8B_sllm-condense_2 replica b93939e2-1d05-447d-87d6-64d0fb27b31d success
INFO 07-21 11:18:35 server.py:175] Confirm GPU group 42 for meta-llama/Meta-Llama-3-8B_sllm-condense_2 replica b93939e2-1d05-447d-87d6-64d0fb27b31d success
INFO 07-21 11:18:38 server.py:175] Confirm GPU group 43 for meta-llama/Meta-Llama-3-8B_sllm-condense_2 replica b93939e2-1d05-447d-87d6-64d0fb27b31d success
INFO 07-21 11:18:38 server.py:175] Confirm GPU group 44 for meta-llama/Meta-Llama-3-8B_sllm-condense_2 replica b93939e2-1d05-447d-87d6-64d0fb27b31d success
INFO 07-21 11:18:38 server.py:175] Confirm GPU group 45 for meta-llama/Meta-Llama-3-8B_sllm-condense_2 replica b93939e2-1d05-447d-87d6-64d0fb27b31d success
INFO 07-21 11:18:38 server.py:175] Confirm GPU group 46 for meta-llama/Meta-Llama-3-8B_sllm-condense_2 replica b93939e2-1d05-447d-87d6-64d0fb27b31d success
INFO 07-21 11:18:38 server.py:175] Confirm GPU group 47 for meta-llama/Meta-Llama-3-8B_sllm-condense_2 replica b93939e2-1d05-447d-87d6-64d0fb27b31d success
INFO 07-21 11:18:38 server.py:175] Confirm GPU group 48 for meta-llama/Meta-Llama-3-8B_sllm-condense_2 replica b93939e2-1d05-447d-87d6-64d0fb27b31d success
INFO 07-21 11:18:39 server.py:175] Confirm GPU group 49 for meta-llama/Meta-Llama-3-8B_sllm-condense_2 replica b93939e2-1d05-447d-87d6-64d0fb27b31d success
INFO 07-21 11:18:41 server.py:175] Confirm GPU group 50 for meta-llama/Meta-Llama-3-8B_sllm-condense_2 replica b93939e2-1d05-447d-87d6-64d0fb27b31d success
INFO 07-21 11:18:43 server.py:175] Confirm GPU group 51 for meta-llama/Meta-Llama-3-8B_sllm-condense_2 replica b93939e2-1d05-447d-87d6-64d0fb27b31d success
INFO 07-21 11:18:44 server.py:175] Confirm GPU group 52 for meta-llama/Meta-Llama-3-8B_sllm-condense_2 replica b93939e2-1d05-447d-87d6-64d0fb27b31d success
INFO 07-21 11:18:44 server.py:175] Confirm GPU group 53 for meta-llama/Meta-Llama-3-8B_sllm-condense_2 replica b93939e2-1d05-447d-87d6-64d0fb27b31d success
INFO 07-21 11:18:44 server.py:175] Confirm GPU group 54 for meta-llama/Meta-Llama-3-8B_sllm-condense_2 replica b93939e2-1d05-447d-87d6-64d0fb27b31d success
INFO 07-21 11:18:45 server.py:175] Confirm GPU group 55 for meta-llama/Meta-Llama-3-8B_sllm-condense_2 replica b93939e2-1d05-447d-87d6-64d0fb27b31d success
INFO 07-21 11:18:45 server.py:175] Confirm GPU group 56 for meta-llama/Meta-Llama-3-8B_sllm-condense_2 replica b93939e2-1d05-447d-87d6-64d0fb27b31d success
INFO 07-21 11:18:45 server.py:175] Confirm GPU group 57 for meta-llama/Meta-Llama-3-8B_sllm-condense_2 replica b93939e2-1d05-447d-87d6-64d0fb27b31d success
INFO 07-21 11:18:45 server.py:175] Confirm GPU group 58 for meta-llama/Meta-Llama-3-8B_sllm-condense_2 replica b93939e2-1d05-447d-87d6-64d0fb27b31d success
INFO 07-21 11:18:48 server.py:175] Confirm GPU group 59 for meta-llama/Meta-Llama-3-8B_sllm-condense_2 replica b93939e2-1d05-447d-87d6-64d0fb27b31d success
INFO 07-21 11:18:49 server.py:175] Confirm GPU group 60 for meta-llama/Meta-Llama-3-8B_sllm-condense_2 replica b93939e2-1d05-447d-87d6-64d0fb27b31d success
INFO 07-21 11:18:50 server.py:175] Confirm GPU group 61 for meta-llama/Meta-Llama-3-8B_sllm-condense_2 replica b93939e2-1d05-447d-87d6-64d0fb27b31d success
INFO 07-21 11:18:50 server.py:175] Confirm GPU group 62 for meta-llama/Meta-Llama-3-8B_sllm-condense_2 replica b93939e2-1d05-447d-87d6-64d0fb27b31d success
INFO 07-21 11:18:50 server.py:175] Confirm GPU group 63 for meta-llama/Meta-Llama-3-8B_sllm-condense_2 replica b93939e2-1d05-447d-87d6-64d0fb27b31d success
INFO 07-21 11:18:50 server.py:175] Confirm GPU group 64 for meta-llama/Meta-Llama-3-8B_sllm-condense_2 replica b93939e2-1d05-447d-87d6-64d0fb27b31d success
INFO 07-21 11:18:50 server.py:175] Confirm GPU group 65 for meta-llama/Meta-Llama-3-8B_sllm-condense_2 replica b93939e2-1d05-447d-87d6-64d0fb27b31d success
INFO 07-21 11:18:50 server.py:175] Confirm GPU group 66 for meta-llama/Meta-Llama-3-8B_sllm-condense_2 replica b93939e2-1d05-447d-87d6-64d0fb27b31d success
INFO 07-21 11:18:50 server.py:175] Confirm GPU group 67 for meta-llama/Meta-Llama-3-8B_sllm-condense_2 replica b93939e2-1d05-447d-87d6-64d0fb27b31d success
I20260721 11:18:50.644522 2679859 model.cpp:354] Finished loading tensor from memory to device 0
I20260721 11:18:50.653992 2679820 model.cpp:250] Finished loading model meta-llama/Meta-Llama-3-8B_sllm-condense_2 from disk
INFO 07-21 11:18:50 server.py:175] Confirm GPU group 68 for meta-llama/Meta-Llama-3-8B_sllm-condense_2 replica b93939e2-1d05-447d-87d6-64d0fb27b31d success
INFO 07-21 11:18:50 server.py:175] Confirm GPU group 69 for meta-llama/Meta-Llama-3-8B_sllm-condense_2 replica b93939e2-1d05-447d-87d6-64d0fb27b31d success
INFO 07-21 11:18:50 server.py:175] Confirm GPU group 70 for meta-llama/Meta-Llama-3-8B_sllm-condense_2 replica b93939e2-1d05-447d-87d6-64d0fb27b31d success
INFO 07-21 11:18:50 server.py:175] Confirm GPU group 71 for meta-llama/Meta-Llama-3-8B_sllm-condense_2 replica b93939e2-1d05-447d-87d6-64d0fb27b31d success
INFO 07-21 11:18:50 server.py:175] Confirm GPU group 72 for meta-llama/Meta-Llama-3-8B_sllm-condense_2 replica b93939e2-1d05-447d-87d6-64d0fb27b31d success
INFO 07-21 11:18:50 server.py:175] Confirm GPU group 73 for meta-llama/Meta-Llama-3-8B_sllm-condense_2 replica b93939e2-1d05-447d-87d6-64d0fb27b31d success
INFO 07-21 11:18:50 server.py:175] Confirm GPU group 74 for meta-llama/Meta-Llama-3-8B_sllm-condense_2 replica b93939e2-1d05-447d-87d6-64d0fb27b31d success
INFO 07-21 11:18:50 server.py:175] Confirm GPU group 75 for meta-llama/Meta-Llama-3-8B_sllm-condense_2 replica b93939e2-1d05-447d-87d6-64d0fb27b31d success
INFO 07-21 11:18:50 server.py:175] Confirm GPU group 76 for meta-llama/Meta-Llama-3-8B_sllm-condense_2 replica b93939e2-1d05-447d-87d6-64d0fb27b31d success
INFO 07-21 11:18:50 server.py:175] Confirm GPU group 77 for meta-llama/Meta-Llama-3-8B_sllm-condense_2 replica b93939e2-1d05-447d-87d6-64d0fb27b31d success
INFO 07-21 11:18:50 server.py:175] Confirm GPU group 78 for meta-llama/Meta-Llama-3-8B_sllm-condense_2 replica b93939e2-1d05-447d-87d6-64d0fb27b31d success
INFO 07-21 11:18:51 server.py:175] Confirm GPU group 79 for meta-llama/Meta-Llama-3-8B_sllm-condense_2 replica b93939e2-1d05-447d-87d6-64d0fb27b31d success
INFO 07-21 11:18:51 server.py:175] Confirm GPU group 80 for meta-llama/Meta-Llama-3-8B_sllm-condense_2 replica b93939e2-1d05-447d-87d6-64d0fb27b31d success
INFO 07-21 11:18:51 server.py:175] Confirm GPU group 81 for meta-llama/Meta-Llama-3-8B_sllm-condense_2 replica b93939e2-1d05-447d-87d6-64d0fb27b31d success
INFO 07-21 11:18:51 server.py:175] Confirm GPU group 82 for meta-llama/Meta-Llama-3-8B_sllm-condense_2 replica b93939e2-1d05-447d-87d6-64d0fb27b31d success
INFO 07-21 11:18:51 server.py:175] Confirm GPU group 83 for meta-llama/Meta-Llama-3-8B_sllm-condense_2 replica b93939e2-1d05-447d-87d6-64d0fb27b31d success
INFO 07-21 11:18:51 server.py:175] Confirm GPU group 84 for meta-llama/Meta-Llama-3-8B_sllm-condense_2 replica b93939e2-1d05-447d-87d6-64d0fb27b31d success
INFO 07-21 11:18:51 server.py:175] Confirm GPU group 85 for meta-llama/Meta-Llama-3-8B_sllm-condense_2 replica b93939e2-1d05-447d-87d6-64d0fb27b31d success
INFO 07-21 11:18:51 server.py:175] Confirm GPU group 86 for meta-llama/Meta-Llama-3-8B_sllm-condense_2 replica b93939e2-1d05-447d-87d6-64d0fb27b31d success
INFO 07-21 11:18:51 server.py:175] Confirm GPU group 87 for meta-llama/Meta-Llama-3-8B_sllm-condense_2 replica b93939e2-1d05-447d-87d6-64d0fb27b31d success
INFO 07-21 11:18:51 server.py:175] Confirm GPU group 88 for meta-llama/Meta-Llama-3-8B_sllm-condense_2 replica b93939e2-1d05-447d-87d6-64d0fb27b31d success
INFO 07-21 11:18:51 server.py:175] Confirm GPU group 89 for meta-llama/Meta-Llama-3-8B_sllm-condense_2 replica b93939e2-1d05-447d-87d6-64d0fb27b31d success
INFO 07-21 11:18:51 server.py:175] Confirm GPU group 90 for meta-llama/Meta-Llama-3-8B_sllm-condense_2 replica b93939e2-1d05-447d-87d6-64d0fb27b31d success
INFO 07-21 11:18:51 server.py:175] Confirm GPU group 91 for meta-llama/Meta-Llama-3-8B_sllm-condense_2 replica b93939e2-1d05-447d-87d6-64d0fb27b31d success
INFO 07-21 11:18:51 server.py:175] Confirm GPU group 92 for meta-llama/Meta-Llama-3-8B_sllm-condense_2 replica b93939e2-1d05-447d-87d6-64d0fb27b31d success
INFO 07-21 11:18:51 server.py:175] Confirm GPU group 93 for meta-llama/Meta-Llama-3-8B_sllm-condense_2 replica b93939e2-1d05-447d-87d6-64d0fb27b31d success
INFO 07-21 11:18:51 server.py:175] Confirm GPU group 94 for meta-llama/Meta-Llama-3-8B_sllm-condense_2 replica b93939e2-1d05-447d-87d6-64d0fb27b31d success
INFO 07-21 11:18:51 server.py:175] Confirm GPU group 95 for meta-llama/Meta-Llama-3-8B_sllm-condense_2 replica b93939e2-1d05-447d-87d6-64d0fb27b31d success
INFO 07-21 11:18:51 server.py:175] Confirm GPU group 96 for meta-llama/Meta-Llama-3-8B_sllm-condense_2 replica b93939e2-1d05-447d-87d6-64d0fb27b31d success
INFO 07-21 11:18:51 server.py:175] Confirm GPU group 97 for meta-llama/Meta-Llama-3-8B_sllm-condense_2 replica b93939e2-1d05-447d-87d6-64d0fb27b31d success
INFO 07-21 11:18:51 server.py:175] Confirm GPU group 98 for meta-llama/Meta-Llama-3-8B_sllm-condense_2 replica b93939e2-1d05-447d-87d6-64d0fb27b31d success
INFO 07-21 11:18:51 server.py:175] Confirm GPU group 99 for meta-llama/Meta-Llama-3-8B_sllm-condense_2 replica b93939e2-1d05-447d-87d6-64d0fb27b31d success
INFO 07-21 11:18:51 server.py:175] Confirm GPU group 100 for meta-llama/Meta-Llama-3-8B_sllm-condense_2 replica b93939e2-1d05-447d-87d6-64d0fb27b31d success
INFO 07-21 11:18:51 server.py:175] Confirm GPU group 101 for meta-llama/Meta-Llama-3-8B_sllm-condense_2 replica b93939e2-1d05-447d-87d6-64d0fb27b31d success
INFO 07-21 11:18:51 server.py:175] Confirm GPU group 102 for meta-llama/Meta-Llama-3-8B_sllm-condense_2 replica b93939e2-1d05-447d-87d6-64d0fb27b31d success
INFO 07-21 11:18:51 server.py:175] Confirm GPU group 103 for meta-llama/Meta-Llama-3-8B_sllm-condense_2 replica b93939e2-1d05-447d-87d6-64d0fb27b31d success
INFO 07-21 11:18:51 server.py:175] Confirm GPU group 104 for meta-llama/Meta-Llama-3-8B_sllm-condense_2 replica b93939e2-1d05-447d-87d6-64d0fb27b31d success
INFO 07-21 11:18:51 server.py:175] Confirm GPU group 105 for meta-llama/Meta-Llama-3-8B_sllm-condense_2 replica b93939e2-1d05-447d-87d6-64d0fb27b31d success
INFO 07-21 11:18:51 server.py:175] Confirm GPU group 106 for meta-llama/Meta-Llama-3-8B_sllm-condense_2 replica b93939e2-1d05-447d-87d6-64d0fb27b31d success
INFO 07-21 11:18:51 server.py:175] Confirm GPU group 107 for meta-llama/Meta-Llama-3-8B_sllm-condense_2 replica b93939e2-1d05-447d-87d6-64d0fb27b31d success
INFO 07-21 11:18:51 server.py:175] Confirm GPU group 108 for meta-llama/Meta-Llama-3-8B_sllm-condense_2 replica b93939e2-1d05-447d-87d6-64d0fb27b31d success
INFO 07-21 11:18:51 server.py:175] Confirm GPU group 109 for meta-llama/Meta-Llama-3-8B_sllm-condense_2 replica b93939e2-1d05-447d-87d6-64d0fb27b31d success
INFO 07-21 11:18:51 server.py:175] Confirm GPU group 110 for meta-llama/Meta-Llama-3-8B_sllm-condense_2 replica b93939e2-1d05-447d-87d6-64d0fb27b31d success
INFO 07-21 11:18:51 server.py:175] Confirm GPU group 111 for meta-llama/Meta-Llama-3-8B_sllm-condense_2 replica b93939e2-1d05-447d-87d6-64d0fb27b31d success
INFO 07-21 11:18:51 server.py:175] Confirm GPU group 112 for meta-llama/Meta-Llama-3-8B_sllm-condense_2 replica b93939e2-1d05-447d-87d6-64d0fb27b31d success
INFO 07-21 11:18:51 server.py:175] Confirm GPU group 113 for meta-llama/Meta-Llama-3-8B_sllm-condense_2 replica b93939e2-1d05-447d-87d6-64d0fb27b31d success
INFO 07-21 11:18:52 server.py:175] Confirm GPU group 114 for meta-llama/Meta-Llama-3-8B_sllm-condense_2 replica b93939e2-1d05-447d-87d6-64d0fb27b31d success
INFO 07-21 11:18:52 server.py:175] Confirm GPU group 115 for meta-llama/Meta-Llama-3-8B_sllm-condense_2 replica b93939e2-1d05-447d-87d6-64d0fb27b31d success
INFO 07-21 11:18:52 server.py:175] Confirm GPU group 116 for meta-llama/Meta-Llama-3-8B_sllm-condense_2 replica b93939e2-1d05-447d-87d6-64d0fb27b31d success
INFO 07-21 11:18:52 server.py:175] Confirm GPU group 117 for meta-llama/Meta-Llama-3-8B_sllm-condense_2 replica b93939e2-1d05-447d-87d6-64d0fb27b31d success
INFO 07-21 11:18:52 server.py:175] Confirm GPU group 118 for meta-llama/Meta-Llama-3-8B_sllm-condense_2 replica b93939e2-1d05-447d-87d6-64d0fb27b31d success
INFO 07-21 11:18:52 server.py:175] Confirm GPU group 119 for meta-llama/Meta-Llama-3-8B_sllm-condense_2 replica b93939e2-1d05-447d-87d6-64d0fb27b31d success
INFO 07-21 11:18:52 server.py:175] Confirm GPU group 120 for meta-llama/Meta-Llama-3-8B_sllm-condense_2 replica b93939e2-1d05-447d-87d6-64d0fb27b31d success
INFO 07-21 11:18:52 server.py:175] Confirm GPU group 121 for meta-llama/Meta-Llama-3-8B_sllm-condense_2 replica b93939e2-1d05-447d-87d6-64d0fb27b31d success
INFO 07-21 11:18:52 server.py:175] Confirm GPU group 122 for meta-llama/Meta-Llama-3-8B_sllm-condense_2 replica b93939e2-1d05-447d-87d6-64d0fb27b31d success
INFO 07-21 11:18:52 server.py:175] Confirm GPU group 123 for meta-llama/Meta-Llama-3-8B_sllm-condense_2 replica b93939e2-1d05-447d-87d6-64d0fb27b31d success
INFO 07-21 11:18:52 server.py:175] Confirm GPU group 124 for meta-llama/Meta-Llama-3-8B_sllm-condense_2 replica b93939e2-1d05-447d-87d6-64d0fb27b31d success
INFO 07-21 11:18:52 server.py:175] Confirm GPU group 125 for meta-llama/Meta-Llama-3-8B_sllm-condense_2 replica b93939e2-1d05-447d-87d6-64d0fb27b31d success
INFO 07-21 11:18:52 server.py:175] Confirm GPU group 126 for meta-llama/Meta-Llama-3-8B_sllm-condense_2 replica b93939e2-1d05-447d-87d6-64d0fb27b31d success
INFO 07-21 11:18:52 server.py:175] Confirm GPU group 127 for meta-llama/Meta-Llama-3-8B_sllm-condense_2 replica b93939e2-1d05-447d-87d6-64d0fb27b31d success
INFO 07-21 11:18:52 server.py:175] Confirm GPU group 128 for meta-llama/Meta-Llama-3-8B_sllm-condense_2 replica b93939e2-1d05-447d-87d6-64d0fb27b31d success
INFO 07-21 11:18:52 server.py:175] Confirm GPU group 129 for meta-llama/Meta-Llama-3-8B_sllm-condense_2 replica b93939e2-1d05-447d-87d6-64d0fb27b31d success
INFO 07-21 11:18:52 server.py:175] Confirm GPU group 130 for meta-llama/Meta-Llama-3-8B_sllm-condense_2 replica b93939e2-1d05-447d-87d6-64d0fb27b31d success
INFO 07-21 11:18:52 server.py:175] Confirm GPU group 131 for meta-llama/Meta-Llama-3-8B_sllm-condense_2 replica b93939e2-1d05-447d-87d6-64d0fb27b31d success
INFO 07-21 11:18:52 server.py:175] Confirm GPU group 132 for meta-llama/Meta-Llama-3-8B_sllm-condense_2 replica b93939e2-1d05-447d-87d6-64d0fb27b31d success
INFO 07-21 11:18:52 server.py:175] Confirm GPU group 133 for meta-llama/Meta-Llama-3-8B_sllm-condense_2 replica b93939e2-1d05-447d-87d6-64d0fb27b31d success
INFO 07-21 11:18:52 server.py:175] Confirm GPU group 134 for meta-llama/Meta-Llama-3-8B_sllm-condense_2 replica b93939e2-1d05-447d-87d6-64d0fb27b31d success
INFO 07-21 11:18:52 server.py:175] Confirm GPU group 135 for meta-llama/Meta-Llama-3-8B_sllm-condense_2 replica b93939e2-1d05-447d-87d6-64d0fb27b31d success
INFO 07-21 11:18:52 server.py:175] Confirm GPU group 136 for meta-llama/Meta-Llama-3-8B_sllm-condense_2 replica b93939e2-1d05-447d-87d6-64d0fb27b31d success
INFO 07-21 11:18:52 server.py:175] Confirm GPU group 137 for meta-llama/Meta-Llama-3-8B_sllm-condense_2 replica b93939e2-1d05-447d-87d6-64d0fb27b31d success
INFO 07-21 11:18:52 server.py:175] Confirm GPU group 138 for meta-llama/Meta-Llama-3-8B_sllm-condense_2 replica b93939e2-1d05-447d-87d6-64d0fb27b31d success
INFO 07-21 11:18:52 server.py:175] Confirm GPU group 139 for meta-llama/Meta-Llama-3-8B_sllm-condense_2 replica b93939e2-1d05-447d-87d6-64d0fb27b31d success
INFO 07-21 11:18:52 server.py:175] Confirm GPU group 140 for meta-llama/Meta-Llama-3-8B_sllm-condense_2 replica b93939e2-1d05-447d-87d6-64d0fb27b31d success
INFO 07-21 11:18:52 server.py:175] Confirm GPU group 141 for meta-llama/Meta-Llama-3-8B_sllm-condense_2 replica b93939e2-1d05-447d-87d6-64d0fb27b31d success
INFO 07-21 11:18:52 server.py:175] Confirm GPU group 142 for meta-llama/Meta-Llama-3-8B_sllm-condense_2 replica b93939e2-1d05-447d-87d6-64d0fb27b31d success
INFO 07-21 11:18:52 server.py:175] Confirm GPU group 143 for meta-llama/Meta-Llama-3-8B_sllm-condense_2 replica b93939e2-1d05-447d-87d6-64d0fb27b31d success
INFO 07-21 11:18:52 server.py:175] Confirm GPU group 144 for meta-llama/Meta-Llama-3-8B_sllm-condense_2 replica b93939e2-1d05-447d-87d6-64d0fb27b31d success
INFO 07-21 11:18:52 server.py:175] Confirm GPU group 145 for meta-llama/Meta-Llama-3-8B_sllm-condense_2 replica b93939e2-1d05-447d-87d6-64d0fb27b31d success
INFO 07-21 11:18:52 server.py:175] Confirm GPU group 146 for meta-llama/Meta-Llama-3-8B_sllm-condense_2 replica b93939e2-1d05-447d-87d6-64d0fb27b31d success
INFO 07-21 11:18:52 server.py:175] Confirm GPU group 147 for meta-llama/Meta-Llama-3-8B_sllm-condense_2 replica b93939e2-1d05-447d-87d6-64d0fb27b31d success
INFO 07-21 11:18:52 server.py:175] Confirm GPU group 148 for meta-llama/Meta-Llama-3-8B_sllm-condense_2 replica b93939e2-1d05-447d-87d6-64d0fb27b31d success
INFO 07-21 11:18:52 server.py:175] Confirm GPU group 149 for meta-llama/Meta-Llama-3-8B_sllm-condense_2 replica b93939e2-1d05-447d-87d6-64d0fb27b31d success
INFO 07-21 11:18:53 server.py:175] Confirm GPU group 150 for meta-llama/Meta-Llama-3-8B_sllm-condense_2 replica b93939e2-1d05-447d-87d6-64d0fb27b31d success
INFO 07-21 11:18:53 server.py:175] Confirm GPU group 151 for meta-llama/Meta-Llama-3-8B_sllm-condense_2 replica b93939e2-1d05-447d-87d6-64d0fb27b31d success
INFO 07-21 11:18:53 server.py:175] Confirm GPU group 152 for meta-llama/Meta-Llama-3-8B_sllm-condense_2 replica b93939e2-1d05-447d-87d6-64d0fb27b31d success
INFO 07-21 11:18:53 server.py:175] Confirm GPU group 153 for meta-llama/Meta-Llama-3-8B_sllm-condense_2 replica b93939e2-1d05-447d-87d6-64d0fb27b31d success
INFO 07-21 11:18:53 server.py:175] Confirm GPU group 154 for meta-llama/Meta-Llama-3-8B_sllm-condense_2 replica b93939e2-1d05-447d-87d6-64d0fb27b31d success
INFO 07-21 11:18:53 server.py:175] Confirm GPU group 155 for meta-llama/Meta-Llama-3-8B_sllm-condense_2 replica b93939e2-1d05-447d-87d6-64d0fb27b31d success
INFO 07-21 11:18:53 server.py:175] Confirm GPU group 156 for meta-llama/Meta-Llama-3-8B_sllm-condense_2 replica b93939e2-1d05-447d-87d6-64d0fb27b31d success
INFO 07-21 11:18:53 server.py:175] Confirm GPU group 157 for meta-llama/Meta-Llama-3-8B_sllm-condense_2 replica b93939e2-1d05-447d-87d6-64d0fb27b31d success
INFO 07-21 11:18:53 server.py:175] Confirm GPU group 158 for meta-llama/Meta-Llama-3-8B_sllm-condense_2 replica b93939e2-1d05-447d-87d6-64d0fb27b31d success
INFO 07-21 11:18:53 server.py:175] Confirm GPU group 159 for meta-llama/Meta-Llama-3-8B_sllm-condense_2 replica b93939e2-1d05-447d-87d6-64d0fb27b31d success
INFO 07-21 11:18:53 server.py:175] Confirm GPU group 160 for meta-llama/Meta-Llama-3-8B_sllm-condense_2 replica b93939e2-1d05-447d-87d6-64d0fb27b31d success
INFO 07-21 11:18:53 server.py:175] Confirm GPU group 161 for meta-llama/Meta-Llama-3-8B_sllm-condense_2 replica b93939e2-1d05-447d-87d6-64d0fb27b31d success
INFO 07-21 11:18:53 server.py:175] Confirm GPU group 162 for meta-llama/Meta-Llama-3-8B_sllm-condense_2 replica b93939e2-1d05-447d-87d6-64d0fb27b31d success
INFO 07-21 11:18:53 server.py:175] Confirm GPU group 163 for meta-llama/Meta-Llama-3-8B_sllm-condense_2 replica b93939e2-1d05-447d-87d6-64d0fb27b31d success
INFO 07-21 11:18:53 server.py:175] Confirm GPU group 164 for meta-llama/Meta-Llama-3-8B_sllm-condense_2 replica b93939e2-1d05-447d-87d6-64d0fb27b31d success
INFO 07-21 11:18:53 server.py:175] Confirm GPU group 165 for meta-llama/Meta-Llama-3-8B_sllm-condense_2 replica b93939e2-1d05-447d-87d6-64d0fb27b31d success
INFO 07-21 11:18:53 server.py:175] Confirm GPU group 166 for meta-llama/Meta-Llama-3-8B_sllm-condense_2 replica b93939e2-1d05-447d-87d6-64d0fb27b31d success
INFO 07-21 11:18:53 server.py:175] Confirm GPU group 167 for meta-llama/Meta-Llama-3-8B_sllm-condense_2 replica b93939e2-1d05-447d-87d6-64d0fb27b31d success
INFO 07-21 11:18:53 server.py:175] Confirm GPU group 168 for meta-llama/Meta-Llama-3-8B_sllm-condense_2 replica b93939e2-1d05-447d-87d6-64d0fb27b31d success
INFO 07-21 11:18:53 server.py:175] Confirm GPU group 169 for meta-llama/Meta-Llama-3-8B_sllm-condense_2 replica b93939e2-1d05-447d-87d6-64d0fb27b31d success
INFO 07-21 11:18:53 server.py:175] Confirm GPU group 170 for meta-llama/Meta-Llama-3-8B_sllm-condense_2 replica b93939e2-1d05-447d-87d6-64d0fb27b31d success
INFO 07-21 11:18:53 server.py:175] Confirm GPU group 171 for meta-llama/Meta-Llama-3-8B_sllm-condense_2 replica b93939e2-1d05-447d-87d6-64d0fb27b31d success
INFO 07-21 11:18:53 server.py:175] Confirm GPU group 172 for meta-llama/Meta-Llama-3-8B_sllm-condense_2 replica b93939e2-1d05-447d-87d6-64d0fb27b31d success
INFO 07-21 11:18:53 server.py:175] Confirm GPU group 173 for meta-llama/Meta-Llama-3-8B_sllm-condense_2 replica b93939e2-1d05-447d-87d6-64d0fb27b31d success
INFO 07-21 11:18:53 server.py:175] Confirm GPU group 174 for meta-llama/Meta-Llama-3-8B_sllm-condense_2 replica b93939e2-1d05-447d-87d6-64d0fb27b31d success
INFO 07-21 11:18:53 server.py:175] Confirm GPU group 175 for meta-llama/Meta-Llama-3-8B_sllm-condense_2 replica b93939e2-1d05-447d-87d6-64d0fb27b31d success
INFO 07-21 11:18:53 server.py:175] Confirm GPU group 176 for meta-llama/Meta-Llama-3-8B_sllm-condense_2 replica b93939e2-1d05-447d-87d6-64d0fb27b31d success
INFO 07-21 11:18:53 server.py:175] Confirm GPU group 177 for meta-llama/Meta-Llama-3-8B_sllm-condense_2 replica b93939e2-1d05-447d-87d6-64d0fb27b31d success
INFO 07-21 11:18:53 server.py:175] Confirm GPU group 178 for meta-llama/Meta-Llama-3-8B_sllm-condense_2 replica b93939e2-1d05-447d-87d6-64d0fb27b31d success
INFO 07-21 11:18:53 server.py:175] Confirm GPU group 179 for meta-llama/Meta-Llama-3-8B_sllm-condense_2 replica b93939e2-1d05-447d-87d6-64d0fb27b31d success
INFO 07-21 11:18:53 server.py:175] Confirm GPU group 180 for meta-llama/Meta-Llama-3-8B_sllm-condense_2 replica b93939e2-1d05-447d-87d6-64d0fb27b31d success
INFO 07-21 11:18:53 server.py:175] Confirm GPU group 181 for meta-llama/Meta-Llama-3-8B_sllm-condense_2 replica b93939e2-1d05-447d-87d6-64d0fb27b31d success
INFO 07-21 11:18:53 server.py:175] Confirm GPU group 182 for meta-llama/Meta-Llama-3-8B_sllm-condense_2 replica b93939e2-1d05-447d-87d6-64d0fb27b31d success
INFO 07-21 11:18:54 server.py:175] Confirm GPU group 183 for meta-llama/Meta-Llama-3-8B_sllm-condense_2 replica b93939e2-1d05-447d-87d6-64d0fb27b31d success
INFO 07-21 11:18:54 server.py:175] Confirm GPU group 184 for meta-llama/Meta-Llama-3-8B_sllm-condense_2 replica b93939e2-1d05-447d-87d6-64d0fb27b31d success
INFO 07-21 11:18:54 server.py:175] Confirm GPU group 185 for meta-llama/Meta-Llama-3-8B_sllm-condense_2 replica b93939e2-1d05-447d-87d6-64d0fb27b31d success
INFO 07-21 11:18:54 server.py:175] Confirm GPU group 186 for meta-llama/Meta-Llama-3-8B_sllm-condense_2 replica b93939e2-1d05-447d-87d6-64d0fb27b31d success
INFO 07-21 11:18:54 server.py:175] Confirm GPU group 187 for meta-llama/Meta-Llama-3-8B_sllm-condense_2 replica b93939e2-1d05-447d-87d6-64d0fb27b31d success
INFO 07-21 11:18:54 server.py:175] Confirm GPU group 188 for meta-llama/Meta-Llama-3-8B_sllm-condense_2 replica b93939e2-1d05-447d-87d6-64d0fb27b31d success
INFO 07-21 11:18:54 server.py:175] Confirm GPU group 189 for meta-llama/Meta-Llama-3-8B_sllm-condense_2 replica b93939e2-1d05-447d-87d6-64d0fb27b31d success
INFO 07-21 11:18:54 server.py:175] Confirm GPU group 190 for meta-llama/Meta-Llama-3-8B_sllm-condense_2 replica b93939e2-1d05-447d-87d6-64d0fb27b31d success
INFO 07-21 11:18:54 server.py:175] Confirm GPU group 191 for meta-llama/Meta-Llama-3-8B_sllm-condense_2 replica b93939e2-1d05-447d-87d6-64d0fb27b31d success
INFO 07-21 11:18:54 server.py:175] Confirm GPU group 192 for meta-llama/Meta-Llama-3-8B_sllm-condense_2 replica b93939e2-1d05-447d-87d6-64d0fb27b31d success
INFO 07-21 11:18:54 server.py:175] Confirm GPU group 193 for meta-llama/Meta-Llama-3-8B_sllm-condense_2 replica b93939e2-1d05-447d-87d6-64d0fb27b31d success
INFO 07-21 11:18:54 server.py:175] Confirm GPU group 194 for meta-llama/Meta-Llama-3-8B_sllm-condense_2 replica b93939e2-1d05-447d-87d6-64d0fb27b31d success
INFO 07-21 11:18:54 server.py:175] Confirm GPU group 195 for meta-llama/Meta-Llama-3-8B_sllm-condense_2 replica b93939e2-1d05-447d-87d6-64d0fb27b31d success
INFO 07-21 11:18:54 server.py:175] Confirm GPU group 196 for meta-llama/Meta-Llama-3-8B_sllm-condense_2 replica b93939e2-1d05-447d-87d6-64d0fb27b31d success
INFO 07-21 11:18:54 server.py:175] Confirm GPU group 197 for meta-llama/Meta-Llama-3-8B_sllm-condense_2 replica b93939e2-1d05-447d-87d6-64d0fb27b31d success
INFO 07-21 11:18:54 server.py:175] Confirm GPU group 198 for meta-llama/Meta-Llama-3-8B_sllm-condense_2 replica b93939e2-1d05-447d-87d6-64d0fb27b31d success
INFO 07-21 11:18:54 server.py:175] Confirm GPU group 199 for meta-llama/Meta-Llama-3-8B_sllm-condense_2 replica b93939e2-1d05-447d-87d6-64d0fb27b31d success
INFO 07-21 11:18:54 server.py:175] Confirm GPU group 200 for meta-llama/Meta-Llama-3-8B_sllm-condense_2 replica b93939e2-1d05-447d-87d6-64d0fb27b31d success
INFO 07-21 11:18:54 server.py:175] Confirm GPU group 201 for meta-llama/Meta-Llama-3-8B_sllm-condense_2 replica b93939e2-1d05-447d-87d6-64d0fb27b31d success
INFO 07-21 11:18:54 server.py:175] Confirm GPU group 202 for meta-llama/Meta-Llama-3-8B_sllm-condense_2 replica b93939e2-1d05-447d-87d6-64d0fb27b31d success
INFO 07-21 11:18:54 server.py:175] Confirm GPU group 203 for meta-llama/Meta-Llama-3-8B_sllm-condense_2 replica b93939e2-1d05-447d-87d6-64d0fb27b31d success
INFO 07-21 11:18:54 server.py:175] Confirm GPU group 204 for meta-llama/Meta-Llama-3-8B_sllm-condense_2 replica b93939e2-1d05-447d-87d6-64d0fb27b31d success
INFO 07-21 11:18:54 server.py:175] Confirm GPU group 205 for meta-llama/Meta-Llama-3-8B_sllm-condense_2 replica b93939e2-1d05-447d-87d6-64d0fb27b31d success
INFO 07-21 11:18:54 server.py:175] Confirm GPU group 206 for meta-llama/Meta-Llama-3-8B_sllm-condense_2 replica b93939e2-1d05-447d-87d6-64d0fb27b31d success
INFO 07-21 11:18:54 server.py:175] Confirm GPU group 207 for meta-llama/Meta-Llama-3-8B_sllm-condense_2 replica b93939e2-1d05-447d-87d6-64d0fb27b31d success
INFO 07-21 11:18:54 server.py:175] Confirm GPU group 208 for meta-llama/Meta-Llama-3-8B_sllm-condense_2 replica b93939e2-1d05-447d-87d6-64d0fb27b31d success
INFO 07-21 11:18:54 server.py:175] Confirm GPU group 209 for meta-llama/Meta-Llama-3-8B_sllm-condense_2 replica b93939e2-1d05-447d-87d6-64d0fb27b31d success
INFO 07-21 11:18:54 server.py:175] Confirm GPU group 210 for meta-llama/Meta-Llama-3-8B_sllm-condense_2 replica b93939e2-1d05-447d-87d6-64d0fb27b31d success
INFO 07-21 11:18:54 server.py:175] Confirm GPU group 211 for meta-llama/Meta-Llama-3-8B_sllm-condense_2 replica b93939e2-1d05-447d-87d6-64d0fb27b31d success
INFO 07-21 11:18:54 server.py:175] Confirm GPU group 212 for meta-llama/Meta-Llama-3-8B_sllm-condense_2 replica b93939e2-1d05-447d-87d6-64d0fb27b31d success
INFO 07-21 11:18:54 server.py:175] Confirm GPU group 213 for meta-llama/Meta-Llama-3-8B_sllm-condense_2 replica b93939e2-1d05-447d-87d6-64d0fb27b31d success
INFO 07-21 11:18:54 server.py:175] Confirm GPU group 214 for meta-llama/Meta-Llama-3-8B_sllm-condense_2 replica b93939e2-1d05-447d-87d6-64d0fb27b31d success
INFO 07-21 11:18:55 server.py:175] Confirm GPU group 215 for meta-llama/Meta-Llama-3-8B_sllm-condense_2 replica b93939e2-1d05-447d-87d6-64d0fb27b31d success
INFO 07-21 11:18:55 server.py:175] Confirm GPU group 216 for meta-llama/Meta-Llama-3-8B_sllm-condense_2 replica b93939e2-1d05-447d-87d6-64d0fb27b31d success
INFO 07-21 11:18:55 server.py:175] Confirm GPU group 217 for meta-llama/Meta-Llama-3-8B_sllm-condense_2 replica b93939e2-1d05-447d-87d6-64d0fb27b31d success
INFO 07-21 11:18:55 server.py:175] Confirm GPU group 218 for meta-llama/Meta-Llama-3-8B_sllm-condense_2 replica b93939e2-1d05-447d-87d6-64d0fb27b31d success
INFO 07-21 11:18:55 server.py:175] Confirm GPU group 219 for meta-llama/Meta-Llama-3-8B_sllm-condense_2 replica b93939e2-1d05-447d-87d6-64d0fb27b31d success
INFO 07-21 11:18:55 server.py:175] Confirm GPU group 220 for meta-llama/Meta-Llama-3-8B_sllm-condense_2 replica b93939e2-1d05-447d-87d6-64d0fb27b31d success
INFO 07-21 11:18:55 server.py:175] Confirm GPU group 221 for meta-llama/Meta-Llama-3-8B_sllm-condense_2 replica b93939e2-1d05-447d-87d6-64d0fb27b31d success
INFO 07-21 11:18:55 server.py:175] Confirm GPU group 222 for meta-llama/Meta-Llama-3-8B_sllm-condense_2 replica b93939e2-1d05-447d-87d6-64d0fb27b31d success
INFO 07-21 11:18:55 server.py:175] Confirm GPU group 223 for meta-llama/Meta-Llama-3-8B_sllm-condense_2 replica b93939e2-1d05-447d-87d6-64d0fb27b31d success
INFO 07-21 11:18:55 server.py:175] Confirm GPU group 224 for meta-llama/Meta-Llama-3-8B_sllm-condense_2 replica b93939e2-1d05-447d-87d6-64d0fb27b31d success
INFO 07-21 11:18:55 server.py:175] Confirm GPU group 225 for meta-llama/Meta-Llama-3-8B_sllm-condense_2 replica b93939e2-1d05-447d-87d6-64d0fb27b31d success
INFO 07-21 11:18:55 server.py:175] Confirm GPU group 226 for meta-llama/Meta-Llama-3-8B_sllm-condense_2 replica b93939e2-1d05-447d-87d6-64d0fb27b31d success
INFO 07-21 11:18:55 server.py:175] Confirm GPU group 227 for meta-llama/Meta-Llama-3-8B_sllm-condense_2 replica b93939e2-1d05-447d-87d6-64d0fb27b31d success
INFO 07-21 11:18:55 server.py:175] Confirm GPU group 228 for meta-llama/Meta-Llama-3-8B_sllm-condense_2 replica b93939e2-1d05-447d-87d6-64d0fb27b31d success
INFO 07-21 11:18:55 server.py:175] Confirm GPU group 229 for meta-llama/Meta-Llama-3-8B_sllm-condense_2 replica b93939e2-1d05-447d-87d6-64d0fb27b31d success
INFO 07-21 11:18:55 server.py:175] Confirm GPU group 230 for meta-llama/Meta-Llama-3-8B_sllm-condense_2 replica b93939e2-1d05-447d-87d6-64d0fb27b31d success
INFO 07-21 11:18:55 server.py:175] Confirm GPU group 231 for meta-llama/Meta-Llama-3-8B_sllm-condense_2 replica b93939e2-1d05-447d-87d6-64d0fb27b31d success
INFO 07-21 11:18:55 server.py:175] Confirm GPU group 232 for meta-llama/Meta-Llama-3-8B_sllm-condense_2 replica b93939e2-1d05-447d-87d6-64d0fb27b31d success
INFO 07-21 11:18:55 server.py:175] Confirm GPU group 233 for meta-llama/Meta-Llama-3-8B_sllm-condense_2 replica b93939e2-1d05-447d-87d6-64d0fb27b31d success
INFO 07-21 11:18:55 server.py:175] Confirm GPU group 234 for meta-llama/Meta-Llama-3-8B_sllm-condense_2 replica b93939e2-1d05-447d-87d6-64d0fb27b31d success
INFO 07-21 11:18:55 server.py:175] Confirm GPU group 235 for meta-llama/Meta-Llama-3-8B_sllm-condense_2 replica b93939e2-1d05-447d-87d6-64d0fb27b31d success
INFO 07-21 11:18:55 server.py:175] Confirm GPU group 236 for meta-llama/Meta-Llama-3-8B_sllm-condense_2 replica b93939e2-1d05-447d-87d6-64d0fb27b31d success
INFO 07-21 11:18:55 server.py:175] Confirm GPU group 237 for meta-llama/Meta-Llama-3-8B_sllm-condense_2 replica b93939e2-1d05-447d-87d6-64d0fb27b31d success
INFO 07-21 11:18:55 server.py:175] Confirm GPU group 238 for meta-llama/Meta-Llama-3-8B_sllm-condense_2 replica b93939e2-1d05-447d-87d6-64d0fb27b31d success
INFO 07-21 11:18:55 server.py:175] Confirm GPU group 239 for meta-llama/Meta-Llama-3-8B_sllm-condense_2 replica b93939e2-1d05-447d-87d6-64d0fb27b31d success
INFO 07-21 11:18:55 server.py:175] Confirm GPU group 240 for meta-llama/Meta-Llama-3-8B_sllm-condense_2 replica b93939e2-1d05-447d-87d6-64d0fb27b31d success
INFO 07-21 11:18:55 server.py:175] Confirm GPU group 241 for meta-llama/Meta-Llama-3-8B_sllm-condense_2 replica b93939e2-1d05-447d-87d6-64d0fb27b31d success
INFO 07-21 11:18:55 server.py:175] Confirm GPU group 242 for meta-llama/Meta-Llama-3-8B_sllm-condense_2 replica b93939e2-1d05-447d-87d6-64d0fb27b31d success
INFO 07-21 11:18:55 server.py:175] Confirm GPU group 243 for meta-llama/Meta-Llama-3-8B_sllm-condense_2 replica b93939e2-1d05-447d-87d6-64d0fb27b31d success
INFO 07-21 11:18:55 server.py:175] Confirm GPU group 244 for meta-llama/Meta-Llama-3-8B_sllm-condense_2 replica b93939e2-1d05-447d-87d6-64d0fb27b31d success
INFO 07-21 11:18:55 server.py:175] Confirm GPU group 245 for meta-llama/Meta-Llama-3-8B_sllm-condense_2 replica b93939e2-1d05-447d-87d6-64d0fb27b31d success
INFO 07-21 11:18:55 server.py:175] Confirm GPU group 246 for meta-llama/Meta-Llama-3-8B_sllm-condense_2 replica b93939e2-1d05-447d-87d6-64d0fb27b31d success
INFO 07-21 11:18:55 server.py:175] Confirm GPU group 247 for meta-llama/Meta-Llama-3-8B_sllm-condense_2 replica b93939e2-1d05-447d-87d6-64d0fb27b31d success
INFO 07-21 11:18:55 server.py:175] Confirm GPU group 248 for meta-llama/Meta-Llama-3-8B_sllm-condense_2 replica b93939e2-1d05-447d-87d6-64d0fb27b31d success
INFO 07-21 11:18:55 server.py:175] Confirm GPU group 249 for meta-llama/Meta-Llama-3-8B_sllm-condense_2 replica b93939e2-1d05-447d-87d6-64d0fb27b31d success
INFO 07-21 11:18:56 server.py:175] Confirm GPU group 250 for meta-llama/Meta-Llama-3-8B_sllm-condense_2 replica b93939e2-1d05-447d-87d6-64d0fb27b31d success
INFO 07-21 11:18:56 server.py:175] Confirm GPU group 251 for meta-llama/Meta-Llama-3-8B_sllm-condense_2 replica b93939e2-1d05-447d-87d6-64d0fb27b31d success
INFO 07-21 11:18:56 server.py:175] Confirm GPU group 252 for meta-llama/Meta-Llama-3-8B_sllm-condense_2 replica b93939e2-1d05-447d-87d6-64d0fb27b31d success
INFO 07-21 11:18:56 server.py:175] Confirm GPU group 253 for meta-llama/Meta-Llama-3-8B_sllm-condense_2 replica b93939e2-1d05-447d-87d6-64d0fb27b31d success
INFO 07-21 11:18:56 server.py:175] Confirm GPU group 254 for meta-llama/Meta-Llama-3-8B_sllm-condense_2 replica b93939e2-1d05-447d-87d6-64d0fb27b31d success
INFO 07-21 11:18:56 server.py:175] Confirm GPU group 255 for meta-llama/Meta-Llama-3-8B_sllm-condense_2 replica b93939e2-1d05-447d-87d6-64d0fb27b31d success
INFO 07-21 11:18:56 server.py:175] Confirm GPU group 256 for meta-llama/Meta-Llama-3-8B_sllm-condense_2 replica b93939e2-1d05-447d-87d6-64d0fb27b31d success
INFO 07-21 11:18:56 server.py:175] Confirm GPU group 257 for meta-llama/Meta-Llama-3-8B_sllm-condense_2 replica b93939e2-1d05-447d-87d6-64d0fb27b31d success
INFO 07-21 11:18:56 server.py:175] Confirm GPU group 258 for meta-llama/Meta-Llama-3-8B_sllm-condense_2 replica b93939e2-1d05-447d-87d6-64d0fb27b31d success
INFO 07-21 11:18:56 server.py:175] Confirm GPU group 259 for meta-llama/Meta-Llama-3-8B_sllm-condense_2 replica b93939e2-1d05-447d-87d6-64d0fb27b31d success
INFO 07-21 11:18:56 server.py:175] Confirm GPU group 260 for meta-llama/Meta-Llama-3-8B_sllm-condense_2 replica b93939e2-1d05-447d-87d6-64d0fb27b31d success
INFO 07-21 11:18:56 server.py:175] Confirm GPU group 261 for meta-llama/Meta-Llama-3-8B_sllm-condense_2 replica b93939e2-1d05-447d-87d6-64d0fb27b31d success
INFO 07-21 11:18:56 server.py:175] Confirm GPU group 262 for meta-llama/Meta-Llama-3-8B_sllm-condense_2 replica b93939e2-1d05-447d-87d6-64d0fb27b31d success
INFO 07-21 11:18:56 server.py:175] Confirm GPU group 263 for meta-llama/Meta-Llama-3-8B_sllm-condense_2 replica b93939e2-1d05-447d-87d6-64d0fb27b31d success
INFO 07-21 11:18:56 server.py:175] Confirm GPU group 264 for meta-llama/Meta-Llama-3-8B_sllm-condense_2 replica b93939e2-1d05-447d-87d6-64d0fb27b31d success
INFO 07-21 11:18:56 server.py:175] Confirm GPU group 265 for meta-llama/Meta-Llama-3-8B_sllm-condense_2 replica b93939e2-1d05-447d-87d6-64d0fb27b31d success
INFO 07-21 11:18:56 server.py:175] Confirm GPU group 266 for meta-llama/Meta-Llama-3-8B_sllm-condense_2 replica b93939e2-1d05-447d-87d6-64d0fb27b31d success
INFO 07-21 11:18:56 server.py:175] Confirm GPU group 267 for meta-llama/Meta-Llama-3-8B_sllm-condense_2 replica b93939e2-1d05-447d-87d6-64d0fb27b31d success
INFO 07-21 11:18:56 server.py:175] Confirm GPU group 268 for meta-llama/Meta-Llama-3-8B_sllm-condense_2 replica b93939e2-1d05-447d-87d6-64d0fb27b31d success
INFO 07-21 11:18:56 server.py:175] Confirm GPU group 269 for meta-llama/Meta-Llama-3-8B_sllm-condense_2 replica b93939e2-1d05-447d-87d6-64d0fb27b31d success
INFO 07-21 11:18:56 server.py:175] Confirm GPU group 270 for meta-llama/Meta-Llama-3-8B_sllm-condense_2 replica b93939e2-1d05-447d-87d6-64d0fb27b31d success
INFO 07-21 11:18:56 server.py:175] Confirm GPU group 271 for meta-llama/Meta-Llama-3-8B_sllm-condense_2 replica b93939e2-1d05-447d-87d6-64d0fb27b31d success
INFO 07-21 11:18:56 server.py:175] Confirm GPU group 272 for meta-llama/Meta-Llama-3-8B_sllm-condense_2 replica b93939e2-1d05-447d-87d6-64d0fb27b31d success
INFO 07-21 11:18:56 server.py:175] Confirm GPU group 273 for meta-llama/Meta-Llama-3-8B_sllm-condense_2 replica b93939e2-1d05-447d-87d6-64d0fb27b31d success
INFO 07-21 11:18:56 server.py:175] Confirm GPU group 274 for meta-llama/Meta-Llama-3-8B_sllm-condense_2 replica b93939e2-1d05-447d-87d6-64d0fb27b31d success
INFO 07-21 11:18:56 server.py:175] Confirm GPU group 275 for meta-llama/Meta-Llama-3-8B_sllm-condense_2 replica b93939e2-1d05-447d-87d6-64d0fb27b31d success
INFO 07-21 11:18:56 server.py:175] Confirm GPU group 276 for meta-llama/Meta-Llama-3-8B_sllm-condense_2 replica b93939e2-1d05-447d-87d6-64d0fb27b31d success
INFO 07-21 11:18:56 server.py:175] Confirm GPU group 277 for meta-llama/Meta-Llama-3-8B_sllm-condense_2 replica b93939e2-1d05-447d-87d6-64d0fb27b31d success
INFO 07-21 11:18:56 server.py:175] Confirm GPU group 278 for meta-llama/Meta-Llama-3-8B_sllm-condense_2 replica b93939e2-1d05-447d-87d6-64d0fb27b31d success
INFO 07-21 11:18:56 server.py:175] Confirm GPU group 279 for meta-llama/Meta-Llama-3-8B_sllm-condense_2 replica b93939e2-1d05-447d-87d6-64d0fb27b31d success
INFO 07-21 11:18:56 server.py:175] Confirm GPU group 280 for meta-llama/Meta-Llama-3-8B_sllm-condense_2 replica b93939e2-1d05-447d-87d6-64d0fb27b31d success
INFO 07-21 11:18:56 server.py:175] Confirm GPU group 281 for meta-llama/Meta-Llama-3-8B_sllm-condense_2 replica b93939e2-1d05-447d-87d6-64d0fb27b31d success
INFO 07-21 11:18:56 server.py:175] Confirm GPU group 282 for meta-llama/Meta-Llama-3-8B_sllm-condense_2 replica b93939e2-1d05-447d-87d6-64d0fb27b31d success
INFO 07-21 11:18:56 server.py:175] Confirm GPU group 283 for meta-llama/Meta-Llama-3-8B_sllm-condense_2 replica b93939e2-1d05-447d-87d6-64d0fb27b31d success
INFO 07-21 11:18:56 server.py:175] Confirm GPU group 284 for meta-llama/Meta-Llama-3-8B_sllm-condense_2 replica b93939e2-1d05-447d-87d6-64d0fb27b31d success
INFO 07-21 11:18:57 server.py:175] Confirm GPU group 285 for meta-llama/Meta-Llama-3-8B_sllm-condense_2 replica b93939e2-1d05-447d-87d6-64d0fb27b31d success
INFO 07-21 11:18:57 server.py:175] Confirm GPU group 286 for meta-llama/Meta-Llama-3-8B_sllm-condense_2 replica b93939e2-1d05-447d-87d6-64d0fb27b31d success
INFO 07-21 11:18:57 server.py:175] Confirm GPU group 287 for meta-llama/Meta-Llama-3-8B_sllm-condense_2 replica b93939e2-1d05-447d-87d6-64d0fb27b31d success
INFO 07-21 11:18:57 server.py:175] Confirm GPU group 288 for meta-llama/Meta-Llama-3-8B_sllm-condense_2 replica b93939e2-1d05-447d-87d6-64d0fb27b31d success
INFO 07-21 11:18:57 server.py:175] Confirm GPU group 289 for meta-llama/Meta-Llama-3-8B_sllm-condense_2 replica b93939e2-1d05-447d-87d6-64d0fb27b31d success
INFO 07-21 11:18:57 server.py:175] Confirm GPU group 290 for meta-llama/Meta-Llama-3-8B_sllm-condense_2 replica b93939e2-1d05-447d-87d6-64d0fb27b31d success
INFO 07-21 11:18:57 server.py:138] Confirm model meta-llama/Meta-Llama-3-8B_sllm-condense_2 replica b93939e2-1d05-447d-87d6-64d0fb27b31d success
