INFO 07-21 11:01:50 cli.py:211] Starting gRPC server
INFO 07-21 11:01:50 server.py:40] StorageServicer: storage_path=/mnt/data1/mechels, mem_pool_size=34359738368, num_thread=4, chunk_size=16777216, registration_required=False
WARNING: Logging before InitGoogleLogging() is written to STDERR
I20260721 11:01:50.879451 2643496 checkpoint_store.cpp:41] Number of GPUs: 1
I20260721 11:01:50.879506 2643496 checkpoint_store.cpp:43] I/O threads: 4, chunk size: 16MB
I20260721 11:01:50.879515 2643496 checkpoint_store.cpp:45] Storage path: "/mnt/data1/mechels"
I20260721 11:01:50.999786 2643496 checkpoint_store.cpp:71] GPU 0 UUID: fcba4fca-be40-5d12-2c9b-81a2c624a2a7
I20260721 11:01:50.999854 2643496 pinned_memory_pool.cpp:29] Creating PinnedMemoryPool with 2048 buffers of 16777216 bytes
I20260721 11:02:01.406688 2643496 checkpoint_store.cpp:83] Memory pool created with 32GB
INFO 07-21 11:02:01 server.py:270] Starting gRPC server on 0.0.0.0:8073
I20260721 11:02:10.654412 2643496 model.cpp:53] Tensor file "/mnt/data1/mechels/meta-llama/Meta-Llama-3-8B_sllm-condense_0/tensor.data_1" does not exist
I20260721 11:02:10.654484 2643496 checkpoint_store.cpp:106] Model meta-llama/Meta-Llama-3-8B_sllm-condense_0 is registered
INFO 07-21 11:02:10 server.py:115] LoadModel: success meta-llama/Meta-Llama-3-8B_sllm-condense_0 with target 1
I20260721 11:02:10.654781 2644755 pinned_memory_pool.cpp:78] PinnedMemoryPool Allocate 423 buffers free buffers 1625 total buffers 2048
I20260721 11:02:10.662216 2644755 model.cpp:120] Loading model meta-llama/Meta-Llama-3-8B_sllm-condense_0 size 7080615848 to host
I20260721 11:02:10.662256 2644755 model.cpp:134] Loading model meta-llama/Meta-Llama-3-8B_sllm-condense_0 to host with 4 threads, 423 chunks, 16777216 chunk size, 106 chunks per thread
I20260721 11:02:10.662503 2644758 model.cpp:155] Thread 1 starting from partition 0 offset 1778384896
I20260721 11:02:10.662546 2644757 model.cpp:155] Thread 0 starting from partition 0 offset 0
I20260721 11:02:10.662561 2644759 model.cpp:155] Thread 2 starting from partition 0 offset 3556769792
I20260721 11:02:10.662627 2644760 model.cpp:155] Thread 3 starting from partition 0 offset 5335154688
INFO 07-21 11:02:11 server.py:115] LoadModel: success meta-llama/Meta-Llama-3-8B_sllm-condense_0 with target 2
I20260721 11:02:11.806723 2644789 checkpoint_store.cpp:209] Loading model meta-llama/Meta-Llama-3-8B_sllm-condense_0
I20260721 11:02:11.867472 2644789 model.cpp:269] Creating replica 64ac0e42-fdbc-4314-b702-91bed1509566
I20260721 11:02:11.867529 2644789 model.cpp:273] Creating queue for device 0
I20260721 11:02:11.867563 2644789 model.cpp:284] Created replica 64ac0e42-fdbc-4314-b702-91bed1509566
I20260721 11:02:11.867666 2644789 model.cpp:295] Dispatcher started for model meta-llama/Meta-Llama-3-8B_sllm-condense_0
I20260721 11:02:11.867707 2644789 model.cpp:361] Waiting for model meta-llama/Meta-Llama-3-8B_sllm-condense_0 num tasks 1 state 3
INFO 07-21 11:02:27 server.py:175] Confirm GPU group 0 for meta-llama/Meta-Llama-3-8B_sllm-condense_0 replica 64ac0e42-fdbc-4314-b702-91bed1509566 success
INFO 07-21 11:02:27 server.py:175] Confirm GPU group 1 for meta-llama/Meta-Llama-3-8B_sllm-condense_0 replica 64ac0e42-fdbc-4314-b702-91bed1509566 success
INFO 07-21 11:02:27 server.py:175] Confirm GPU group 2 for meta-llama/Meta-Llama-3-8B_sllm-condense_0 replica 64ac0e42-fdbc-4314-b702-91bed1509566 success
INFO 07-21 11:02:27 server.py:175] Confirm GPU group 3 for meta-llama/Meta-Llama-3-8B_sllm-condense_0 replica 64ac0e42-fdbc-4314-b702-91bed1509566 success
INFO 07-21 11:02:27 server.py:175] Confirm GPU group 4 for meta-llama/Meta-Llama-3-8B_sllm-condense_0 replica 64ac0e42-fdbc-4314-b702-91bed1509566 success
INFO 07-21 11:02:30 server.py:175] Confirm GPU group 5 for meta-llama/Meta-Llama-3-8B_sllm-condense_0 replica 64ac0e42-fdbc-4314-b702-91bed1509566 success
INFO 07-21 11:02:32 server.py:175] Confirm GPU group 6 for meta-llama/Meta-Llama-3-8B_sllm-condense_0 replica 64ac0e42-fdbc-4314-b702-91bed1509566 success
INFO 07-21 11:02:34 server.py:175] Confirm GPU group 7 for meta-llama/Meta-Llama-3-8B_sllm-condense_0 replica 64ac0e42-fdbc-4314-b702-91bed1509566 success
INFO 07-21 11:02:34 server.py:175] Confirm GPU group 8 for meta-llama/Meta-Llama-3-8B_sllm-condense_0 replica 64ac0e42-fdbc-4314-b702-91bed1509566 success
INFO 07-21 11:02:34 server.py:175] Confirm GPU group 9 for meta-llama/Meta-Llama-3-8B_sllm-condense_0 replica 64ac0e42-fdbc-4314-b702-91bed1509566 success
INFO 07-21 11:02:35 server.py:175] Confirm GPU group 10 for meta-llama/Meta-Llama-3-8B_sllm-condense_0 replica 64ac0e42-fdbc-4314-b702-91bed1509566 success
INFO 07-21 11:02:35 server.py:175] Confirm GPU group 11 for meta-llama/Meta-Llama-3-8B_sllm-condense_0 replica 64ac0e42-fdbc-4314-b702-91bed1509566 success
INFO 07-21 11:02:36 server.py:175] Confirm GPU group 12 for meta-llama/Meta-Llama-3-8B_sllm-condense_0 replica 64ac0e42-fdbc-4314-b702-91bed1509566 success
INFO 07-21 11:02:36 server.py:175] Confirm GPU group 13 for meta-llama/Meta-Llama-3-8B_sllm-condense_0 replica 64ac0e42-fdbc-4314-b702-91bed1509566 success
INFO 07-21 11:02:39 server.py:175] Confirm GPU group 14 for meta-llama/Meta-Llama-3-8B_sllm-condense_0 replica 64ac0e42-fdbc-4314-b702-91bed1509566 success
INFO 07-21 11:02:41 server.py:175] Confirm GPU group 15 for meta-llama/Meta-Llama-3-8B_sllm-condense_0 replica 64ac0e42-fdbc-4314-b702-91bed1509566 success
INFO 07-21 11:02:43 server.py:175] Confirm GPU group 16 for meta-llama/Meta-Llama-3-8B_sllm-condense_0 replica 64ac0e42-fdbc-4314-b702-91bed1509566 success
INFO 07-21 11:02:43 server.py:175] Confirm GPU group 17 for meta-llama/Meta-Llama-3-8B_sllm-condense_0 replica 64ac0e42-fdbc-4314-b702-91bed1509566 success
INFO 07-21 11:02:43 server.py:175] Confirm GPU group 18 for meta-llama/Meta-Llama-3-8B_sllm-condense_0 replica 64ac0e42-fdbc-4314-b702-91bed1509566 success
INFO 07-21 11:02:44 server.py:175] Confirm GPU group 19 for meta-llama/Meta-Llama-3-8B_sllm-condense_0 replica 64ac0e42-fdbc-4314-b702-91bed1509566 success
INFO 07-21 11:02:44 server.py:175] Confirm GPU group 20 for meta-llama/Meta-Llama-3-8B_sllm-condense_0 replica 64ac0e42-fdbc-4314-b702-91bed1509566 success
INFO 07-21 11:02:44 server.py:175] Confirm GPU group 21 for meta-llama/Meta-Llama-3-8B_sllm-condense_0 replica 64ac0e42-fdbc-4314-b702-91bed1509566 success
INFO 07-21 11:02:44 server.py:175] Confirm GPU group 22 for meta-llama/Meta-Llama-3-8B_sllm-condense_0 replica 64ac0e42-fdbc-4314-b702-91bed1509566 success
INFO 07-21 11:02:47 server.py:175] Confirm GPU group 23 for meta-llama/Meta-Llama-3-8B_sllm-condense_0 replica 64ac0e42-fdbc-4314-b702-91bed1509566 success
INFO 07-21 11:02:49 server.py:175] Confirm GPU group 24 for meta-llama/Meta-Llama-3-8B_sllm-condense_0 replica 64ac0e42-fdbc-4314-b702-91bed1509566 success
INFO 07-21 11:02:52 server.py:175] Confirm GPU group 25 for meta-llama/Meta-Llama-3-8B_sllm-condense_0 replica 64ac0e42-fdbc-4314-b702-91bed1509566 success
INFO 07-21 11:02:52 server.py:175] Confirm GPU group 26 for meta-llama/Meta-Llama-3-8B_sllm-condense_0 replica 64ac0e42-fdbc-4314-b702-91bed1509566 success
INFO 07-21 11:02:52 server.py:175] Confirm GPU group 27 for meta-llama/Meta-Llama-3-8B_sllm-condense_0 replica 64ac0e42-fdbc-4314-b702-91bed1509566 success
INFO 07-21 11:02:52 server.py:175] Confirm GPU group 28 for meta-llama/Meta-Llama-3-8B_sllm-condense_0 replica 64ac0e42-fdbc-4314-b702-91bed1509566 success
INFO 07-21 11:02:52 server.py:175] Confirm GPU group 29 for meta-llama/Meta-Llama-3-8B_sllm-condense_0 replica 64ac0e42-fdbc-4314-b702-91bed1509566 success
INFO 07-21 11:02:53 server.py:175] Confirm GPU group 30 for meta-llama/Meta-Llama-3-8B_sllm-condense_0 replica 64ac0e42-fdbc-4314-b702-91bed1509566 success
INFO 07-21 11:02:53 server.py:175] Confirm GPU group 31 for meta-llama/Meta-Llama-3-8B_sllm-condense_0 replica 64ac0e42-fdbc-4314-b702-91bed1509566 success
INFO 07-21 11:02:56 server.py:175] Confirm GPU group 32 for meta-llama/Meta-Llama-3-8B_sllm-condense_0 replica 64ac0e42-fdbc-4314-b702-91bed1509566 success
INFO 07-21 11:02:58 server.py:175] Confirm GPU group 33 for meta-llama/Meta-Llama-3-8B_sllm-condense_0 replica 64ac0e42-fdbc-4314-b702-91bed1509566 success
INFO 07-21 11:03:00 server.py:175] Confirm GPU group 34 for meta-llama/Meta-Llama-3-8B_sllm-condense_0 replica 64ac0e42-fdbc-4314-b702-91bed1509566 success
INFO 07-21 11:03:00 server.py:175] Confirm GPU group 35 for meta-llama/Meta-Llama-3-8B_sllm-condense_0 replica 64ac0e42-fdbc-4314-b702-91bed1509566 success
INFO 07-21 11:03:00 server.py:175] Confirm GPU group 36 for meta-llama/Meta-Llama-3-8B_sllm-condense_0 replica 64ac0e42-fdbc-4314-b702-91bed1509566 success
INFO 07-21 11:03:00 server.py:175] Confirm GPU group 37 for meta-llama/Meta-Llama-3-8B_sllm-condense_0 replica 64ac0e42-fdbc-4314-b702-91bed1509566 success
INFO 07-21 11:03:00 server.py:175] Confirm GPU group 38 for meta-llama/Meta-Llama-3-8B_sllm-condense_0 replica 64ac0e42-fdbc-4314-b702-91bed1509566 success
INFO 07-21 11:03:00 server.py:175] Confirm GPU group 39 for meta-llama/Meta-Llama-3-8B_sllm-condense_0 replica 64ac0e42-fdbc-4314-b702-91bed1509566 success
INFO 07-21 11:03:01 server.py:175] Confirm GPU group 40 for meta-llama/Meta-Llama-3-8B_sllm-condense_0 replica 64ac0e42-fdbc-4314-b702-91bed1509566 success
INFO 07-21 11:03:03 server.py:175] Confirm GPU group 41 for meta-llama/Meta-Llama-3-8B_sllm-condense_0 replica 64ac0e42-fdbc-4314-b702-91bed1509566 success
INFO 07-21 11:03:05 server.py:175] Confirm GPU group 42 for meta-llama/Meta-Llama-3-8B_sllm-condense_0 replica 64ac0e42-fdbc-4314-b702-91bed1509566 success
INFO 07-21 11:03:08 server.py:175] Confirm GPU group 43 for meta-llama/Meta-Llama-3-8B_sllm-condense_0 replica 64ac0e42-fdbc-4314-b702-91bed1509566 success
INFO 07-21 11:03:08 server.py:175] Confirm GPU group 44 for meta-llama/Meta-Llama-3-8B_sllm-condense_0 replica 64ac0e42-fdbc-4314-b702-91bed1509566 success
INFO 07-21 11:03:08 server.py:175] Confirm GPU group 45 for meta-llama/Meta-Llama-3-8B_sllm-condense_0 replica 64ac0e42-fdbc-4314-b702-91bed1509566 success
INFO 07-21 11:03:08 server.py:175] Confirm GPU group 46 for meta-llama/Meta-Llama-3-8B_sllm-condense_0 replica 64ac0e42-fdbc-4314-b702-91bed1509566 success
INFO 07-21 11:03:08 server.py:175] Confirm GPU group 47 for meta-llama/Meta-Llama-3-8B_sllm-condense_0 replica 64ac0e42-fdbc-4314-b702-91bed1509566 success
INFO 07-21 11:03:08 server.py:175] Confirm GPU group 48 for meta-llama/Meta-Llama-3-8B_sllm-condense_0 replica 64ac0e42-fdbc-4314-b702-91bed1509566 success
INFO 07-21 11:03:09 server.py:175] Confirm GPU group 49 for meta-llama/Meta-Llama-3-8B_sllm-condense_0 replica 64ac0e42-fdbc-4314-b702-91bed1509566 success
INFO 07-21 11:03:11 server.py:175] Confirm GPU group 50 for meta-llama/Meta-Llama-3-8B_sllm-condense_0 replica 64ac0e42-fdbc-4314-b702-91bed1509566 success
INFO 07-21 11:03:13 server.py:175] Confirm GPU group 51 for meta-llama/Meta-Llama-3-8B_sllm-condense_0 replica 64ac0e42-fdbc-4314-b702-91bed1509566 success
INFO 07-21 11:03:15 server.py:175] Confirm GPU group 52 for meta-llama/Meta-Llama-3-8B_sllm-condense_0 replica 64ac0e42-fdbc-4314-b702-91bed1509566 success
INFO 07-21 11:03:15 server.py:175] Confirm GPU group 53 for meta-llama/Meta-Llama-3-8B_sllm-condense_0 replica 64ac0e42-fdbc-4314-b702-91bed1509566 success
INFO 07-21 11:03:15 server.py:175] Confirm GPU group 54 for meta-llama/Meta-Llama-3-8B_sllm-condense_0 replica 64ac0e42-fdbc-4314-b702-91bed1509566 success
INFO 07-21 11:03:16 server.py:175] Confirm GPU group 55 for meta-llama/Meta-Llama-3-8B_sllm-condense_0 replica 64ac0e42-fdbc-4314-b702-91bed1509566 success
INFO 07-21 11:03:16 server.py:175] Confirm GPU group 56 for meta-llama/Meta-Llama-3-8B_sllm-condense_0 replica 64ac0e42-fdbc-4314-b702-91bed1509566 success
INFO 07-21 11:03:17 server.py:175] Confirm GPU group 57 for meta-llama/Meta-Llama-3-8B_sllm-condense_0 replica 64ac0e42-fdbc-4314-b702-91bed1509566 success
INFO 07-21 11:03:17 server.py:175] Confirm GPU group 58 for meta-llama/Meta-Llama-3-8B_sllm-condense_0 replica 64ac0e42-fdbc-4314-b702-91bed1509566 success
INFO 07-21 11:03:20 server.py:175] Confirm GPU group 59 for meta-llama/Meta-Llama-3-8B_sllm-condense_0 replica 64ac0e42-fdbc-4314-b702-91bed1509566 success
INFO 07-21 11:03:21 server.py:175] Confirm GPU group 60 for meta-llama/Meta-Llama-3-8B_sllm-condense_0 replica 64ac0e42-fdbc-4314-b702-91bed1509566 success
I20260721 11:03:22.469944 2644791 model.cpp:354] Finished loading tensor from memory to device 0
INFO 07-21 11:03:22 server.py:175] Confirm GPU group 61 for meta-llama/Meta-Llama-3-8B_sllm-condense_0 replica 64ac0e42-fdbc-4314-b702-91bed1509566 success
I20260721 11:03:22.506227 2644755 model.cpp:250] Finished loading model meta-llama/Meta-Llama-3-8B_sllm-condense_0 from disk
INFO 07-21 11:03:22 server.py:175] Confirm GPU group 62 for meta-llama/Meta-Llama-3-8B_sllm-condense_0 replica 64ac0e42-fdbc-4314-b702-91bed1509566 success
INFO 07-21 11:03:22 server.py:175] Confirm GPU group 63 for meta-llama/Meta-Llama-3-8B_sllm-condense_0 replica 64ac0e42-fdbc-4314-b702-91bed1509566 success
INFO 07-21 11:03:22 server.py:175] Confirm GPU group 64 for meta-llama/Meta-Llama-3-8B_sllm-condense_0 replica 64ac0e42-fdbc-4314-b702-91bed1509566 success
INFO 07-21 11:03:22 server.py:175] Confirm GPU group 65 for meta-llama/Meta-Llama-3-8B_sllm-condense_0 replica 64ac0e42-fdbc-4314-b702-91bed1509566 success
INFO 07-21 11:03:22 server.py:175] Confirm GPU group 66 for meta-llama/Meta-Llama-3-8B_sllm-condense_0 replica 64ac0e42-fdbc-4314-b702-91bed1509566 success
INFO 07-21 11:03:22 server.py:175] Confirm GPU group 67 for meta-llama/Meta-Llama-3-8B_sllm-condense_0 replica 64ac0e42-fdbc-4314-b702-91bed1509566 success
INFO 07-21 11:03:22 server.py:175] Confirm GPU group 68 for meta-llama/Meta-Llama-3-8B_sllm-condense_0 replica 64ac0e42-fdbc-4314-b702-91bed1509566 success
INFO 07-21 11:03:22 server.py:175] Confirm GPU group 69 for meta-llama/Meta-Llama-3-8B_sllm-condense_0 replica 64ac0e42-fdbc-4314-b702-91bed1509566 success
INFO 07-21 11:03:22 server.py:175] Confirm GPU group 70 for meta-llama/Meta-Llama-3-8B_sllm-condense_0 replica 64ac0e42-fdbc-4314-b702-91bed1509566 success
INFO 07-21 11:03:22 server.py:175] Confirm GPU group 71 for meta-llama/Meta-Llama-3-8B_sllm-condense_0 replica 64ac0e42-fdbc-4314-b702-91bed1509566 success
INFO 07-21 11:03:22 server.py:175] Confirm GPU group 72 for meta-llama/Meta-Llama-3-8B_sllm-condense_0 replica 64ac0e42-fdbc-4314-b702-91bed1509566 success
INFO 07-21 11:03:22 server.py:175] Confirm GPU group 73 for meta-llama/Meta-Llama-3-8B_sllm-condense_0 replica 64ac0e42-fdbc-4314-b702-91bed1509566 success
INFO 07-21 11:03:22 server.py:175] Confirm GPU group 74 for meta-llama/Meta-Llama-3-8B_sllm-condense_0 replica 64ac0e42-fdbc-4314-b702-91bed1509566 success
INFO 07-21 11:03:22 server.py:175] Confirm GPU group 75 for meta-llama/Meta-Llama-3-8B_sllm-condense_0 replica 64ac0e42-fdbc-4314-b702-91bed1509566 success
INFO 07-21 11:03:22 server.py:175] Confirm GPU group 76 for meta-llama/Meta-Llama-3-8B_sllm-condense_0 replica 64ac0e42-fdbc-4314-b702-91bed1509566 success
INFO 07-21 11:03:22 server.py:175] Confirm GPU group 77 for meta-llama/Meta-Llama-3-8B_sllm-condense_0 replica 64ac0e42-fdbc-4314-b702-91bed1509566 success
INFO 07-21 11:03:22 server.py:175] Confirm GPU group 78 for meta-llama/Meta-Llama-3-8B_sllm-condense_0 replica 64ac0e42-fdbc-4314-b702-91bed1509566 success
INFO 07-21 11:03:22 server.py:175] Confirm GPU group 79 for meta-llama/Meta-Llama-3-8B_sllm-condense_0 replica 64ac0e42-fdbc-4314-b702-91bed1509566 success
INFO 07-21 11:03:22 server.py:175] Confirm GPU group 80 for meta-llama/Meta-Llama-3-8B_sllm-condense_0 replica 64ac0e42-fdbc-4314-b702-91bed1509566 success
INFO 07-21 11:03:22 server.py:175] Confirm GPU group 81 for meta-llama/Meta-Llama-3-8B_sllm-condense_0 replica 64ac0e42-fdbc-4314-b702-91bed1509566 success
INFO 07-21 11:03:22 server.py:175] Confirm GPU group 82 for meta-llama/Meta-Llama-3-8B_sllm-condense_0 replica 64ac0e42-fdbc-4314-b702-91bed1509566 success
INFO 07-21 11:03:23 server.py:175] Confirm GPU group 83 for meta-llama/Meta-Llama-3-8B_sllm-condense_0 replica 64ac0e42-fdbc-4314-b702-91bed1509566 success
INFO 07-21 11:03:23 server.py:175] Confirm GPU group 84 for meta-llama/Meta-Llama-3-8B_sllm-condense_0 replica 64ac0e42-fdbc-4314-b702-91bed1509566 success
INFO 07-21 11:03:23 server.py:175] Confirm GPU group 85 for meta-llama/Meta-Llama-3-8B_sllm-condense_0 replica 64ac0e42-fdbc-4314-b702-91bed1509566 success
INFO 07-21 11:03:23 server.py:175] Confirm GPU group 86 for meta-llama/Meta-Llama-3-8B_sllm-condense_0 replica 64ac0e42-fdbc-4314-b702-91bed1509566 success
INFO 07-21 11:03:23 server.py:175] Confirm GPU group 87 for meta-llama/Meta-Llama-3-8B_sllm-condense_0 replica 64ac0e42-fdbc-4314-b702-91bed1509566 success
INFO 07-21 11:03:23 server.py:175] Confirm GPU group 88 for meta-llama/Meta-Llama-3-8B_sllm-condense_0 replica 64ac0e42-fdbc-4314-b702-91bed1509566 success
INFO 07-21 11:03:23 server.py:175] Confirm GPU group 89 for meta-llama/Meta-Llama-3-8B_sllm-condense_0 replica 64ac0e42-fdbc-4314-b702-91bed1509566 success
INFO 07-21 11:03:23 server.py:175] Confirm GPU group 90 for meta-llama/Meta-Llama-3-8B_sllm-condense_0 replica 64ac0e42-fdbc-4314-b702-91bed1509566 success
INFO 07-21 11:03:23 server.py:175] Confirm GPU group 91 for meta-llama/Meta-Llama-3-8B_sllm-condense_0 replica 64ac0e42-fdbc-4314-b702-91bed1509566 success
INFO 07-21 11:03:23 server.py:175] Confirm GPU group 92 for meta-llama/Meta-Llama-3-8B_sllm-condense_0 replica 64ac0e42-fdbc-4314-b702-91bed1509566 success
INFO 07-21 11:03:23 server.py:175] Confirm GPU group 93 for meta-llama/Meta-Llama-3-8B_sllm-condense_0 replica 64ac0e42-fdbc-4314-b702-91bed1509566 success
INFO 07-21 11:03:23 server.py:175] Confirm GPU group 94 for meta-llama/Meta-Llama-3-8B_sllm-condense_0 replica 64ac0e42-fdbc-4314-b702-91bed1509566 success
INFO 07-21 11:03:23 server.py:175] Confirm GPU group 95 for meta-llama/Meta-Llama-3-8B_sllm-condense_0 replica 64ac0e42-fdbc-4314-b702-91bed1509566 success
INFO 07-21 11:03:23 server.py:175] Confirm GPU group 96 for meta-llama/Meta-Llama-3-8B_sllm-condense_0 replica 64ac0e42-fdbc-4314-b702-91bed1509566 success
INFO 07-21 11:03:23 server.py:175] Confirm GPU group 97 for meta-llama/Meta-Llama-3-8B_sllm-condense_0 replica 64ac0e42-fdbc-4314-b702-91bed1509566 success
INFO 07-21 11:03:23 server.py:175] Confirm GPU group 98 for meta-llama/Meta-Llama-3-8B_sllm-condense_0 replica 64ac0e42-fdbc-4314-b702-91bed1509566 success
INFO 07-21 11:03:23 server.py:175] Confirm GPU group 99 for meta-llama/Meta-Llama-3-8B_sllm-condense_0 replica 64ac0e42-fdbc-4314-b702-91bed1509566 success
INFO 07-21 11:03:23 server.py:175] Confirm GPU group 100 for meta-llama/Meta-Llama-3-8B_sllm-condense_0 replica 64ac0e42-fdbc-4314-b702-91bed1509566 success
INFO 07-21 11:03:23 server.py:175] Confirm GPU group 101 for meta-llama/Meta-Llama-3-8B_sllm-condense_0 replica 64ac0e42-fdbc-4314-b702-91bed1509566 success
INFO 07-21 11:03:23 server.py:175] Confirm GPU group 102 for meta-llama/Meta-Llama-3-8B_sllm-condense_0 replica 64ac0e42-fdbc-4314-b702-91bed1509566 success
INFO 07-21 11:03:23 server.py:175] Confirm GPU group 103 for meta-llama/Meta-Llama-3-8B_sllm-condense_0 replica 64ac0e42-fdbc-4314-b702-91bed1509566 success
INFO 07-21 11:03:23 server.py:175] Confirm GPU group 104 for meta-llama/Meta-Llama-3-8B_sllm-condense_0 replica 64ac0e42-fdbc-4314-b702-91bed1509566 success
INFO 07-21 11:03:23 server.py:175] Confirm GPU group 105 for meta-llama/Meta-Llama-3-8B_sllm-condense_0 replica 64ac0e42-fdbc-4314-b702-91bed1509566 success
INFO 07-21 11:03:23 server.py:175] Confirm GPU group 106 for meta-llama/Meta-Llama-3-8B_sllm-condense_0 replica 64ac0e42-fdbc-4314-b702-91bed1509566 success
INFO 07-21 11:03:23 server.py:175] Confirm GPU group 107 for meta-llama/Meta-Llama-3-8B_sllm-condense_0 replica 64ac0e42-fdbc-4314-b702-91bed1509566 success
INFO 07-21 11:03:23 server.py:175] Confirm GPU group 108 for meta-llama/Meta-Llama-3-8B_sllm-condense_0 replica 64ac0e42-fdbc-4314-b702-91bed1509566 success
INFO 07-21 11:03:23 server.py:175] Confirm GPU group 109 for meta-llama/Meta-Llama-3-8B_sllm-condense_0 replica 64ac0e42-fdbc-4314-b702-91bed1509566 success
INFO 07-21 11:03:23 server.py:175] Confirm GPU group 110 for meta-llama/Meta-Llama-3-8B_sllm-condense_0 replica 64ac0e42-fdbc-4314-b702-91bed1509566 success
INFO 07-21 11:03:23 server.py:175] Confirm GPU group 111 for meta-llama/Meta-Llama-3-8B_sllm-condense_0 replica 64ac0e42-fdbc-4314-b702-91bed1509566 success
INFO 07-21 11:03:23 server.py:175] Confirm GPU group 112 for meta-llama/Meta-Llama-3-8B_sllm-condense_0 replica 64ac0e42-fdbc-4314-b702-91bed1509566 success
INFO 07-21 11:03:23 server.py:175] Confirm GPU group 113 for meta-llama/Meta-Llama-3-8B_sllm-condense_0 replica 64ac0e42-fdbc-4314-b702-91bed1509566 success
INFO 07-21 11:03:23 server.py:175] Confirm GPU group 114 for meta-llama/Meta-Llama-3-8B_sllm-condense_0 replica 64ac0e42-fdbc-4314-b702-91bed1509566 success
INFO 07-21 11:03:23 server.py:175] Confirm GPU group 115 for meta-llama/Meta-Llama-3-8B_sllm-condense_0 replica 64ac0e42-fdbc-4314-b702-91bed1509566 success
INFO 07-21 11:03:23 server.py:175] Confirm GPU group 116 for meta-llama/Meta-Llama-3-8B_sllm-condense_0 replica 64ac0e42-fdbc-4314-b702-91bed1509566 success
INFO 07-21 11:03:23 server.py:175] Confirm GPU group 117 for meta-llama/Meta-Llama-3-8B_sllm-condense_0 replica 64ac0e42-fdbc-4314-b702-91bed1509566 success
INFO 07-21 11:03:23 server.py:175] Confirm GPU group 118 for meta-llama/Meta-Llama-3-8B_sllm-condense_0 replica 64ac0e42-fdbc-4314-b702-91bed1509566 success
INFO 07-21 11:03:23 server.py:175] Confirm GPU group 119 for meta-llama/Meta-Llama-3-8B_sllm-condense_0 replica 64ac0e42-fdbc-4314-b702-91bed1509566 success
INFO 07-21 11:03:23 server.py:175] Confirm GPU group 120 for meta-llama/Meta-Llama-3-8B_sllm-condense_0 replica 64ac0e42-fdbc-4314-b702-91bed1509566 success
INFO 07-21 11:03:23 server.py:175] Confirm GPU group 121 for meta-llama/Meta-Llama-3-8B_sllm-condense_0 replica 64ac0e42-fdbc-4314-b702-91bed1509566 success
INFO 07-21 11:03:23 server.py:175] Confirm GPU group 122 for meta-llama/Meta-Llama-3-8B_sllm-condense_0 replica 64ac0e42-fdbc-4314-b702-91bed1509566 success
INFO 07-21 11:03:23 server.py:175] Confirm GPU group 123 for meta-llama/Meta-Llama-3-8B_sllm-condense_0 replica 64ac0e42-fdbc-4314-b702-91bed1509566 success
INFO 07-21 11:03:23 server.py:175] Confirm GPU group 124 for meta-llama/Meta-Llama-3-8B_sllm-condense_0 replica 64ac0e42-fdbc-4314-b702-91bed1509566 success
INFO 07-21 11:03:24 server.py:175] Confirm GPU group 125 for meta-llama/Meta-Llama-3-8B_sllm-condense_0 replica 64ac0e42-fdbc-4314-b702-91bed1509566 success
INFO 07-21 11:03:24 server.py:175] Confirm GPU group 126 for meta-llama/Meta-Llama-3-8B_sllm-condense_0 replica 64ac0e42-fdbc-4314-b702-91bed1509566 success
INFO 07-21 11:03:24 server.py:175] Confirm GPU group 127 for meta-llama/Meta-Llama-3-8B_sllm-condense_0 replica 64ac0e42-fdbc-4314-b702-91bed1509566 success
INFO 07-21 11:03:24 server.py:175] Confirm GPU group 128 for meta-llama/Meta-Llama-3-8B_sllm-condense_0 replica 64ac0e42-fdbc-4314-b702-91bed1509566 success
INFO 07-21 11:03:24 server.py:175] Confirm GPU group 129 for meta-llama/Meta-Llama-3-8B_sllm-condense_0 replica 64ac0e42-fdbc-4314-b702-91bed1509566 success
INFO 07-21 11:03:24 server.py:175] Confirm GPU group 130 for meta-llama/Meta-Llama-3-8B_sllm-condense_0 replica 64ac0e42-fdbc-4314-b702-91bed1509566 success
INFO 07-21 11:03:24 server.py:175] Confirm GPU group 131 for meta-llama/Meta-Llama-3-8B_sllm-condense_0 replica 64ac0e42-fdbc-4314-b702-91bed1509566 success
INFO 07-21 11:03:24 server.py:175] Confirm GPU group 132 for meta-llama/Meta-Llama-3-8B_sllm-condense_0 replica 64ac0e42-fdbc-4314-b702-91bed1509566 success
INFO 07-21 11:03:24 server.py:175] Confirm GPU group 133 for meta-llama/Meta-Llama-3-8B_sllm-condense_0 replica 64ac0e42-fdbc-4314-b702-91bed1509566 success
INFO 07-21 11:03:24 server.py:175] Confirm GPU group 134 for meta-llama/Meta-Llama-3-8B_sllm-condense_0 replica 64ac0e42-fdbc-4314-b702-91bed1509566 success
INFO 07-21 11:03:24 server.py:175] Confirm GPU group 135 for meta-llama/Meta-Llama-3-8B_sllm-condense_0 replica 64ac0e42-fdbc-4314-b702-91bed1509566 success
INFO 07-21 11:03:24 server.py:175] Confirm GPU group 136 for meta-llama/Meta-Llama-3-8B_sllm-condense_0 replica 64ac0e42-fdbc-4314-b702-91bed1509566 success
INFO 07-21 11:03:24 server.py:175] Confirm GPU group 137 for meta-llama/Meta-Llama-3-8B_sllm-condense_0 replica 64ac0e42-fdbc-4314-b702-91bed1509566 success
INFO 07-21 11:03:24 server.py:175] Confirm GPU group 138 for meta-llama/Meta-Llama-3-8B_sllm-condense_0 replica 64ac0e42-fdbc-4314-b702-91bed1509566 success
INFO 07-21 11:03:24 server.py:175] Confirm GPU group 139 for meta-llama/Meta-Llama-3-8B_sllm-condense_0 replica 64ac0e42-fdbc-4314-b702-91bed1509566 success
INFO 07-21 11:03:24 server.py:175] Confirm GPU group 140 for meta-llama/Meta-Llama-3-8B_sllm-condense_0 replica 64ac0e42-fdbc-4314-b702-91bed1509566 success
INFO 07-21 11:03:24 server.py:175] Confirm GPU group 141 for meta-llama/Meta-Llama-3-8B_sllm-condense_0 replica 64ac0e42-fdbc-4314-b702-91bed1509566 success
INFO 07-21 11:03:24 server.py:175] Confirm GPU group 142 for meta-llama/Meta-Llama-3-8B_sllm-condense_0 replica 64ac0e42-fdbc-4314-b702-91bed1509566 success
INFO 07-21 11:03:24 server.py:175] Confirm GPU group 143 for meta-llama/Meta-Llama-3-8B_sllm-condense_0 replica 64ac0e42-fdbc-4314-b702-91bed1509566 success
INFO 07-21 11:03:24 server.py:175] Confirm GPU group 144 for meta-llama/Meta-Llama-3-8B_sllm-condense_0 replica 64ac0e42-fdbc-4314-b702-91bed1509566 success
INFO 07-21 11:03:24 server.py:175] Confirm GPU group 145 for meta-llama/Meta-Llama-3-8B_sllm-condense_0 replica 64ac0e42-fdbc-4314-b702-91bed1509566 success
INFO 07-21 11:03:24 server.py:175] Confirm GPU group 146 for meta-llama/Meta-Llama-3-8B_sllm-condense_0 replica 64ac0e42-fdbc-4314-b702-91bed1509566 success
INFO 07-21 11:03:24 server.py:175] Confirm GPU group 147 for meta-llama/Meta-Llama-3-8B_sllm-condense_0 replica 64ac0e42-fdbc-4314-b702-91bed1509566 success
INFO 07-21 11:03:24 server.py:175] Confirm GPU group 148 for meta-llama/Meta-Llama-3-8B_sllm-condense_0 replica 64ac0e42-fdbc-4314-b702-91bed1509566 success
INFO 07-21 11:03:24 server.py:175] Confirm GPU group 149 for meta-llama/Meta-Llama-3-8B_sllm-condense_0 replica 64ac0e42-fdbc-4314-b702-91bed1509566 success
INFO 07-21 11:03:24 server.py:175] Confirm GPU group 150 for meta-llama/Meta-Llama-3-8B_sllm-condense_0 replica 64ac0e42-fdbc-4314-b702-91bed1509566 success
INFO 07-21 11:03:24 server.py:175] Confirm GPU group 151 for meta-llama/Meta-Llama-3-8B_sllm-condense_0 replica 64ac0e42-fdbc-4314-b702-91bed1509566 success
INFO 07-21 11:03:24 server.py:175] Confirm GPU group 152 for meta-llama/Meta-Llama-3-8B_sllm-condense_0 replica 64ac0e42-fdbc-4314-b702-91bed1509566 success
INFO 07-21 11:03:24 server.py:175] Confirm GPU group 153 for meta-llama/Meta-Llama-3-8B_sllm-condense_0 replica 64ac0e42-fdbc-4314-b702-91bed1509566 success
INFO 07-21 11:03:24 server.py:175] Confirm GPU group 154 for meta-llama/Meta-Llama-3-8B_sllm-condense_0 replica 64ac0e42-fdbc-4314-b702-91bed1509566 success
INFO 07-21 11:03:24 server.py:175] Confirm GPU group 155 for meta-llama/Meta-Llama-3-8B_sllm-condense_0 replica 64ac0e42-fdbc-4314-b702-91bed1509566 success
INFO 07-21 11:03:24 server.py:175] Confirm GPU group 156 for meta-llama/Meta-Llama-3-8B_sllm-condense_0 replica 64ac0e42-fdbc-4314-b702-91bed1509566 success
INFO 07-21 11:03:24 server.py:175] Confirm GPU group 157 for meta-llama/Meta-Llama-3-8B_sllm-condense_0 replica 64ac0e42-fdbc-4314-b702-91bed1509566 success
INFO 07-21 11:03:24 server.py:175] Confirm GPU group 158 for meta-llama/Meta-Llama-3-8B_sllm-condense_0 replica 64ac0e42-fdbc-4314-b702-91bed1509566 success
INFO 07-21 11:03:24 server.py:175] Confirm GPU group 159 for meta-llama/Meta-Llama-3-8B_sllm-condense_0 replica 64ac0e42-fdbc-4314-b702-91bed1509566 success
INFO 07-21 11:03:24 server.py:175] Confirm GPU group 160 for meta-llama/Meta-Llama-3-8B_sllm-condense_0 replica 64ac0e42-fdbc-4314-b702-91bed1509566 success
INFO 07-21 11:03:24 server.py:175] Confirm GPU group 161 for meta-llama/Meta-Llama-3-8B_sllm-condense_0 replica 64ac0e42-fdbc-4314-b702-91bed1509566 success
INFO 07-21 11:03:24 server.py:175] Confirm GPU group 162 for meta-llama/Meta-Llama-3-8B_sllm-condense_0 replica 64ac0e42-fdbc-4314-b702-91bed1509566 success
INFO 07-21 11:03:24 server.py:175] Confirm GPU group 163 for meta-llama/Meta-Llama-3-8B_sllm-condense_0 replica 64ac0e42-fdbc-4314-b702-91bed1509566 success
INFO 07-21 11:03:24 server.py:175] Confirm GPU group 164 for meta-llama/Meta-Llama-3-8B_sllm-condense_0 replica 64ac0e42-fdbc-4314-b702-91bed1509566 success
INFO 07-21 11:03:24 server.py:175] Confirm GPU group 165 for meta-llama/Meta-Llama-3-8B_sllm-condense_0 replica 64ac0e42-fdbc-4314-b702-91bed1509566 success
INFO 07-21 11:03:24 server.py:175] Confirm GPU group 166 for meta-llama/Meta-Llama-3-8B_sllm-condense_0 replica 64ac0e42-fdbc-4314-b702-91bed1509566 success
INFO 07-21 11:03:24 server.py:175] Confirm GPU group 167 for meta-llama/Meta-Llama-3-8B_sllm-condense_0 replica 64ac0e42-fdbc-4314-b702-91bed1509566 success
INFO 07-21 11:03:24 server.py:175] Confirm GPU group 168 for meta-llama/Meta-Llama-3-8B_sllm-condense_0 replica 64ac0e42-fdbc-4314-b702-91bed1509566 success
INFO 07-21 11:03:25 server.py:175] Confirm GPU group 169 for meta-llama/Meta-Llama-3-8B_sllm-condense_0 replica 64ac0e42-fdbc-4314-b702-91bed1509566 success
INFO 07-21 11:03:25 server.py:175] Confirm GPU group 170 for meta-llama/Meta-Llama-3-8B_sllm-condense_0 replica 64ac0e42-fdbc-4314-b702-91bed1509566 success
INFO 07-21 11:03:25 server.py:175] Confirm GPU group 171 for meta-llama/Meta-Llama-3-8B_sllm-condense_0 replica 64ac0e42-fdbc-4314-b702-91bed1509566 success
INFO 07-21 11:03:25 server.py:175] Confirm GPU group 172 for meta-llama/Meta-Llama-3-8B_sllm-condense_0 replica 64ac0e42-fdbc-4314-b702-91bed1509566 success
INFO 07-21 11:03:25 server.py:175] Confirm GPU group 173 for meta-llama/Meta-Llama-3-8B_sllm-condense_0 replica 64ac0e42-fdbc-4314-b702-91bed1509566 success
INFO 07-21 11:03:25 server.py:175] Confirm GPU group 174 for meta-llama/Meta-Llama-3-8B_sllm-condense_0 replica 64ac0e42-fdbc-4314-b702-91bed1509566 success
INFO 07-21 11:03:25 server.py:175] Confirm GPU group 175 for meta-llama/Meta-Llama-3-8B_sllm-condense_0 replica 64ac0e42-fdbc-4314-b702-91bed1509566 success
INFO 07-21 11:03:25 server.py:175] Confirm GPU group 176 for meta-llama/Meta-Llama-3-8B_sllm-condense_0 replica 64ac0e42-fdbc-4314-b702-91bed1509566 success
INFO 07-21 11:03:25 server.py:175] Confirm GPU group 177 for meta-llama/Meta-Llama-3-8B_sllm-condense_0 replica 64ac0e42-fdbc-4314-b702-91bed1509566 success
INFO 07-21 11:03:25 server.py:175] Confirm GPU group 178 for meta-llama/Meta-Llama-3-8B_sllm-condense_0 replica 64ac0e42-fdbc-4314-b702-91bed1509566 success
INFO 07-21 11:03:25 server.py:175] Confirm GPU group 179 for meta-llama/Meta-Llama-3-8B_sllm-condense_0 replica 64ac0e42-fdbc-4314-b702-91bed1509566 success
INFO 07-21 11:03:25 server.py:175] Confirm GPU group 180 for meta-llama/Meta-Llama-3-8B_sllm-condense_0 replica 64ac0e42-fdbc-4314-b702-91bed1509566 success
INFO 07-21 11:03:25 server.py:175] Confirm GPU group 181 for meta-llama/Meta-Llama-3-8B_sllm-condense_0 replica 64ac0e42-fdbc-4314-b702-91bed1509566 success
INFO 07-21 11:03:25 server.py:175] Confirm GPU group 182 for meta-llama/Meta-Llama-3-8B_sllm-condense_0 replica 64ac0e42-fdbc-4314-b702-91bed1509566 success
INFO 07-21 11:03:25 server.py:175] Confirm GPU group 183 for meta-llama/Meta-Llama-3-8B_sllm-condense_0 replica 64ac0e42-fdbc-4314-b702-91bed1509566 success
INFO 07-21 11:03:25 server.py:175] Confirm GPU group 184 for meta-llama/Meta-Llama-3-8B_sllm-condense_0 replica 64ac0e42-fdbc-4314-b702-91bed1509566 success
INFO 07-21 11:03:25 server.py:175] Confirm GPU group 185 for meta-llama/Meta-Llama-3-8B_sllm-condense_0 replica 64ac0e42-fdbc-4314-b702-91bed1509566 success
INFO 07-21 11:03:25 server.py:175] Confirm GPU group 186 for meta-llama/Meta-Llama-3-8B_sllm-condense_0 replica 64ac0e42-fdbc-4314-b702-91bed1509566 success
INFO 07-21 11:03:25 server.py:175] Confirm GPU group 187 for meta-llama/Meta-Llama-3-8B_sllm-condense_0 replica 64ac0e42-fdbc-4314-b702-91bed1509566 success
INFO 07-21 11:03:25 server.py:175] Confirm GPU group 188 for meta-llama/Meta-Llama-3-8B_sllm-condense_0 replica 64ac0e42-fdbc-4314-b702-91bed1509566 success
INFO 07-21 11:03:25 server.py:175] Confirm GPU group 189 for meta-llama/Meta-Llama-3-8B_sllm-condense_0 replica 64ac0e42-fdbc-4314-b702-91bed1509566 success
INFO 07-21 11:03:25 server.py:175] Confirm GPU group 190 for meta-llama/Meta-Llama-3-8B_sllm-condense_0 replica 64ac0e42-fdbc-4314-b702-91bed1509566 success
INFO 07-21 11:03:25 server.py:175] Confirm GPU group 191 for meta-llama/Meta-Llama-3-8B_sllm-condense_0 replica 64ac0e42-fdbc-4314-b702-91bed1509566 success
INFO 07-21 11:03:25 server.py:175] Confirm GPU group 192 for meta-llama/Meta-Llama-3-8B_sllm-condense_0 replica 64ac0e42-fdbc-4314-b702-91bed1509566 success
INFO 07-21 11:03:25 server.py:175] Confirm GPU group 193 for meta-llama/Meta-Llama-3-8B_sllm-condense_0 replica 64ac0e42-fdbc-4314-b702-91bed1509566 success
INFO 07-21 11:03:25 server.py:175] Confirm GPU group 194 for meta-llama/Meta-Llama-3-8B_sllm-condense_0 replica 64ac0e42-fdbc-4314-b702-91bed1509566 success
INFO 07-21 11:03:25 server.py:175] Confirm GPU group 195 for meta-llama/Meta-Llama-3-8B_sllm-condense_0 replica 64ac0e42-fdbc-4314-b702-91bed1509566 success
INFO 07-21 11:03:25 server.py:175] Confirm GPU group 196 for meta-llama/Meta-Llama-3-8B_sllm-condense_0 replica 64ac0e42-fdbc-4314-b702-91bed1509566 success
INFO 07-21 11:03:25 server.py:175] Confirm GPU group 197 for meta-llama/Meta-Llama-3-8B_sllm-condense_0 replica 64ac0e42-fdbc-4314-b702-91bed1509566 success
INFO 07-21 11:03:25 server.py:175] Confirm GPU group 198 for meta-llama/Meta-Llama-3-8B_sllm-condense_0 replica 64ac0e42-fdbc-4314-b702-91bed1509566 success
INFO 07-21 11:03:25 server.py:175] Confirm GPU group 199 for meta-llama/Meta-Llama-3-8B_sllm-condense_0 replica 64ac0e42-fdbc-4314-b702-91bed1509566 success
INFO 07-21 11:03:25 server.py:175] Confirm GPU group 200 for meta-llama/Meta-Llama-3-8B_sllm-condense_0 replica 64ac0e42-fdbc-4314-b702-91bed1509566 success
INFO 07-21 11:03:25 server.py:175] Confirm GPU group 201 for meta-llama/Meta-Llama-3-8B_sllm-condense_0 replica 64ac0e42-fdbc-4314-b702-91bed1509566 success
INFO 07-21 11:03:25 server.py:175] Confirm GPU group 202 for meta-llama/Meta-Llama-3-8B_sllm-condense_0 replica 64ac0e42-fdbc-4314-b702-91bed1509566 success
INFO 07-21 11:03:25 server.py:175] Confirm GPU group 203 for meta-llama/Meta-Llama-3-8B_sllm-condense_0 replica 64ac0e42-fdbc-4314-b702-91bed1509566 success
INFO 07-21 11:03:25 server.py:175] Confirm GPU group 204 for meta-llama/Meta-Llama-3-8B_sllm-condense_0 replica 64ac0e42-fdbc-4314-b702-91bed1509566 success
INFO 07-21 11:03:25 server.py:175] Confirm GPU group 205 for meta-llama/Meta-Llama-3-8B_sllm-condense_0 replica 64ac0e42-fdbc-4314-b702-91bed1509566 success
INFO 07-21 11:03:25 server.py:175] Confirm GPU group 206 for meta-llama/Meta-Llama-3-8B_sllm-condense_0 replica 64ac0e42-fdbc-4314-b702-91bed1509566 success
INFO 07-21 11:03:25 server.py:175] Confirm GPU group 207 for meta-llama/Meta-Llama-3-8B_sllm-condense_0 replica 64ac0e42-fdbc-4314-b702-91bed1509566 success
INFO 07-21 11:03:25 server.py:175] Confirm GPU group 208 for meta-llama/Meta-Llama-3-8B_sllm-condense_0 replica 64ac0e42-fdbc-4314-b702-91bed1509566 success
INFO 07-21 11:03:25 server.py:175] Confirm GPU group 209 for meta-llama/Meta-Llama-3-8B_sllm-condense_0 replica 64ac0e42-fdbc-4314-b702-91bed1509566 success
INFO 07-21 11:03:25 server.py:175] Confirm GPU group 210 for meta-llama/Meta-Llama-3-8B_sllm-condense_0 replica 64ac0e42-fdbc-4314-b702-91bed1509566 success
INFO 07-21 11:03:25 server.py:175] Confirm GPU group 211 for meta-llama/Meta-Llama-3-8B_sllm-condense_0 replica 64ac0e42-fdbc-4314-b702-91bed1509566 success
INFO 07-21 11:03:26 server.py:175] Confirm GPU group 212 for meta-llama/Meta-Llama-3-8B_sllm-condense_0 replica 64ac0e42-fdbc-4314-b702-91bed1509566 success
INFO 07-21 11:03:26 server.py:175] Confirm GPU group 213 for meta-llama/Meta-Llama-3-8B_sllm-condense_0 replica 64ac0e42-fdbc-4314-b702-91bed1509566 success
INFO 07-21 11:03:26 server.py:175] Confirm GPU group 214 for meta-llama/Meta-Llama-3-8B_sllm-condense_0 replica 64ac0e42-fdbc-4314-b702-91bed1509566 success
INFO 07-21 11:03:26 server.py:175] Confirm GPU group 215 for meta-llama/Meta-Llama-3-8B_sllm-condense_0 replica 64ac0e42-fdbc-4314-b702-91bed1509566 success
INFO 07-21 11:03:26 server.py:175] Confirm GPU group 216 for meta-llama/Meta-Llama-3-8B_sllm-condense_0 replica 64ac0e42-fdbc-4314-b702-91bed1509566 success
INFO 07-21 11:03:26 server.py:175] Confirm GPU group 217 for meta-llama/Meta-Llama-3-8B_sllm-condense_0 replica 64ac0e42-fdbc-4314-b702-91bed1509566 success
INFO 07-21 11:03:26 server.py:175] Confirm GPU group 218 for meta-llama/Meta-Llama-3-8B_sllm-condense_0 replica 64ac0e42-fdbc-4314-b702-91bed1509566 success
INFO 07-21 11:03:26 server.py:175] Confirm GPU group 219 for meta-llama/Meta-Llama-3-8B_sllm-condense_0 replica 64ac0e42-fdbc-4314-b702-91bed1509566 success
INFO 07-21 11:03:26 server.py:175] Confirm GPU group 220 for meta-llama/Meta-Llama-3-8B_sllm-condense_0 replica 64ac0e42-fdbc-4314-b702-91bed1509566 success
INFO 07-21 11:03:26 server.py:175] Confirm GPU group 221 for meta-llama/Meta-Llama-3-8B_sllm-condense_0 replica 64ac0e42-fdbc-4314-b702-91bed1509566 success
INFO 07-21 11:03:26 server.py:175] Confirm GPU group 222 for meta-llama/Meta-Llama-3-8B_sllm-condense_0 replica 64ac0e42-fdbc-4314-b702-91bed1509566 success
INFO 07-21 11:03:26 server.py:175] Confirm GPU group 223 for meta-llama/Meta-Llama-3-8B_sllm-condense_0 replica 64ac0e42-fdbc-4314-b702-91bed1509566 success
INFO 07-21 11:03:26 server.py:175] Confirm GPU group 224 for meta-llama/Meta-Llama-3-8B_sllm-condense_0 replica 64ac0e42-fdbc-4314-b702-91bed1509566 success
INFO 07-21 11:03:26 server.py:175] Confirm GPU group 225 for meta-llama/Meta-Llama-3-8B_sllm-condense_0 replica 64ac0e42-fdbc-4314-b702-91bed1509566 success
INFO 07-21 11:03:26 server.py:175] Confirm GPU group 226 for meta-llama/Meta-Llama-3-8B_sllm-condense_0 replica 64ac0e42-fdbc-4314-b702-91bed1509566 success
INFO 07-21 11:03:26 server.py:175] Confirm GPU group 227 for meta-llama/Meta-Llama-3-8B_sllm-condense_0 replica 64ac0e42-fdbc-4314-b702-91bed1509566 success
INFO 07-21 11:03:26 server.py:175] Confirm GPU group 228 for meta-llama/Meta-Llama-3-8B_sllm-condense_0 replica 64ac0e42-fdbc-4314-b702-91bed1509566 success
INFO 07-21 11:03:26 server.py:175] Confirm GPU group 229 for meta-llama/Meta-Llama-3-8B_sllm-condense_0 replica 64ac0e42-fdbc-4314-b702-91bed1509566 success
INFO 07-21 11:03:26 server.py:175] Confirm GPU group 230 for meta-llama/Meta-Llama-3-8B_sllm-condense_0 replica 64ac0e42-fdbc-4314-b702-91bed1509566 success
INFO 07-21 11:03:26 server.py:175] Confirm GPU group 231 for meta-llama/Meta-Llama-3-8B_sllm-condense_0 replica 64ac0e42-fdbc-4314-b702-91bed1509566 success
INFO 07-21 11:03:26 server.py:175] Confirm GPU group 232 for meta-llama/Meta-Llama-3-8B_sllm-condense_0 replica 64ac0e42-fdbc-4314-b702-91bed1509566 success
INFO 07-21 11:03:26 server.py:175] Confirm GPU group 233 for meta-llama/Meta-Llama-3-8B_sllm-condense_0 replica 64ac0e42-fdbc-4314-b702-91bed1509566 success
INFO 07-21 11:03:26 server.py:175] Confirm GPU group 234 for meta-llama/Meta-Llama-3-8B_sllm-condense_0 replica 64ac0e42-fdbc-4314-b702-91bed1509566 success
INFO 07-21 11:03:26 server.py:175] Confirm GPU group 235 for meta-llama/Meta-Llama-3-8B_sllm-condense_0 replica 64ac0e42-fdbc-4314-b702-91bed1509566 success
INFO 07-21 11:03:26 server.py:175] Confirm GPU group 236 for meta-llama/Meta-Llama-3-8B_sllm-condense_0 replica 64ac0e42-fdbc-4314-b702-91bed1509566 success
INFO 07-21 11:03:26 server.py:175] Confirm GPU group 237 for meta-llama/Meta-Llama-3-8B_sllm-condense_0 replica 64ac0e42-fdbc-4314-b702-91bed1509566 success
INFO 07-21 11:03:26 server.py:175] Confirm GPU group 238 for meta-llama/Meta-Llama-3-8B_sllm-condense_0 replica 64ac0e42-fdbc-4314-b702-91bed1509566 success
INFO 07-21 11:03:26 server.py:175] Confirm GPU group 239 for meta-llama/Meta-Llama-3-8B_sllm-condense_0 replica 64ac0e42-fdbc-4314-b702-91bed1509566 success
INFO 07-21 11:03:26 server.py:175] Confirm GPU group 240 for meta-llama/Meta-Llama-3-8B_sllm-condense_0 replica 64ac0e42-fdbc-4314-b702-91bed1509566 success
INFO 07-21 11:03:26 server.py:175] Confirm GPU group 241 for meta-llama/Meta-Llama-3-8B_sllm-condense_0 replica 64ac0e42-fdbc-4314-b702-91bed1509566 success
INFO 07-21 11:03:26 server.py:175] Confirm GPU group 242 for meta-llama/Meta-Llama-3-8B_sllm-condense_0 replica 64ac0e42-fdbc-4314-b702-91bed1509566 success
INFO 07-21 11:03:26 server.py:175] Confirm GPU group 243 for meta-llama/Meta-Llama-3-8B_sllm-condense_0 replica 64ac0e42-fdbc-4314-b702-91bed1509566 success
INFO 07-21 11:03:26 server.py:175] Confirm GPU group 244 for meta-llama/Meta-Llama-3-8B_sllm-condense_0 replica 64ac0e42-fdbc-4314-b702-91bed1509566 success
INFO 07-21 11:03:26 server.py:175] Confirm GPU group 245 for meta-llama/Meta-Llama-3-8B_sllm-condense_0 replica 64ac0e42-fdbc-4314-b702-91bed1509566 success
INFO 07-21 11:03:26 server.py:175] Confirm GPU group 246 for meta-llama/Meta-Llama-3-8B_sllm-condense_0 replica 64ac0e42-fdbc-4314-b702-91bed1509566 success
INFO 07-21 11:03:26 server.py:175] Confirm GPU group 247 for meta-llama/Meta-Llama-3-8B_sllm-condense_0 replica 64ac0e42-fdbc-4314-b702-91bed1509566 success
INFO 07-21 11:03:26 server.py:175] Confirm GPU group 248 for meta-llama/Meta-Llama-3-8B_sllm-condense_0 replica 64ac0e42-fdbc-4314-b702-91bed1509566 success
INFO 07-21 11:03:26 server.py:175] Confirm GPU group 249 for meta-llama/Meta-Llama-3-8B_sllm-condense_0 replica 64ac0e42-fdbc-4314-b702-91bed1509566 success
INFO 07-21 11:03:26 server.py:175] Confirm GPU group 250 for meta-llama/Meta-Llama-3-8B_sllm-condense_0 replica 64ac0e42-fdbc-4314-b702-91bed1509566 success
INFO 07-21 11:03:27 server.py:175] Confirm GPU group 251 for meta-llama/Meta-Llama-3-8B_sllm-condense_0 replica 64ac0e42-fdbc-4314-b702-91bed1509566 success
INFO 07-21 11:03:27 server.py:175] Confirm GPU group 252 for meta-llama/Meta-Llama-3-8B_sllm-condense_0 replica 64ac0e42-fdbc-4314-b702-91bed1509566 success
INFO 07-21 11:03:27 server.py:175] Confirm GPU group 253 for meta-llama/Meta-Llama-3-8B_sllm-condense_0 replica 64ac0e42-fdbc-4314-b702-91bed1509566 success
INFO 07-21 11:03:27 server.py:175] Confirm GPU group 254 for meta-llama/Meta-Llama-3-8B_sllm-condense_0 replica 64ac0e42-fdbc-4314-b702-91bed1509566 success
INFO 07-21 11:03:27 server.py:175] Confirm GPU group 255 for meta-llama/Meta-Llama-3-8B_sllm-condense_0 replica 64ac0e42-fdbc-4314-b702-91bed1509566 success
INFO 07-21 11:03:27 server.py:175] Confirm GPU group 256 for meta-llama/Meta-Llama-3-8B_sllm-condense_0 replica 64ac0e42-fdbc-4314-b702-91bed1509566 success
INFO 07-21 11:03:27 server.py:175] Confirm GPU group 257 for meta-llama/Meta-Llama-3-8B_sllm-condense_0 replica 64ac0e42-fdbc-4314-b702-91bed1509566 success
INFO 07-21 11:03:27 server.py:175] Confirm GPU group 258 for meta-llama/Meta-Llama-3-8B_sllm-condense_0 replica 64ac0e42-fdbc-4314-b702-91bed1509566 success
INFO 07-21 11:03:27 server.py:175] Confirm GPU group 259 for meta-llama/Meta-Llama-3-8B_sllm-condense_0 replica 64ac0e42-fdbc-4314-b702-91bed1509566 success
INFO 07-21 11:03:27 server.py:175] Confirm GPU group 260 for meta-llama/Meta-Llama-3-8B_sllm-condense_0 replica 64ac0e42-fdbc-4314-b702-91bed1509566 success
INFO 07-21 11:03:27 server.py:175] Confirm GPU group 261 for meta-llama/Meta-Llama-3-8B_sllm-condense_0 replica 64ac0e42-fdbc-4314-b702-91bed1509566 success
INFO 07-21 11:03:27 server.py:175] Confirm GPU group 262 for meta-llama/Meta-Llama-3-8B_sllm-condense_0 replica 64ac0e42-fdbc-4314-b702-91bed1509566 success
INFO 07-21 11:03:27 server.py:175] Confirm GPU group 263 for meta-llama/Meta-Llama-3-8B_sllm-condense_0 replica 64ac0e42-fdbc-4314-b702-91bed1509566 success
INFO 07-21 11:03:27 server.py:175] Confirm GPU group 264 for meta-llama/Meta-Llama-3-8B_sllm-condense_0 replica 64ac0e42-fdbc-4314-b702-91bed1509566 success
INFO 07-21 11:03:27 server.py:175] Confirm GPU group 265 for meta-llama/Meta-Llama-3-8B_sllm-condense_0 replica 64ac0e42-fdbc-4314-b702-91bed1509566 success
INFO 07-21 11:03:27 server.py:175] Confirm GPU group 266 for meta-llama/Meta-Llama-3-8B_sllm-condense_0 replica 64ac0e42-fdbc-4314-b702-91bed1509566 success
INFO 07-21 11:03:27 server.py:175] Confirm GPU group 267 for meta-llama/Meta-Llama-3-8B_sllm-condense_0 replica 64ac0e42-fdbc-4314-b702-91bed1509566 success
INFO 07-21 11:03:27 server.py:175] Confirm GPU group 268 for meta-llama/Meta-Llama-3-8B_sllm-condense_0 replica 64ac0e42-fdbc-4314-b702-91bed1509566 success
INFO 07-21 11:03:27 server.py:175] Confirm GPU group 269 for meta-llama/Meta-Llama-3-8B_sllm-condense_0 replica 64ac0e42-fdbc-4314-b702-91bed1509566 success
INFO 07-21 11:03:27 server.py:175] Confirm GPU group 270 for meta-llama/Meta-Llama-3-8B_sllm-condense_0 replica 64ac0e42-fdbc-4314-b702-91bed1509566 success
INFO 07-21 11:03:27 server.py:175] Confirm GPU group 271 for meta-llama/Meta-Llama-3-8B_sllm-condense_0 replica 64ac0e42-fdbc-4314-b702-91bed1509566 success
INFO 07-21 11:03:27 server.py:175] Confirm GPU group 272 for meta-llama/Meta-Llama-3-8B_sllm-condense_0 replica 64ac0e42-fdbc-4314-b702-91bed1509566 success
INFO 07-21 11:03:27 server.py:175] Confirm GPU group 273 for meta-llama/Meta-Llama-3-8B_sllm-condense_0 replica 64ac0e42-fdbc-4314-b702-91bed1509566 success
INFO 07-21 11:03:27 server.py:175] Confirm GPU group 274 for meta-llama/Meta-Llama-3-8B_sllm-condense_0 replica 64ac0e42-fdbc-4314-b702-91bed1509566 success
INFO 07-21 11:03:27 server.py:175] Confirm GPU group 275 for meta-llama/Meta-Llama-3-8B_sllm-condense_0 replica 64ac0e42-fdbc-4314-b702-91bed1509566 success
INFO 07-21 11:03:27 server.py:175] Confirm GPU group 276 for meta-llama/Meta-Llama-3-8B_sllm-condense_0 replica 64ac0e42-fdbc-4314-b702-91bed1509566 success
INFO 07-21 11:03:27 server.py:175] Confirm GPU group 277 for meta-llama/Meta-Llama-3-8B_sllm-condense_0 replica 64ac0e42-fdbc-4314-b702-91bed1509566 success
INFO 07-21 11:03:27 server.py:175] Confirm GPU group 278 for meta-llama/Meta-Llama-3-8B_sllm-condense_0 replica 64ac0e42-fdbc-4314-b702-91bed1509566 success
INFO 07-21 11:03:27 server.py:175] Confirm GPU group 279 for meta-llama/Meta-Llama-3-8B_sllm-condense_0 replica 64ac0e42-fdbc-4314-b702-91bed1509566 success
INFO 07-21 11:03:27 server.py:175] Confirm GPU group 280 for meta-llama/Meta-Llama-3-8B_sllm-condense_0 replica 64ac0e42-fdbc-4314-b702-91bed1509566 success
INFO 07-21 11:03:27 server.py:175] Confirm GPU group 281 for meta-llama/Meta-Llama-3-8B_sllm-condense_0 replica 64ac0e42-fdbc-4314-b702-91bed1509566 success
INFO 07-21 11:03:27 server.py:175] Confirm GPU group 282 for meta-llama/Meta-Llama-3-8B_sllm-condense_0 replica 64ac0e42-fdbc-4314-b702-91bed1509566 success
INFO 07-21 11:03:27 server.py:175] Confirm GPU group 283 for meta-llama/Meta-Llama-3-8B_sllm-condense_0 replica 64ac0e42-fdbc-4314-b702-91bed1509566 success
INFO 07-21 11:03:27 server.py:175] Confirm GPU group 284 for meta-llama/Meta-Llama-3-8B_sllm-condense_0 replica 64ac0e42-fdbc-4314-b702-91bed1509566 success
INFO 07-21 11:03:27 server.py:175] Confirm GPU group 285 for meta-llama/Meta-Llama-3-8B_sllm-condense_0 replica 64ac0e42-fdbc-4314-b702-91bed1509566 success
INFO 07-21 11:03:27 server.py:175] Confirm GPU group 286 for meta-llama/Meta-Llama-3-8B_sllm-condense_0 replica 64ac0e42-fdbc-4314-b702-91bed1509566 success
INFO 07-21 11:03:27 server.py:175] Confirm GPU group 287 for meta-llama/Meta-Llama-3-8B_sllm-condense_0 replica 64ac0e42-fdbc-4314-b702-91bed1509566 success
INFO 07-21 11:03:27 server.py:175] Confirm GPU group 288 for meta-llama/Meta-Llama-3-8B_sllm-condense_0 replica 64ac0e42-fdbc-4314-b702-91bed1509566 success
INFO 07-21 11:03:27 server.py:175] Confirm GPU group 289 for meta-llama/Meta-Llama-3-8B_sllm-condense_0 replica 64ac0e42-fdbc-4314-b702-91bed1509566 success
INFO 07-21 11:03:27 server.py:175] Confirm GPU group 290 for meta-llama/Meta-Llama-3-8B_sllm-condense_0 replica 64ac0e42-fdbc-4314-b702-91bed1509566 success
INFO 07-21 11:03:28 server.py:138] Confirm model meta-llama/Meta-Llama-3-8B_sllm-condense_0 replica 64ac0e42-fdbc-4314-b702-91bed1509566 success
I20260721 11:03:32.323196 2643496 model.cpp:53] Tensor file "/mnt/data1/mechels/meta-llama/Meta-Llama-3-8B_sllm-condense_2/tensor.data_1" does not exist
I20260721 11:03:32.323287 2643496 checkpoint_store.cpp:106] Model meta-llama/Meta-Llama-3-8B_sllm-condense_2 is registered
I20260721 11:03:32.323582 2646947 pinned_memory_pool.cpp:78] PinnedMemoryPool Allocate 423 buffers free buffers 1202 total buffers 2048
INFO 07-21 11:03:32 server.py:115] LoadModel: success meta-llama/Meta-Llama-3-8B_sllm-condense_2 with target 1
I20260721 11:03:32.353178 2646947 model.cpp:120] Loading model meta-llama/Meta-Llama-3-8B_sllm-condense_2 size 7080615848 to host
I20260721 11:03:32.353240 2646947 model.cpp:134] Loading model meta-llama/Meta-Llama-3-8B_sllm-condense_2 to host with 4 threads, 423 chunks, 16777216 chunk size, 106 chunks per thread
I20260721 11:03:32.353400 2646954 model.cpp:155] Thread 1 starting from partition 0 offset 1778384896
I20260721 11:03:32.353453 2646955 model.cpp:155] Thread 2 starting from partition 0 offset 3556769792
I20260721 11:03:32.353463 2646953 model.cpp:155] Thread 0 starting from partition 0 offset 0
I20260721 11:03:32.353564 2646956 model.cpp:155] Thread 3 starting from partition 0 offset 5335154688
I20260721 11:03:33.609908 2646982 checkpoint_store.cpp:209] Loading model meta-llama/Meta-Llama-3-8B_sllm-condense_2
INFO 07-21 11:03:33 server.py:115] LoadModel: success meta-llama/Meta-Llama-3-8B_sllm-condense_2 with target 2
I20260721 11:03:33.670433 2646982 model.cpp:269] Creating replica 5bfa33ab-d13e-4e32-aadc-0e20e690b4ee
I20260721 11:03:33.670485 2646982 model.cpp:273] Creating queue for device 0
I20260721 11:03:33.670526 2646982 model.cpp:284] Created replica 5bfa33ab-d13e-4e32-aadc-0e20e690b4ee
I20260721 11:03:33.670627 2646982 model.cpp:295] Dispatcher started for model meta-llama/Meta-Llama-3-8B_sllm-condense_2
I20260721 11:03:33.670665 2646982 model.cpp:361] Waiting for model meta-llama/Meta-Llama-3-8B_sllm-condense_2 num tasks 1 state 3
INFO 07-21 11:03:53 server.py:175] Confirm GPU group 0 for meta-llama/Meta-Llama-3-8B_sllm-condense_2 replica 5bfa33ab-d13e-4e32-aadc-0e20e690b4ee success
INFO 07-21 11:03:53 server.py:175] Confirm GPU group 1 for meta-llama/Meta-Llama-3-8B_sllm-condense_2 replica 5bfa33ab-d13e-4e32-aadc-0e20e690b4ee success
INFO 07-21 11:03:54 server.py:175] Confirm GPU group 2 for meta-llama/Meta-Llama-3-8B_sllm-condense_2 replica 5bfa33ab-d13e-4e32-aadc-0e20e690b4ee success
INFO 07-21 11:03:54 server.py:175] Confirm GPU group 3 for meta-llama/Meta-Llama-3-8B_sllm-condense_2 replica 5bfa33ab-d13e-4e32-aadc-0e20e690b4ee success
INFO 07-21 11:03:54 server.py:175] Confirm GPU group 4 for meta-llama/Meta-Llama-3-8B_sllm-condense_2 replica 5bfa33ab-d13e-4e32-aadc-0e20e690b4ee success
INFO 07-21 11:03:57 server.py:175] Confirm GPU group 5 for meta-llama/Meta-Llama-3-8B_sllm-condense_2 replica 5bfa33ab-d13e-4e32-aadc-0e20e690b4ee success
INFO 07-21 11:03:59 server.py:175] Confirm GPU group 6 for meta-llama/Meta-Llama-3-8B_sllm-condense_2 replica 5bfa33ab-d13e-4e32-aadc-0e20e690b4ee success
INFO 07-21 11:04:01 server.py:175] Confirm GPU group 7 for meta-llama/Meta-Llama-3-8B_sllm-condense_2 replica 5bfa33ab-d13e-4e32-aadc-0e20e690b4ee success
INFO 07-21 11:04:01 server.py:175] Confirm GPU group 8 for meta-llama/Meta-Llama-3-8B_sllm-condense_2 replica 5bfa33ab-d13e-4e32-aadc-0e20e690b4ee success
INFO 07-21 11:04:01 server.py:175] Confirm GPU group 9 for meta-llama/Meta-Llama-3-8B_sllm-condense_2 replica 5bfa33ab-d13e-4e32-aadc-0e20e690b4ee success
INFO 07-21 11:04:02 server.py:175] Confirm GPU group 10 for meta-llama/Meta-Llama-3-8B_sllm-condense_2 replica 5bfa33ab-d13e-4e32-aadc-0e20e690b4ee success
INFO 07-21 11:04:02 server.py:175] Confirm GPU group 11 for meta-llama/Meta-Llama-3-8B_sllm-condense_2 replica 5bfa33ab-d13e-4e32-aadc-0e20e690b4ee success
INFO 07-21 11:04:03 server.py:175] Confirm GPU group 12 for meta-llama/Meta-Llama-3-8B_sllm-condense_2 replica 5bfa33ab-d13e-4e32-aadc-0e20e690b4ee success
INFO 07-21 11:04:04 server.py:175] Confirm GPU group 13 for meta-llama/Meta-Llama-3-8B_sllm-condense_2 replica 5bfa33ab-d13e-4e32-aadc-0e20e690b4ee success
INFO 07-21 11:04:06 server.py:175] Confirm GPU group 14 for meta-llama/Meta-Llama-3-8B_sllm-condense_2 replica 5bfa33ab-d13e-4e32-aadc-0e20e690b4ee success
INFO 07-21 11:04:09 server.py:175] Confirm GPU group 15 for meta-llama/Meta-Llama-3-8B_sllm-condense_2 replica 5bfa33ab-d13e-4e32-aadc-0e20e690b4ee success
INFO 07-21 11:04:11 server.py:175] Confirm GPU group 16 for meta-llama/Meta-Llama-3-8B_sllm-condense_2 replica 5bfa33ab-d13e-4e32-aadc-0e20e690b4ee success
INFO 07-21 11:04:11 server.py:175] Confirm GPU group 17 for meta-llama/Meta-Llama-3-8B_sllm-condense_2 replica 5bfa33ab-d13e-4e32-aadc-0e20e690b4ee success
INFO 07-21 11:04:11 server.py:175] Confirm GPU group 18 for meta-llama/Meta-Llama-3-8B_sllm-condense_2 replica 5bfa33ab-d13e-4e32-aadc-0e20e690b4ee success
INFO 07-21 11:04:12 server.py:175] Confirm GPU group 19 for meta-llama/Meta-Llama-3-8B_sllm-condense_2 replica 5bfa33ab-d13e-4e32-aadc-0e20e690b4ee success
INFO 07-21 11:04:12 server.py:175] Confirm GPU group 20 for meta-llama/Meta-Llama-3-8B_sllm-condense_2 replica 5bfa33ab-d13e-4e32-aadc-0e20e690b4ee success
INFO 07-21 11:04:13 server.py:175] Confirm GPU group 21 for meta-llama/Meta-Llama-3-8B_sllm-condense_2 replica 5bfa33ab-d13e-4e32-aadc-0e20e690b4ee success
INFO 07-21 11:04:13 server.py:175] Confirm GPU group 22 for meta-llama/Meta-Llama-3-8B_sllm-condense_2 replica 5bfa33ab-d13e-4e32-aadc-0e20e690b4ee success
INFO 07-21 11:04:16 server.py:175] Confirm GPU group 23 for meta-llama/Meta-Llama-3-8B_sllm-condense_2 replica 5bfa33ab-d13e-4e32-aadc-0e20e690b4ee success
INFO 07-21 11:04:18 server.py:175] Confirm GPU group 24 for meta-llama/Meta-Llama-3-8B_sllm-condense_2 replica 5bfa33ab-d13e-4e32-aadc-0e20e690b4ee success
INFO 07-21 11:04:20 server.py:175] Confirm GPU group 25 for meta-llama/Meta-Llama-3-8B_sllm-condense_2 replica 5bfa33ab-d13e-4e32-aadc-0e20e690b4ee success
INFO 07-21 11:04:20 server.py:175] Confirm GPU group 26 for meta-llama/Meta-Llama-3-8B_sllm-condense_2 replica 5bfa33ab-d13e-4e32-aadc-0e20e690b4ee success
INFO 07-21 11:04:20 server.py:175] Confirm GPU group 27 for meta-llama/Meta-Llama-3-8B_sllm-condense_2 replica 5bfa33ab-d13e-4e32-aadc-0e20e690b4ee success
INFO 07-21 11:04:21 server.py:175] Confirm GPU group 28 for meta-llama/Meta-Llama-3-8B_sllm-condense_2 replica 5bfa33ab-d13e-4e32-aadc-0e20e690b4ee success
INFO 07-21 11:04:21 server.py:175] Confirm GPU group 29 for meta-llama/Meta-Llama-3-8B_sllm-condense_2 replica 5bfa33ab-d13e-4e32-aadc-0e20e690b4ee success
INFO 07-21 11:04:22 server.py:175] Confirm GPU group 30 for meta-llama/Meta-Llama-3-8B_sllm-condense_2 replica 5bfa33ab-d13e-4e32-aadc-0e20e690b4ee success
INFO 07-21 11:04:22 server.py:175] Confirm GPU group 31 for meta-llama/Meta-Llama-3-8B_sllm-condense_2 replica 5bfa33ab-d13e-4e32-aadc-0e20e690b4ee success
INFO 07-21 11:04:25 server.py:175] Confirm GPU group 32 for meta-llama/Meta-Llama-3-8B_sllm-condense_2 replica 5bfa33ab-d13e-4e32-aadc-0e20e690b4ee success
INFO 07-21 11:04:27 server.py:175] Confirm GPU group 33 for meta-llama/Meta-Llama-3-8B_sllm-condense_2 replica 5bfa33ab-d13e-4e32-aadc-0e20e690b4ee success
INFO 07-21 11:04:29 server.py:175] Confirm GPU group 34 for meta-llama/Meta-Llama-3-8B_sllm-condense_2 replica 5bfa33ab-d13e-4e32-aadc-0e20e690b4ee success
INFO 07-21 11:04:29 server.py:175] Confirm GPU group 35 for meta-llama/Meta-Llama-3-8B_sllm-condense_2 replica 5bfa33ab-d13e-4e32-aadc-0e20e690b4ee success
INFO 07-21 11:04:29 server.py:175] Confirm GPU group 36 for meta-llama/Meta-Llama-3-8B_sllm-condense_2 replica 5bfa33ab-d13e-4e32-aadc-0e20e690b4ee success
INFO 07-21 11:04:30 server.py:175] Confirm GPU group 37 for meta-llama/Meta-Llama-3-8B_sllm-condense_2 replica 5bfa33ab-d13e-4e32-aadc-0e20e690b4ee success
INFO 07-21 11:04:30 server.py:175] Confirm GPU group 38 for meta-llama/Meta-Llama-3-8B_sllm-condense_2 replica 5bfa33ab-d13e-4e32-aadc-0e20e690b4ee success
INFO 07-21 11:04:30 server.py:175] Confirm GPU group 39 for meta-llama/Meta-Llama-3-8B_sllm-condense_2 replica 5bfa33ab-d13e-4e32-aadc-0e20e690b4ee success
INFO 07-21 11:04:31 server.py:175] Confirm GPU group 40 for meta-llama/Meta-Llama-3-8B_sllm-condense_2 replica 5bfa33ab-d13e-4e32-aadc-0e20e690b4ee success
INFO 07-21 11:04:33 server.py:175] Confirm GPU group 41 for meta-llama/Meta-Llama-3-8B_sllm-condense_2 replica 5bfa33ab-d13e-4e32-aadc-0e20e690b4ee success
INFO 07-21 11:04:35 server.py:175] Confirm GPU group 42 for meta-llama/Meta-Llama-3-8B_sllm-condense_2 replica 5bfa33ab-d13e-4e32-aadc-0e20e690b4ee success
INFO 07-21 11:04:38 server.py:175] Confirm GPU group 43 for meta-llama/Meta-Llama-3-8B_sllm-condense_2 replica 5bfa33ab-d13e-4e32-aadc-0e20e690b4ee success
INFO 07-21 11:04:38 server.py:175] Confirm GPU group 44 for meta-llama/Meta-Llama-3-8B_sllm-condense_2 replica 5bfa33ab-d13e-4e32-aadc-0e20e690b4ee success
INFO 07-21 11:04:38 server.py:175] Confirm GPU group 45 for meta-llama/Meta-Llama-3-8B_sllm-condense_2 replica 5bfa33ab-d13e-4e32-aadc-0e20e690b4ee success
INFO 07-21 11:04:39 server.py:175] Confirm GPU group 46 for meta-llama/Meta-Llama-3-8B_sllm-condense_2 replica 5bfa33ab-d13e-4e32-aadc-0e20e690b4ee success
INFO 07-21 11:04:39 server.py:175] Confirm GPU group 47 for meta-llama/Meta-Llama-3-8B_sllm-condense_2 replica 5bfa33ab-d13e-4e32-aadc-0e20e690b4ee success
INFO 07-21 11:04:39 server.py:175] Confirm GPU group 48 for meta-llama/Meta-Llama-3-8B_sllm-condense_2 replica 5bfa33ab-d13e-4e32-aadc-0e20e690b4ee success
INFO 07-21 11:04:39 server.py:175] Confirm GPU group 49 for meta-llama/Meta-Llama-3-8B_sllm-condense_2 replica 5bfa33ab-d13e-4e32-aadc-0e20e690b4ee success
INFO 07-21 11:04:41 server.py:175] Confirm GPU group 50 for meta-llama/Meta-Llama-3-8B_sllm-condense_2 replica 5bfa33ab-d13e-4e32-aadc-0e20e690b4ee success
INFO 07-21 11:04:43 server.py:175] Confirm GPU group 51 for meta-llama/Meta-Llama-3-8B_sllm-condense_2 replica 5bfa33ab-d13e-4e32-aadc-0e20e690b4ee success
INFO 07-21 11:04:46 server.py:175] Confirm GPU group 52 for meta-llama/Meta-Llama-3-8B_sllm-condense_2 replica 5bfa33ab-d13e-4e32-aadc-0e20e690b4ee success
INFO 07-21 11:04:46 server.py:175] Confirm GPU group 53 for meta-llama/Meta-Llama-3-8B_sllm-condense_2 replica 5bfa33ab-d13e-4e32-aadc-0e20e690b4ee success
INFO 07-21 11:04:46 server.py:175] Confirm GPU group 54 for meta-llama/Meta-Llama-3-8B_sllm-condense_2 replica 5bfa33ab-d13e-4e32-aadc-0e20e690b4ee success
INFO 07-21 11:04:47 server.py:175] Confirm GPU group 55 for meta-llama/Meta-Llama-3-8B_sllm-condense_2 replica 5bfa33ab-d13e-4e32-aadc-0e20e690b4ee success
INFO 07-21 11:04:47 server.py:175] Confirm GPU group 56 for meta-llama/Meta-Llama-3-8B_sllm-condense_2 replica 5bfa33ab-d13e-4e32-aadc-0e20e690b4ee success
INFO 07-21 11:04:47 server.py:175] Confirm GPU group 57 for meta-llama/Meta-Llama-3-8B_sllm-condense_2 replica 5bfa33ab-d13e-4e32-aadc-0e20e690b4ee success
INFO 07-21 11:04:47 server.py:175] Confirm GPU group 58 for meta-llama/Meta-Llama-3-8B_sllm-condense_2 replica 5bfa33ab-d13e-4e32-aadc-0e20e690b4ee success
INFO 07-21 11:04:50 server.py:175] Confirm GPU group 59 for meta-llama/Meta-Llama-3-8B_sllm-condense_2 replica 5bfa33ab-d13e-4e32-aadc-0e20e690b4ee success
INFO 07-21 11:04:52 server.py:175] Confirm GPU group 60 for meta-llama/Meta-Llama-3-8B_sllm-condense_2 replica 5bfa33ab-d13e-4e32-aadc-0e20e690b4ee success
INFO 07-21 11:04:54 server.py:175] Confirm GPU group 61 for meta-llama/Meta-Llama-3-8B_sllm-condense_2 replica 5bfa33ab-d13e-4e32-aadc-0e20e690b4ee success
INFO 07-21 11:04:54 server.py:175] Confirm GPU group 62 for meta-llama/Meta-Llama-3-8B_sllm-condense_2 replica 5bfa33ab-d13e-4e32-aadc-0e20e690b4ee success
INFO 07-21 11:04:54 server.py:175] Confirm GPU group 63 for meta-llama/Meta-Llama-3-8B_sllm-condense_2 replica 5bfa33ab-d13e-4e32-aadc-0e20e690b4ee success
INFO 07-21 11:04:54 server.py:175] Confirm GPU group 64 for meta-llama/Meta-Llama-3-8B_sllm-condense_2 replica 5bfa33ab-d13e-4e32-aadc-0e20e690b4ee success
INFO 07-21 11:04:54 server.py:175] Confirm GPU group 65 for meta-llama/Meta-Llama-3-8B_sllm-condense_2 replica 5bfa33ab-d13e-4e32-aadc-0e20e690b4ee success
INFO 07-21 11:04:54 server.py:175] Confirm GPU group 66 for meta-llama/Meta-Llama-3-8B_sllm-condense_2 replica 5bfa33ab-d13e-4e32-aadc-0e20e690b4ee success
INFO 07-21 11:04:54 server.py:175] Confirm GPU group 67 for meta-llama/Meta-Llama-3-8B_sllm-condense_2 replica 5bfa33ab-d13e-4e32-aadc-0e20e690b4ee success
INFO 07-21 11:04:54 server.py:175] Confirm GPU group 68 for meta-llama/Meta-Llama-3-8B_sllm-condense_2 replica 5bfa33ab-d13e-4e32-aadc-0e20e690b4ee success
INFO 07-21 11:04:54 server.py:175] Confirm GPU group 69 for meta-llama/Meta-Llama-3-8B_sllm-condense_2 replica 5bfa33ab-d13e-4e32-aadc-0e20e690b4ee success
INFO 07-21 11:04:54 server.py:175] Confirm GPU group 70 for meta-llama/Meta-Llama-3-8B_sllm-condense_2 replica 5bfa33ab-d13e-4e32-aadc-0e20e690b4ee success
I20260721 11:04:54.303581 2646984 model.cpp:354] Finished loading tensor from memory to device 0
I20260721 11:04:54.314030 2646947 model.cpp:250] Finished loading model meta-llama/Meta-Llama-3-8B_sllm-condense_2 from disk
INFO 07-21 11:04:54 server.py:175] Confirm GPU group 71 for meta-llama/Meta-Llama-3-8B_sllm-condense_2 replica 5bfa33ab-d13e-4e32-aadc-0e20e690b4ee success
INFO 07-21 11:04:54 server.py:175] Confirm GPU group 72 for meta-llama/Meta-Llama-3-8B_sllm-condense_2 replica 5bfa33ab-d13e-4e32-aadc-0e20e690b4ee success
INFO 07-21 11:04:54 server.py:175] Confirm GPU group 73 for meta-llama/Meta-Llama-3-8B_sllm-condense_2 replica 5bfa33ab-d13e-4e32-aadc-0e20e690b4ee success
INFO 07-21 11:04:54 server.py:175] Confirm GPU group 74 for meta-llama/Meta-Llama-3-8B_sllm-condense_2 replica 5bfa33ab-d13e-4e32-aadc-0e20e690b4ee success
INFO 07-21 11:04:54 server.py:175] Confirm GPU group 75 for meta-llama/Meta-Llama-3-8B_sllm-condense_2 replica 5bfa33ab-d13e-4e32-aadc-0e20e690b4ee success
INFO 07-21 11:04:54 server.py:175] Confirm GPU group 76 for meta-llama/Meta-Llama-3-8B_sllm-condense_2 replica 5bfa33ab-d13e-4e32-aadc-0e20e690b4ee success
INFO 07-21 11:04:54 server.py:175] Confirm GPU group 77 for meta-llama/Meta-Llama-3-8B_sllm-condense_2 replica 5bfa33ab-d13e-4e32-aadc-0e20e690b4ee success
INFO 07-21 11:04:54 server.py:175] Confirm GPU group 78 for meta-llama/Meta-Llama-3-8B_sllm-condense_2 replica 5bfa33ab-d13e-4e32-aadc-0e20e690b4ee success
INFO 07-21 11:04:54 server.py:175] Confirm GPU group 79 for meta-llama/Meta-Llama-3-8B_sllm-condense_2 replica 5bfa33ab-d13e-4e32-aadc-0e20e690b4ee success
INFO 07-21 11:04:54 server.py:175] Confirm GPU group 80 for meta-llama/Meta-Llama-3-8B_sllm-condense_2 replica 5bfa33ab-d13e-4e32-aadc-0e20e690b4ee success
INFO 07-21 11:04:54 server.py:175] Confirm GPU group 81 for meta-llama/Meta-Llama-3-8B_sllm-condense_2 replica 5bfa33ab-d13e-4e32-aadc-0e20e690b4ee success
INFO 07-21 11:04:54 server.py:175] Confirm GPU group 82 for meta-llama/Meta-Llama-3-8B_sllm-condense_2 replica 5bfa33ab-d13e-4e32-aadc-0e20e690b4ee success
INFO 07-21 11:04:54 server.py:175] Confirm GPU group 83 for meta-llama/Meta-Llama-3-8B_sllm-condense_2 replica 5bfa33ab-d13e-4e32-aadc-0e20e690b4ee success
INFO 07-21 11:04:54 server.py:175] Confirm GPU group 84 for meta-llama/Meta-Llama-3-8B_sllm-condense_2 replica 5bfa33ab-d13e-4e32-aadc-0e20e690b4ee success
INFO 07-21 11:04:54 server.py:175] Confirm GPU group 85 for meta-llama/Meta-Llama-3-8B_sllm-condense_2 replica 5bfa33ab-d13e-4e32-aadc-0e20e690b4ee success
INFO 07-21 11:04:54 server.py:175] Confirm GPU group 86 for meta-llama/Meta-Llama-3-8B_sllm-condense_2 replica 5bfa33ab-d13e-4e32-aadc-0e20e690b4ee success
INFO 07-21 11:04:54 server.py:175] Confirm GPU group 87 for meta-llama/Meta-Llama-3-8B_sllm-condense_2 replica 5bfa33ab-d13e-4e32-aadc-0e20e690b4ee success
INFO 07-21 11:04:54 server.py:175] Confirm GPU group 88 for meta-llama/Meta-Llama-3-8B_sllm-condense_2 replica 5bfa33ab-d13e-4e32-aadc-0e20e690b4ee success
INFO 07-21 11:04:54 server.py:175] Confirm GPU group 89 for meta-llama/Meta-Llama-3-8B_sllm-condense_2 replica 5bfa33ab-d13e-4e32-aadc-0e20e690b4ee success
INFO 07-21 11:04:54 server.py:175] Confirm GPU group 90 for meta-llama/Meta-Llama-3-8B_sllm-condense_2 replica 5bfa33ab-d13e-4e32-aadc-0e20e690b4ee success
INFO 07-21 11:04:54 server.py:175] Confirm GPU group 91 for meta-llama/Meta-Llama-3-8B_sllm-condense_2 replica 5bfa33ab-d13e-4e32-aadc-0e20e690b4ee success
INFO 07-21 11:04:54 server.py:175] Confirm GPU group 92 for meta-llama/Meta-Llama-3-8B_sllm-condense_2 replica 5bfa33ab-d13e-4e32-aadc-0e20e690b4ee success
INFO 07-21 11:04:54 server.py:175] Confirm GPU group 93 for meta-llama/Meta-Llama-3-8B_sllm-condense_2 replica 5bfa33ab-d13e-4e32-aadc-0e20e690b4ee success
INFO 07-21 11:04:54 server.py:175] Confirm GPU group 94 for meta-llama/Meta-Llama-3-8B_sllm-condense_2 replica 5bfa33ab-d13e-4e32-aadc-0e20e690b4ee success
INFO 07-21 11:04:54 server.py:175] Confirm GPU group 95 for meta-llama/Meta-Llama-3-8B_sllm-condense_2 replica 5bfa33ab-d13e-4e32-aadc-0e20e690b4ee success
INFO 07-21 11:04:54 server.py:175] Confirm GPU group 96 for meta-llama/Meta-Llama-3-8B_sllm-condense_2 replica 5bfa33ab-d13e-4e32-aadc-0e20e690b4ee success
INFO 07-21 11:04:54 server.py:175] Confirm GPU group 97 for meta-llama/Meta-Llama-3-8B_sllm-condense_2 replica 5bfa33ab-d13e-4e32-aadc-0e20e690b4ee success
INFO 07-21 11:04:55 server.py:175] Confirm GPU group 98 for meta-llama/Meta-Llama-3-8B_sllm-condense_2 replica 5bfa33ab-d13e-4e32-aadc-0e20e690b4ee success
INFO 07-21 11:04:55 server.py:175] Confirm GPU group 99 for meta-llama/Meta-Llama-3-8B_sllm-condense_2 replica 5bfa33ab-d13e-4e32-aadc-0e20e690b4ee success
INFO 07-21 11:04:55 server.py:175] Confirm GPU group 100 for meta-llama/Meta-Llama-3-8B_sllm-condense_2 replica 5bfa33ab-d13e-4e32-aadc-0e20e690b4ee success
INFO 07-21 11:04:55 server.py:175] Confirm GPU group 101 for meta-llama/Meta-Llama-3-8B_sllm-condense_2 replica 5bfa33ab-d13e-4e32-aadc-0e20e690b4ee success
INFO 07-21 11:04:55 server.py:175] Confirm GPU group 102 for meta-llama/Meta-Llama-3-8B_sllm-condense_2 replica 5bfa33ab-d13e-4e32-aadc-0e20e690b4ee success
INFO 07-21 11:04:55 server.py:175] Confirm GPU group 103 for meta-llama/Meta-Llama-3-8B_sllm-condense_2 replica 5bfa33ab-d13e-4e32-aadc-0e20e690b4ee success
INFO 07-21 11:04:55 server.py:175] Confirm GPU group 104 for meta-llama/Meta-Llama-3-8B_sllm-condense_2 replica 5bfa33ab-d13e-4e32-aadc-0e20e690b4ee success
INFO 07-21 11:04:55 server.py:175] Confirm GPU group 105 for meta-llama/Meta-Llama-3-8B_sllm-condense_2 replica 5bfa33ab-d13e-4e32-aadc-0e20e690b4ee success
INFO 07-21 11:04:55 server.py:175] Confirm GPU group 106 for meta-llama/Meta-Llama-3-8B_sllm-condense_2 replica 5bfa33ab-d13e-4e32-aadc-0e20e690b4ee success
INFO 07-21 11:04:55 server.py:175] Confirm GPU group 107 for meta-llama/Meta-Llama-3-8B_sllm-condense_2 replica 5bfa33ab-d13e-4e32-aadc-0e20e690b4ee success
INFO 07-21 11:04:55 server.py:175] Confirm GPU group 108 for meta-llama/Meta-Llama-3-8B_sllm-condense_2 replica 5bfa33ab-d13e-4e32-aadc-0e20e690b4ee success
INFO 07-21 11:04:55 server.py:175] Confirm GPU group 109 for meta-llama/Meta-Llama-3-8B_sllm-condense_2 replica 5bfa33ab-d13e-4e32-aadc-0e20e690b4ee success
INFO 07-21 11:04:55 server.py:175] Confirm GPU group 110 for meta-llama/Meta-Llama-3-8B_sllm-condense_2 replica 5bfa33ab-d13e-4e32-aadc-0e20e690b4ee success
INFO 07-21 11:04:55 server.py:175] Confirm GPU group 111 for meta-llama/Meta-Llama-3-8B_sllm-condense_2 replica 5bfa33ab-d13e-4e32-aadc-0e20e690b4ee success
INFO 07-21 11:04:55 server.py:175] Confirm GPU group 112 for meta-llama/Meta-Llama-3-8B_sllm-condense_2 replica 5bfa33ab-d13e-4e32-aadc-0e20e690b4ee success
INFO 07-21 11:04:55 server.py:175] Confirm GPU group 113 for meta-llama/Meta-Llama-3-8B_sllm-condense_2 replica 5bfa33ab-d13e-4e32-aadc-0e20e690b4ee success
INFO 07-21 11:04:55 server.py:175] Confirm GPU group 114 for meta-llama/Meta-Llama-3-8B_sllm-condense_2 replica 5bfa33ab-d13e-4e32-aadc-0e20e690b4ee success
INFO 07-21 11:04:55 server.py:175] Confirm GPU group 115 for meta-llama/Meta-Llama-3-8B_sllm-condense_2 replica 5bfa33ab-d13e-4e32-aadc-0e20e690b4ee success
INFO 07-21 11:04:55 server.py:175] Confirm GPU group 116 for meta-llama/Meta-Llama-3-8B_sllm-condense_2 replica 5bfa33ab-d13e-4e32-aadc-0e20e690b4ee success
INFO 07-21 11:04:55 server.py:175] Confirm GPU group 117 for meta-llama/Meta-Llama-3-8B_sllm-condense_2 replica 5bfa33ab-d13e-4e32-aadc-0e20e690b4ee success
INFO 07-21 11:04:55 server.py:175] Confirm GPU group 118 for meta-llama/Meta-Llama-3-8B_sllm-condense_2 replica 5bfa33ab-d13e-4e32-aadc-0e20e690b4ee success
INFO 07-21 11:04:55 server.py:175] Confirm GPU group 119 for meta-llama/Meta-Llama-3-8B_sllm-condense_2 replica 5bfa33ab-d13e-4e32-aadc-0e20e690b4ee success
INFO 07-21 11:04:55 server.py:175] Confirm GPU group 120 for meta-llama/Meta-Llama-3-8B_sllm-condense_2 replica 5bfa33ab-d13e-4e32-aadc-0e20e690b4ee success
INFO 07-21 11:04:55 server.py:175] Confirm GPU group 121 for meta-llama/Meta-Llama-3-8B_sllm-condense_2 replica 5bfa33ab-d13e-4e32-aadc-0e20e690b4ee success
INFO 07-21 11:04:55 server.py:175] Confirm GPU group 122 for meta-llama/Meta-Llama-3-8B_sllm-condense_2 replica 5bfa33ab-d13e-4e32-aadc-0e20e690b4ee success
INFO 07-21 11:04:55 server.py:175] Confirm GPU group 123 for meta-llama/Meta-Llama-3-8B_sllm-condense_2 replica 5bfa33ab-d13e-4e32-aadc-0e20e690b4ee success
INFO 07-21 11:04:55 server.py:175] Confirm GPU group 124 for meta-llama/Meta-Llama-3-8B_sllm-condense_2 replica 5bfa33ab-d13e-4e32-aadc-0e20e690b4ee success
INFO 07-21 11:04:55 server.py:175] Confirm GPU group 125 for meta-llama/Meta-Llama-3-8B_sllm-condense_2 replica 5bfa33ab-d13e-4e32-aadc-0e20e690b4ee success
INFO 07-21 11:04:55 server.py:175] Confirm GPU group 126 for meta-llama/Meta-Llama-3-8B_sllm-condense_2 replica 5bfa33ab-d13e-4e32-aadc-0e20e690b4ee success
INFO 07-21 11:04:55 server.py:175] Confirm GPU group 127 for meta-llama/Meta-Llama-3-8B_sllm-condense_2 replica 5bfa33ab-d13e-4e32-aadc-0e20e690b4ee success
INFO 07-21 11:04:55 server.py:175] Confirm GPU group 128 for meta-llama/Meta-Llama-3-8B_sllm-condense_2 replica 5bfa33ab-d13e-4e32-aadc-0e20e690b4ee success
INFO 07-21 11:04:55 server.py:175] Confirm GPU group 129 for meta-llama/Meta-Llama-3-8B_sllm-condense_2 replica 5bfa33ab-d13e-4e32-aadc-0e20e690b4ee success
INFO 07-21 11:04:55 server.py:175] Confirm GPU group 130 for meta-llama/Meta-Llama-3-8B_sllm-condense_2 replica 5bfa33ab-d13e-4e32-aadc-0e20e690b4ee success
INFO 07-21 11:04:55 server.py:175] Confirm GPU group 131 for meta-llama/Meta-Llama-3-8B_sllm-condense_2 replica 5bfa33ab-d13e-4e32-aadc-0e20e690b4ee success
INFO 07-21 11:04:55 server.py:175] Confirm GPU group 132 for meta-llama/Meta-Llama-3-8B_sllm-condense_2 replica 5bfa33ab-d13e-4e32-aadc-0e20e690b4ee success
INFO 07-21 11:04:55 server.py:175] Confirm GPU group 133 for meta-llama/Meta-Llama-3-8B_sllm-condense_2 replica 5bfa33ab-d13e-4e32-aadc-0e20e690b4ee success
INFO 07-21 11:04:55 server.py:175] Confirm GPU group 134 for meta-llama/Meta-Llama-3-8B_sllm-condense_2 replica 5bfa33ab-d13e-4e32-aadc-0e20e690b4ee success
INFO 07-21 11:04:55 server.py:175] Confirm GPU group 135 for meta-llama/Meta-Llama-3-8B_sllm-condense_2 replica 5bfa33ab-d13e-4e32-aadc-0e20e690b4ee success
INFO 07-21 11:04:55 server.py:175] Confirm GPU group 136 for meta-llama/Meta-Llama-3-8B_sllm-condense_2 replica 5bfa33ab-d13e-4e32-aadc-0e20e690b4ee success
INFO 07-21 11:04:55 server.py:175] Confirm GPU group 137 for meta-llama/Meta-Llama-3-8B_sllm-condense_2 replica 5bfa33ab-d13e-4e32-aadc-0e20e690b4ee success
INFO 07-21 11:04:55 server.py:175] Confirm GPU group 138 for meta-llama/Meta-Llama-3-8B_sllm-condense_2 replica 5bfa33ab-d13e-4e32-aadc-0e20e690b4ee success
INFO 07-21 11:04:55 server.py:175] Confirm GPU group 139 for meta-llama/Meta-Llama-3-8B_sllm-condense_2 replica 5bfa33ab-d13e-4e32-aadc-0e20e690b4ee success
INFO 07-21 11:04:56 server.py:175] Confirm GPU group 140 for meta-llama/Meta-Llama-3-8B_sllm-condense_2 replica 5bfa33ab-d13e-4e32-aadc-0e20e690b4ee success
INFO 07-21 11:04:56 server.py:175] Confirm GPU group 141 for meta-llama/Meta-Llama-3-8B_sllm-condense_2 replica 5bfa33ab-d13e-4e32-aadc-0e20e690b4ee success
INFO 07-21 11:04:56 server.py:175] Confirm GPU group 142 for meta-llama/Meta-Llama-3-8B_sllm-condense_2 replica 5bfa33ab-d13e-4e32-aadc-0e20e690b4ee success
INFO 07-21 11:04:56 server.py:175] Confirm GPU group 143 for meta-llama/Meta-Llama-3-8B_sllm-condense_2 replica 5bfa33ab-d13e-4e32-aadc-0e20e690b4ee success
INFO 07-21 11:04:56 server.py:175] Confirm GPU group 144 for meta-llama/Meta-Llama-3-8B_sllm-condense_2 replica 5bfa33ab-d13e-4e32-aadc-0e20e690b4ee success
INFO 07-21 11:04:56 server.py:175] Confirm GPU group 145 for meta-llama/Meta-Llama-3-8B_sllm-condense_2 replica 5bfa33ab-d13e-4e32-aadc-0e20e690b4ee success
INFO 07-21 11:04:56 server.py:175] Confirm GPU group 146 for meta-llama/Meta-Llama-3-8B_sllm-condense_2 replica 5bfa33ab-d13e-4e32-aadc-0e20e690b4ee success
INFO 07-21 11:04:56 server.py:175] Confirm GPU group 147 for meta-llama/Meta-Llama-3-8B_sllm-condense_2 replica 5bfa33ab-d13e-4e32-aadc-0e20e690b4ee success
INFO 07-21 11:04:56 server.py:175] Confirm GPU group 148 for meta-llama/Meta-Llama-3-8B_sllm-condense_2 replica 5bfa33ab-d13e-4e32-aadc-0e20e690b4ee success
INFO 07-21 11:04:56 server.py:175] Confirm GPU group 149 for meta-llama/Meta-Llama-3-8B_sllm-condense_2 replica 5bfa33ab-d13e-4e32-aadc-0e20e690b4ee success
INFO 07-21 11:04:56 server.py:175] Confirm GPU group 150 for meta-llama/Meta-Llama-3-8B_sllm-condense_2 replica 5bfa33ab-d13e-4e32-aadc-0e20e690b4ee success
INFO 07-21 11:04:56 server.py:175] Confirm GPU group 151 for meta-llama/Meta-Llama-3-8B_sllm-condense_2 replica 5bfa33ab-d13e-4e32-aadc-0e20e690b4ee success
INFO 07-21 11:04:56 server.py:175] Confirm GPU group 152 for meta-llama/Meta-Llama-3-8B_sllm-condense_2 replica 5bfa33ab-d13e-4e32-aadc-0e20e690b4ee success
INFO 07-21 11:04:56 server.py:175] Confirm GPU group 153 for meta-llama/Meta-Llama-3-8B_sllm-condense_2 replica 5bfa33ab-d13e-4e32-aadc-0e20e690b4ee success
INFO 07-21 11:04:56 server.py:175] Confirm GPU group 154 for meta-llama/Meta-Llama-3-8B_sllm-condense_2 replica 5bfa33ab-d13e-4e32-aadc-0e20e690b4ee success
INFO 07-21 11:04:56 server.py:175] Confirm GPU group 155 for meta-llama/Meta-Llama-3-8B_sllm-condense_2 replica 5bfa33ab-d13e-4e32-aadc-0e20e690b4ee success
INFO 07-21 11:04:56 server.py:175] Confirm GPU group 156 for meta-llama/Meta-Llama-3-8B_sllm-condense_2 replica 5bfa33ab-d13e-4e32-aadc-0e20e690b4ee success
INFO 07-21 11:04:56 server.py:175] Confirm GPU group 157 for meta-llama/Meta-Llama-3-8B_sllm-condense_2 replica 5bfa33ab-d13e-4e32-aadc-0e20e690b4ee success
INFO 07-21 11:04:56 server.py:175] Confirm GPU group 158 for meta-llama/Meta-Llama-3-8B_sllm-condense_2 replica 5bfa33ab-d13e-4e32-aadc-0e20e690b4ee success
INFO 07-21 11:04:56 server.py:175] Confirm GPU group 159 for meta-llama/Meta-Llama-3-8B_sllm-condense_2 replica 5bfa33ab-d13e-4e32-aadc-0e20e690b4ee success
INFO 07-21 11:04:56 server.py:175] Confirm GPU group 160 for meta-llama/Meta-Llama-3-8B_sllm-condense_2 replica 5bfa33ab-d13e-4e32-aadc-0e20e690b4ee success
INFO 07-21 11:04:56 server.py:175] Confirm GPU group 161 for meta-llama/Meta-Llama-3-8B_sllm-condense_2 replica 5bfa33ab-d13e-4e32-aadc-0e20e690b4ee success
INFO 07-21 11:04:56 server.py:175] Confirm GPU group 162 for meta-llama/Meta-Llama-3-8B_sllm-condense_2 replica 5bfa33ab-d13e-4e32-aadc-0e20e690b4ee success
INFO 07-21 11:04:56 server.py:175] Confirm GPU group 163 for meta-llama/Meta-Llama-3-8B_sllm-condense_2 replica 5bfa33ab-d13e-4e32-aadc-0e20e690b4ee success
INFO 07-21 11:04:56 server.py:175] Confirm GPU group 164 for meta-llama/Meta-Llama-3-8B_sllm-condense_2 replica 5bfa33ab-d13e-4e32-aadc-0e20e690b4ee success
INFO 07-21 11:04:56 server.py:175] Confirm GPU group 165 for meta-llama/Meta-Llama-3-8B_sllm-condense_2 replica 5bfa33ab-d13e-4e32-aadc-0e20e690b4ee success
INFO 07-21 11:04:56 server.py:175] Confirm GPU group 166 for meta-llama/Meta-Llama-3-8B_sllm-condense_2 replica 5bfa33ab-d13e-4e32-aadc-0e20e690b4ee success
INFO 07-21 11:04:56 server.py:175] Confirm GPU group 167 for meta-llama/Meta-Llama-3-8B_sllm-condense_2 replica 5bfa33ab-d13e-4e32-aadc-0e20e690b4ee success
INFO 07-21 11:04:56 server.py:175] Confirm GPU group 168 for meta-llama/Meta-Llama-3-8B_sllm-condense_2 replica 5bfa33ab-d13e-4e32-aadc-0e20e690b4ee success
INFO 07-21 11:04:56 server.py:175] Confirm GPU group 169 for meta-llama/Meta-Llama-3-8B_sllm-condense_2 replica 5bfa33ab-d13e-4e32-aadc-0e20e690b4ee success
INFO 07-21 11:04:56 server.py:175] Confirm GPU group 170 for meta-llama/Meta-Llama-3-8B_sllm-condense_2 replica 5bfa33ab-d13e-4e32-aadc-0e20e690b4ee success
INFO 07-21 11:04:56 server.py:175] Confirm GPU group 171 for meta-llama/Meta-Llama-3-8B_sllm-condense_2 replica 5bfa33ab-d13e-4e32-aadc-0e20e690b4ee success
INFO 07-21 11:04:56 server.py:175] Confirm GPU group 172 for meta-llama/Meta-Llama-3-8B_sllm-condense_2 replica 5bfa33ab-d13e-4e32-aadc-0e20e690b4ee success
INFO 07-21 11:04:56 server.py:175] Confirm GPU group 173 for meta-llama/Meta-Llama-3-8B_sllm-condense_2 replica 5bfa33ab-d13e-4e32-aadc-0e20e690b4ee success
INFO 07-21 11:04:56 server.py:175] Confirm GPU group 174 for meta-llama/Meta-Llama-3-8B_sllm-condense_2 replica 5bfa33ab-d13e-4e32-aadc-0e20e690b4ee success
INFO 07-21 11:04:56 server.py:175] Confirm GPU group 175 for meta-llama/Meta-Llama-3-8B_sllm-condense_2 replica 5bfa33ab-d13e-4e32-aadc-0e20e690b4ee success
INFO 07-21 11:04:56 server.py:175] Confirm GPU group 176 for meta-llama/Meta-Llama-3-8B_sllm-condense_2 replica 5bfa33ab-d13e-4e32-aadc-0e20e690b4ee success
INFO 07-21 11:04:56 server.py:175] Confirm GPU group 177 for meta-llama/Meta-Llama-3-8B_sllm-condense_2 replica 5bfa33ab-d13e-4e32-aadc-0e20e690b4ee success
INFO 07-21 11:04:57 server.py:175] Confirm GPU group 178 for meta-llama/Meta-Llama-3-8B_sllm-condense_2 replica 5bfa33ab-d13e-4e32-aadc-0e20e690b4ee success
INFO 07-21 11:04:57 server.py:175] Confirm GPU group 179 for meta-llama/Meta-Llama-3-8B_sllm-condense_2 replica 5bfa33ab-d13e-4e32-aadc-0e20e690b4ee success
INFO 07-21 11:04:57 server.py:175] Confirm GPU group 180 for meta-llama/Meta-Llama-3-8B_sllm-condense_2 replica 5bfa33ab-d13e-4e32-aadc-0e20e690b4ee success
INFO 07-21 11:04:57 server.py:175] Confirm GPU group 181 for meta-llama/Meta-Llama-3-8B_sllm-condense_2 replica 5bfa33ab-d13e-4e32-aadc-0e20e690b4ee success
INFO 07-21 11:04:57 server.py:175] Confirm GPU group 182 for meta-llama/Meta-Llama-3-8B_sllm-condense_2 replica 5bfa33ab-d13e-4e32-aadc-0e20e690b4ee success
INFO 07-21 11:04:57 server.py:175] Confirm GPU group 183 for meta-llama/Meta-Llama-3-8B_sllm-condense_2 replica 5bfa33ab-d13e-4e32-aadc-0e20e690b4ee success
INFO 07-21 11:04:57 server.py:175] Confirm GPU group 184 for meta-llama/Meta-Llama-3-8B_sllm-condense_2 replica 5bfa33ab-d13e-4e32-aadc-0e20e690b4ee success
INFO 07-21 11:04:57 server.py:175] Confirm GPU group 185 for meta-llama/Meta-Llama-3-8B_sllm-condense_2 replica 5bfa33ab-d13e-4e32-aadc-0e20e690b4ee success
INFO 07-21 11:04:57 server.py:175] Confirm GPU group 186 for meta-llama/Meta-Llama-3-8B_sllm-condense_2 replica 5bfa33ab-d13e-4e32-aadc-0e20e690b4ee success
INFO 07-21 11:04:57 server.py:175] Confirm GPU group 187 for meta-llama/Meta-Llama-3-8B_sllm-condense_2 replica 5bfa33ab-d13e-4e32-aadc-0e20e690b4ee success
INFO 07-21 11:04:57 server.py:175] Confirm GPU group 188 for meta-llama/Meta-Llama-3-8B_sllm-condense_2 replica 5bfa33ab-d13e-4e32-aadc-0e20e690b4ee success
INFO 07-21 11:04:57 server.py:175] Confirm GPU group 189 for meta-llama/Meta-Llama-3-8B_sllm-condense_2 replica 5bfa33ab-d13e-4e32-aadc-0e20e690b4ee success
INFO 07-21 11:04:57 server.py:175] Confirm GPU group 190 for meta-llama/Meta-Llama-3-8B_sllm-condense_2 replica 5bfa33ab-d13e-4e32-aadc-0e20e690b4ee success
INFO 07-21 11:04:57 server.py:175] Confirm GPU group 191 for meta-llama/Meta-Llama-3-8B_sllm-condense_2 replica 5bfa33ab-d13e-4e32-aadc-0e20e690b4ee success
INFO 07-21 11:04:57 server.py:175] Confirm GPU group 192 for meta-llama/Meta-Llama-3-8B_sllm-condense_2 replica 5bfa33ab-d13e-4e32-aadc-0e20e690b4ee success
INFO 07-21 11:04:57 server.py:175] Confirm GPU group 193 for meta-llama/Meta-Llama-3-8B_sllm-condense_2 replica 5bfa33ab-d13e-4e32-aadc-0e20e690b4ee success
INFO 07-21 11:04:57 server.py:175] Confirm GPU group 194 for meta-llama/Meta-Llama-3-8B_sllm-condense_2 replica 5bfa33ab-d13e-4e32-aadc-0e20e690b4ee success
INFO 07-21 11:04:57 server.py:175] Confirm GPU group 195 for meta-llama/Meta-Llama-3-8B_sllm-condense_2 replica 5bfa33ab-d13e-4e32-aadc-0e20e690b4ee success
INFO 07-21 11:04:57 server.py:175] Confirm GPU group 196 for meta-llama/Meta-Llama-3-8B_sllm-condense_2 replica 5bfa33ab-d13e-4e32-aadc-0e20e690b4ee success
INFO 07-21 11:04:57 server.py:175] Confirm GPU group 197 for meta-llama/Meta-Llama-3-8B_sllm-condense_2 replica 5bfa33ab-d13e-4e32-aadc-0e20e690b4ee success
INFO 07-21 11:04:57 server.py:175] Confirm GPU group 198 for meta-llama/Meta-Llama-3-8B_sllm-condense_2 replica 5bfa33ab-d13e-4e32-aadc-0e20e690b4ee success
INFO 07-21 11:04:57 server.py:175] Confirm GPU group 199 for meta-llama/Meta-Llama-3-8B_sllm-condense_2 replica 5bfa33ab-d13e-4e32-aadc-0e20e690b4ee success
INFO 07-21 11:04:57 server.py:175] Confirm GPU group 200 for meta-llama/Meta-Llama-3-8B_sllm-condense_2 replica 5bfa33ab-d13e-4e32-aadc-0e20e690b4ee success
INFO 07-21 11:04:57 server.py:175] Confirm GPU group 201 for meta-llama/Meta-Llama-3-8B_sllm-condense_2 replica 5bfa33ab-d13e-4e32-aadc-0e20e690b4ee success
INFO 07-21 11:04:57 server.py:175] Confirm GPU group 202 for meta-llama/Meta-Llama-3-8B_sllm-condense_2 replica 5bfa33ab-d13e-4e32-aadc-0e20e690b4ee success
INFO 07-21 11:04:57 server.py:175] Confirm GPU group 203 for meta-llama/Meta-Llama-3-8B_sllm-condense_2 replica 5bfa33ab-d13e-4e32-aadc-0e20e690b4ee success
INFO 07-21 11:04:57 server.py:175] Confirm GPU group 204 for meta-llama/Meta-Llama-3-8B_sllm-condense_2 replica 5bfa33ab-d13e-4e32-aadc-0e20e690b4ee success
INFO 07-21 11:04:57 server.py:175] Confirm GPU group 205 for meta-llama/Meta-Llama-3-8B_sllm-condense_2 replica 5bfa33ab-d13e-4e32-aadc-0e20e690b4ee success
INFO 07-21 11:04:57 server.py:175] Confirm GPU group 206 for meta-llama/Meta-Llama-3-8B_sllm-condense_2 replica 5bfa33ab-d13e-4e32-aadc-0e20e690b4ee success
INFO 07-21 11:04:57 server.py:175] Confirm GPU group 207 for meta-llama/Meta-Llama-3-8B_sllm-condense_2 replica 5bfa33ab-d13e-4e32-aadc-0e20e690b4ee success
INFO 07-21 11:04:57 server.py:175] Confirm GPU group 208 for meta-llama/Meta-Llama-3-8B_sllm-condense_2 replica 5bfa33ab-d13e-4e32-aadc-0e20e690b4ee success
INFO 07-21 11:04:57 server.py:175] Confirm GPU group 209 for meta-llama/Meta-Llama-3-8B_sllm-condense_2 replica 5bfa33ab-d13e-4e32-aadc-0e20e690b4ee success
INFO 07-21 11:04:57 server.py:175] Confirm GPU group 210 for meta-llama/Meta-Llama-3-8B_sllm-condense_2 replica 5bfa33ab-d13e-4e32-aadc-0e20e690b4ee success
INFO 07-21 11:04:57 server.py:175] Confirm GPU group 211 for meta-llama/Meta-Llama-3-8B_sllm-condense_2 replica 5bfa33ab-d13e-4e32-aadc-0e20e690b4ee success
INFO 07-21 11:04:57 server.py:175] Confirm GPU group 212 for meta-llama/Meta-Llama-3-8B_sllm-condense_2 replica 5bfa33ab-d13e-4e32-aadc-0e20e690b4ee success
INFO 07-21 11:04:57 server.py:175] Confirm GPU group 213 for meta-llama/Meta-Llama-3-8B_sllm-condense_2 replica 5bfa33ab-d13e-4e32-aadc-0e20e690b4ee success
INFO 07-21 11:04:57 server.py:175] Confirm GPU group 214 for meta-llama/Meta-Llama-3-8B_sllm-condense_2 replica 5bfa33ab-d13e-4e32-aadc-0e20e690b4ee success
INFO 07-21 11:04:58 server.py:175] Confirm GPU group 215 for meta-llama/Meta-Llama-3-8B_sllm-condense_2 replica 5bfa33ab-d13e-4e32-aadc-0e20e690b4ee success
INFO 07-21 11:04:58 server.py:175] Confirm GPU group 216 for meta-llama/Meta-Llama-3-8B_sllm-condense_2 replica 5bfa33ab-d13e-4e32-aadc-0e20e690b4ee success
INFO 07-21 11:04:58 server.py:175] Confirm GPU group 217 for meta-llama/Meta-Llama-3-8B_sllm-condense_2 replica 5bfa33ab-d13e-4e32-aadc-0e20e690b4ee success
INFO 07-21 11:04:58 server.py:175] Confirm GPU group 218 for meta-llama/Meta-Llama-3-8B_sllm-condense_2 replica 5bfa33ab-d13e-4e32-aadc-0e20e690b4ee success
INFO 07-21 11:04:58 server.py:175] Confirm GPU group 219 for meta-llama/Meta-Llama-3-8B_sllm-condense_2 replica 5bfa33ab-d13e-4e32-aadc-0e20e690b4ee success
INFO 07-21 11:04:58 server.py:175] Confirm GPU group 220 for meta-llama/Meta-Llama-3-8B_sllm-condense_2 replica 5bfa33ab-d13e-4e32-aadc-0e20e690b4ee success
INFO 07-21 11:04:58 server.py:175] Confirm GPU group 221 for meta-llama/Meta-Llama-3-8B_sllm-condense_2 replica 5bfa33ab-d13e-4e32-aadc-0e20e690b4ee success
INFO 07-21 11:04:58 server.py:175] Confirm GPU group 222 for meta-llama/Meta-Llama-3-8B_sllm-condense_2 replica 5bfa33ab-d13e-4e32-aadc-0e20e690b4ee success
INFO 07-21 11:04:58 server.py:175] Confirm GPU group 223 for meta-llama/Meta-Llama-3-8B_sllm-condense_2 replica 5bfa33ab-d13e-4e32-aadc-0e20e690b4ee success
INFO 07-21 11:04:58 server.py:175] Confirm GPU group 224 for meta-llama/Meta-Llama-3-8B_sllm-condense_2 replica 5bfa33ab-d13e-4e32-aadc-0e20e690b4ee success
INFO 07-21 11:04:58 server.py:175] Confirm GPU group 225 for meta-llama/Meta-Llama-3-8B_sllm-condense_2 replica 5bfa33ab-d13e-4e32-aadc-0e20e690b4ee success
INFO 07-21 11:04:58 server.py:175] Confirm GPU group 226 for meta-llama/Meta-Llama-3-8B_sllm-condense_2 replica 5bfa33ab-d13e-4e32-aadc-0e20e690b4ee success
INFO 07-21 11:04:58 server.py:175] Confirm GPU group 227 for meta-llama/Meta-Llama-3-8B_sllm-condense_2 replica 5bfa33ab-d13e-4e32-aadc-0e20e690b4ee success
INFO 07-21 11:04:58 server.py:175] Confirm GPU group 228 for meta-llama/Meta-Llama-3-8B_sllm-condense_2 replica 5bfa33ab-d13e-4e32-aadc-0e20e690b4ee success
INFO 07-21 11:04:58 server.py:175] Confirm GPU group 229 for meta-llama/Meta-Llama-3-8B_sllm-condense_2 replica 5bfa33ab-d13e-4e32-aadc-0e20e690b4ee success
INFO 07-21 11:04:58 server.py:175] Confirm GPU group 230 for meta-llama/Meta-Llama-3-8B_sllm-condense_2 replica 5bfa33ab-d13e-4e32-aadc-0e20e690b4ee success
INFO 07-21 11:04:58 server.py:175] Confirm GPU group 231 for meta-llama/Meta-Llama-3-8B_sllm-condense_2 replica 5bfa33ab-d13e-4e32-aadc-0e20e690b4ee success
INFO 07-21 11:04:58 server.py:175] Confirm GPU group 232 for meta-llama/Meta-Llama-3-8B_sllm-condense_2 replica 5bfa33ab-d13e-4e32-aadc-0e20e690b4ee success
INFO 07-21 11:04:58 server.py:175] Confirm GPU group 233 for meta-llama/Meta-Llama-3-8B_sllm-condense_2 replica 5bfa33ab-d13e-4e32-aadc-0e20e690b4ee success
INFO 07-21 11:04:58 server.py:175] Confirm GPU group 234 for meta-llama/Meta-Llama-3-8B_sllm-condense_2 replica 5bfa33ab-d13e-4e32-aadc-0e20e690b4ee success
INFO 07-21 11:04:58 server.py:175] Confirm GPU group 235 for meta-llama/Meta-Llama-3-8B_sllm-condense_2 replica 5bfa33ab-d13e-4e32-aadc-0e20e690b4ee success
INFO 07-21 11:04:58 server.py:175] Confirm GPU group 236 for meta-llama/Meta-Llama-3-8B_sllm-condense_2 replica 5bfa33ab-d13e-4e32-aadc-0e20e690b4ee success
INFO 07-21 11:04:58 server.py:175] Confirm GPU group 237 for meta-llama/Meta-Llama-3-8B_sllm-condense_2 replica 5bfa33ab-d13e-4e32-aadc-0e20e690b4ee success
INFO 07-21 11:04:58 server.py:175] Confirm GPU group 238 for meta-llama/Meta-Llama-3-8B_sllm-condense_2 replica 5bfa33ab-d13e-4e32-aadc-0e20e690b4ee success
INFO 07-21 11:04:58 server.py:175] Confirm GPU group 239 for meta-llama/Meta-Llama-3-8B_sllm-condense_2 replica 5bfa33ab-d13e-4e32-aadc-0e20e690b4ee success
INFO 07-21 11:04:58 server.py:175] Confirm GPU group 240 for meta-llama/Meta-Llama-3-8B_sllm-condense_2 replica 5bfa33ab-d13e-4e32-aadc-0e20e690b4ee success
INFO 07-21 11:04:58 server.py:175] Confirm GPU group 241 for meta-llama/Meta-Llama-3-8B_sllm-condense_2 replica 5bfa33ab-d13e-4e32-aadc-0e20e690b4ee success
INFO 07-21 11:04:58 server.py:175] Confirm GPU group 242 for meta-llama/Meta-Llama-3-8B_sllm-condense_2 replica 5bfa33ab-d13e-4e32-aadc-0e20e690b4ee success
INFO 07-21 11:04:58 server.py:175] Confirm GPU group 243 for meta-llama/Meta-Llama-3-8B_sllm-condense_2 replica 5bfa33ab-d13e-4e32-aadc-0e20e690b4ee success
INFO 07-21 11:04:58 server.py:175] Confirm GPU group 244 for meta-llama/Meta-Llama-3-8B_sllm-condense_2 replica 5bfa33ab-d13e-4e32-aadc-0e20e690b4ee success
INFO 07-21 11:04:58 server.py:175] Confirm GPU group 245 for meta-llama/Meta-Llama-3-8B_sllm-condense_2 replica 5bfa33ab-d13e-4e32-aadc-0e20e690b4ee success
INFO 07-21 11:04:58 server.py:175] Confirm GPU group 246 for meta-llama/Meta-Llama-3-8B_sllm-condense_2 replica 5bfa33ab-d13e-4e32-aadc-0e20e690b4ee success
INFO 07-21 11:04:58 server.py:175] Confirm GPU group 247 for meta-llama/Meta-Llama-3-8B_sllm-condense_2 replica 5bfa33ab-d13e-4e32-aadc-0e20e690b4ee success
INFO 07-21 11:04:58 server.py:175] Confirm GPU group 248 for meta-llama/Meta-Llama-3-8B_sllm-condense_2 replica 5bfa33ab-d13e-4e32-aadc-0e20e690b4ee success
INFO 07-21 11:04:58 server.py:175] Confirm GPU group 249 for meta-llama/Meta-Llama-3-8B_sllm-condense_2 replica 5bfa33ab-d13e-4e32-aadc-0e20e690b4ee success
INFO 07-21 11:04:58 server.py:175] Confirm GPU group 250 for meta-llama/Meta-Llama-3-8B_sllm-condense_2 replica 5bfa33ab-d13e-4e32-aadc-0e20e690b4ee success
INFO 07-21 11:04:58 server.py:175] Confirm GPU group 251 for meta-llama/Meta-Llama-3-8B_sllm-condense_2 replica 5bfa33ab-d13e-4e32-aadc-0e20e690b4ee success
INFO 07-21 11:04:58 server.py:175] Confirm GPU group 252 for meta-llama/Meta-Llama-3-8B_sllm-condense_2 replica 5bfa33ab-d13e-4e32-aadc-0e20e690b4ee success
INFO 07-21 11:04:58 server.py:175] Confirm GPU group 253 for meta-llama/Meta-Llama-3-8B_sllm-condense_2 replica 5bfa33ab-d13e-4e32-aadc-0e20e690b4ee success
INFO 07-21 11:04:58 server.py:175] Confirm GPU group 254 for meta-llama/Meta-Llama-3-8B_sllm-condense_2 replica 5bfa33ab-d13e-4e32-aadc-0e20e690b4ee success
INFO 07-21 11:04:58 server.py:175] Confirm GPU group 255 for meta-llama/Meta-Llama-3-8B_sllm-condense_2 replica 5bfa33ab-d13e-4e32-aadc-0e20e690b4ee success
INFO 07-21 11:04:58 server.py:175] Confirm GPU group 256 for meta-llama/Meta-Llama-3-8B_sllm-condense_2 replica 5bfa33ab-d13e-4e32-aadc-0e20e690b4ee success
INFO 07-21 11:04:59 server.py:175] Confirm GPU group 257 for meta-llama/Meta-Llama-3-8B_sllm-condense_2 replica 5bfa33ab-d13e-4e32-aadc-0e20e690b4ee success
INFO 07-21 11:04:59 server.py:175] Confirm GPU group 258 for meta-llama/Meta-Llama-3-8B_sllm-condense_2 replica 5bfa33ab-d13e-4e32-aadc-0e20e690b4ee success
INFO 07-21 11:04:59 server.py:175] Confirm GPU group 259 for meta-llama/Meta-Llama-3-8B_sllm-condense_2 replica 5bfa33ab-d13e-4e32-aadc-0e20e690b4ee success
INFO 07-21 11:04:59 server.py:175] Confirm GPU group 260 for meta-llama/Meta-Llama-3-8B_sllm-condense_2 replica 5bfa33ab-d13e-4e32-aadc-0e20e690b4ee success
INFO 07-21 11:04:59 server.py:175] Confirm GPU group 261 for meta-llama/Meta-Llama-3-8B_sllm-condense_2 replica 5bfa33ab-d13e-4e32-aadc-0e20e690b4ee success
INFO 07-21 11:04:59 server.py:175] Confirm GPU group 262 for meta-llama/Meta-Llama-3-8B_sllm-condense_2 replica 5bfa33ab-d13e-4e32-aadc-0e20e690b4ee success
INFO 07-21 11:04:59 server.py:175] Confirm GPU group 263 for meta-llama/Meta-Llama-3-8B_sllm-condense_2 replica 5bfa33ab-d13e-4e32-aadc-0e20e690b4ee success
INFO 07-21 11:04:59 server.py:175] Confirm GPU group 264 for meta-llama/Meta-Llama-3-8B_sllm-condense_2 replica 5bfa33ab-d13e-4e32-aadc-0e20e690b4ee success
INFO 07-21 11:04:59 server.py:175] Confirm GPU group 265 for meta-llama/Meta-Llama-3-8B_sllm-condense_2 replica 5bfa33ab-d13e-4e32-aadc-0e20e690b4ee success
INFO 07-21 11:04:59 server.py:175] Confirm GPU group 266 for meta-llama/Meta-Llama-3-8B_sllm-condense_2 replica 5bfa33ab-d13e-4e32-aadc-0e20e690b4ee success
INFO 07-21 11:04:59 server.py:175] Confirm GPU group 267 for meta-llama/Meta-Llama-3-8B_sllm-condense_2 replica 5bfa33ab-d13e-4e32-aadc-0e20e690b4ee success
INFO 07-21 11:04:59 server.py:175] Confirm GPU group 268 for meta-llama/Meta-Llama-3-8B_sllm-condense_2 replica 5bfa33ab-d13e-4e32-aadc-0e20e690b4ee success
INFO 07-21 11:04:59 server.py:175] Confirm GPU group 269 for meta-llama/Meta-Llama-3-8B_sllm-condense_2 replica 5bfa33ab-d13e-4e32-aadc-0e20e690b4ee success
INFO 07-21 11:04:59 server.py:175] Confirm GPU group 270 for meta-llama/Meta-Llama-3-8B_sllm-condense_2 replica 5bfa33ab-d13e-4e32-aadc-0e20e690b4ee success
INFO 07-21 11:04:59 server.py:175] Confirm GPU group 271 for meta-llama/Meta-Llama-3-8B_sllm-condense_2 replica 5bfa33ab-d13e-4e32-aadc-0e20e690b4ee success
INFO 07-21 11:04:59 server.py:175] Confirm GPU group 272 for meta-llama/Meta-Llama-3-8B_sllm-condense_2 replica 5bfa33ab-d13e-4e32-aadc-0e20e690b4ee success
INFO 07-21 11:04:59 server.py:175] Confirm GPU group 273 for meta-llama/Meta-Llama-3-8B_sllm-condense_2 replica 5bfa33ab-d13e-4e32-aadc-0e20e690b4ee success
INFO 07-21 11:04:59 server.py:175] Confirm GPU group 274 for meta-llama/Meta-Llama-3-8B_sllm-condense_2 replica 5bfa33ab-d13e-4e32-aadc-0e20e690b4ee success
INFO 07-21 11:04:59 server.py:175] Confirm GPU group 275 for meta-llama/Meta-Llama-3-8B_sllm-condense_2 replica 5bfa33ab-d13e-4e32-aadc-0e20e690b4ee success
INFO 07-21 11:04:59 server.py:175] Confirm GPU group 276 for meta-llama/Meta-Llama-3-8B_sllm-condense_2 replica 5bfa33ab-d13e-4e32-aadc-0e20e690b4ee success
INFO 07-21 11:04:59 server.py:175] Confirm GPU group 277 for meta-llama/Meta-Llama-3-8B_sllm-condense_2 replica 5bfa33ab-d13e-4e32-aadc-0e20e690b4ee success
INFO 07-21 11:04:59 server.py:175] Confirm GPU group 278 for meta-llama/Meta-Llama-3-8B_sllm-condense_2 replica 5bfa33ab-d13e-4e32-aadc-0e20e690b4ee success
INFO 07-21 11:04:59 server.py:175] Confirm GPU group 279 for meta-llama/Meta-Llama-3-8B_sllm-condense_2 replica 5bfa33ab-d13e-4e32-aadc-0e20e690b4ee success
INFO 07-21 11:04:59 server.py:175] Confirm GPU group 280 for meta-llama/Meta-Llama-3-8B_sllm-condense_2 replica 5bfa33ab-d13e-4e32-aadc-0e20e690b4ee success
INFO 07-21 11:04:59 server.py:175] Confirm GPU group 281 for meta-llama/Meta-Llama-3-8B_sllm-condense_2 replica 5bfa33ab-d13e-4e32-aadc-0e20e690b4ee success
INFO 07-21 11:04:59 server.py:175] Confirm GPU group 282 for meta-llama/Meta-Llama-3-8B_sllm-condense_2 replica 5bfa33ab-d13e-4e32-aadc-0e20e690b4ee success
INFO 07-21 11:04:59 server.py:175] Confirm GPU group 283 for meta-llama/Meta-Llama-3-8B_sllm-condense_2 replica 5bfa33ab-d13e-4e32-aadc-0e20e690b4ee success
INFO 07-21 11:04:59 server.py:175] Confirm GPU group 284 for meta-llama/Meta-Llama-3-8B_sllm-condense_2 replica 5bfa33ab-d13e-4e32-aadc-0e20e690b4ee success
INFO 07-21 11:04:59 server.py:175] Confirm GPU group 285 for meta-llama/Meta-Llama-3-8B_sllm-condense_2 replica 5bfa33ab-d13e-4e32-aadc-0e20e690b4ee success
INFO 07-21 11:04:59 server.py:175] Confirm GPU group 286 for meta-llama/Meta-Llama-3-8B_sllm-condense_2 replica 5bfa33ab-d13e-4e32-aadc-0e20e690b4ee success
INFO 07-21 11:04:59 server.py:175] Confirm GPU group 287 for meta-llama/Meta-Llama-3-8B_sllm-condense_2 replica 5bfa33ab-d13e-4e32-aadc-0e20e690b4ee success
INFO 07-21 11:04:59 server.py:175] Confirm GPU group 288 for meta-llama/Meta-Llama-3-8B_sllm-condense_2 replica 5bfa33ab-d13e-4e32-aadc-0e20e690b4ee success
INFO 07-21 11:04:59 server.py:175] Confirm GPU group 289 for meta-llama/Meta-Llama-3-8B_sllm-condense_2 replica 5bfa33ab-d13e-4e32-aadc-0e20e690b4ee success
INFO 07-21 11:04:59 server.py:175] Confirm GPU group 290 for meta-llama/Meta-Llama-3-8B_sllm-condense_2 replica 5bfa33ab-d13e-4e32-aadc-0e20e690b4ee success
INFO 07-21 11:05:00 server.py:138] Confirm model meta-llama/Meta-Llama-3-8B_sllm-condense_2 replica 5bfa33ab-d13e-4e32-aadc-0e20e690b4ee success
I20260721 11:05:03.493253 2643496 model.cpp:53] Tensor file "/mnt/data1/mechels/meta-llama/Meta-Llama-3-8B_sllm-condense_3/tensor.data_1" does not exist
I20260721 11:05:03.493330 2643496 checkpoint_store.cpp:106] Model meta-llama/Meta-Llama-3-8B_sllm-condense_3 is registered
I20260721 11:05:03.493568 2649239 pinned_memory_pool.cpp:78] PinnedMemoryPool Allocate 423 buffers free buffers 779 total buffers 2048
INFO 07-21 11:05:03 server.py:115] LoadModel: success meta-llama/Meta-Llama-3-8B_sllm-condense_3 with target 1
I20260721 11:05:03.495687 2649239 model.cpp:120] Loading model meta-llama/Meta-Llama-3-8B_sllm-condense_3 size 7080615848 to host
I20260721 11:05:03.495720 2649239 model.cpp:134] Loading model meta-llama/Meta-Llama-3-8B_sllm-condense_3 to host with 4 threads, 423 chunks, 16777216 chunk size, 106 chunks per thread
I20260721 11:05:03.495853 2649241 model.cpp:155] Thread 1 starting from partition 0 offset 1778384896
I20260721 11:05:03.495905 2649242 model.cpp:155] Thread 2 starting from partition 0 offset 3556769792
I20260721 11:05:03.495986 2649243 model.cpp:155] Thread 3 starting from partition 0 offset 5335154688
I20260721 11:05:03.495978 2649240 model.cpp:155] Thread 0 starting from partition 0 offset 0
I20260721 11:05:04.655579 2649255 checkpoint_store.cpp:209] Loading model meta-llama/Meta-Llama-3-8B_sllm-condense_3
INFO 07-21 11:05:04 server.py:115] LoadModel: success meta-llama/Meta-Llama-3-8B_sllm-condense_3 with target 2
I20260721 11:05:04.715282 2649255 model.cpp:269] Creating replica 014d1006-23d8-436c-8b1e-bdad31c9640f
I20260721 11:05:04.715359 2649255 model.cpp:273] Creating queue for device 0
I20260721 11:05:04.715396 2649255 model.cpp:284] Created replica 014d1006-23d8-436c-8b1e-bdad31c9640f
I20260721 11:05:04.715502 2649255 model.cpp:295] Dispatcher started for model meta-llama/Meta-Llama-3-8B_sllm-condense_3
I20260721 11:05:04.715541 2649255 model.cpp:361] Waiting for model meta-llama/Meta-Llama-3-8B_sllm-condense_3 num tasks 1 state 3
INFO 07-21 11:05:21 server.py:175] Confirm GPU group 0 for meta-llama/Meta-Llama-3-8B_sllm-condense_3 replica 014d1006-23d8-436c-8b1e-bdad31c9640f success
INFO 07-21 11:05:21 server.py:175] Confirm GPU group 1 for meta-llama/Meta-Llama-3-8B_sllm-condense_3 replica 014d1006-23d8-436c-8b1e-bdad31c9640f success
INFO 07-21 11:05:21 server.py:175] Confirm GPU group 2 for meta-llama/Meta-Llama-3-8B_sllm-condense_3 replica 014d1006-23d8-436c-8b1e-bdad31c9640f success
INFO 07-21 11:05:21 server.py:175] Confirm GPU group 3 for meta-llama/Meta-Llama-3-8B_sllm-condense_3 replica 014d1006-23d8-436c-8b1e-bdad31c9640f success
INFO 07-21 11:05:21 server.py:175] Confirm GPU group 4 for meta-llama/Meta-Llama-3-8B_sllm-condense_3 replica 014d1006-23d8-436c-8b1e-bdad31c9640f success
INFO 07-21 11:05:24 server.py:175] Confirm GPU group 5 for meta-llama/Meta-Llama-3-8B_sllm-condense_3 replica 014d1006-23d8-436c-8b1e-bdad31c9640f success
INFO 07-21 11:05:26 server.py:175] Confirm GPU group 6 for meta-llama/Meta-Llama-3-8B_sllm-condense_3 replica 014d1006-23d8-436c-8b1e-bdad31c9640f success
INFO 07-21 11:05:29 server.py:175] Confirm GPU group 7 for meta-llama/Meta-Llama-3-8B_sllm-condense_3 replica 014d1006-23d8-436c-8b1e-bdad31c9640f success
INFO 07-21 11:05:29 server.py:175] Confirm GPU group 8 for meta-llama/Meta-Llama-3-8B_sllm-condense_3 replica 014d1006-23d8-436c-8b1e-bdad31c9640f success
INFO 07-21 11:05:29 server.py:175] Confirm GPU group 9 for meta-llama/Meta-Llama-3-8B_sllm-condense_3 replica 014d1006-23d8-436c-8b1e-bdad31c9640f success
INFO 07-21 11:05:29 server.py:175] Confirm GPU group 10 for meta-llama/Meta-Llama-3-8B_sllm-condense_3 replica 014d1006-23d8-436c-8b1e-bdad31c9640f success
INFO 07-21 11:05:29 server.py:175] Confirm GPU group 11 for meta-llama/Meta-Llama-3-8B_sllm-condense_3 replica 014d1006-23d8-436c-8b1e-bdad31c9640f success
INFO 07-21 11:05:30 server.py:175] Confirm GPU group 12 for meta-llama/Meta-Llama-3-8B_sllm-condense_3 replica 014d1006-23d8-436c-8b1e-bdad31c9640f success
INFO 07-21 11:05:31 server.py:175] Confirm GPU group 13 for meta-llama/Meta-Llama-3-8B_sllm-condense_3 replica 014d1006-23d8-436c-8b1e-bdad31c9640f success
INFO 07-21 11:05:33 server.py:175] Confirm GPU group 14 for meta-llama/Meta-Llama-3-8B_sllm-condense_3 replica 014d1006-23d8-436c-8b1e-bdad31c9640f success
INFO 07-21 11:05:35 server.py:175] Confirm GPU group 15 for meta-llama/Meta-Llama-3-8B_sllm-condense_3 replica 014d1006-23d8-436c-8b1e-bdad31c9640f success
INFO 07-21 11:05:38 server.py:175] Confirm GPU group 16 for meta-llama/Meta-Llama-3-8B_sllm-condense_3 replica 014d1006-23d8-436c-8b1e-bdad31c9640f success
INFO 07-21 11:05:38 server.py:175] Confirm GPU group 17 for meta-llama/Meta-Llama-3-8B_sllm-condense_3 replica 014d1006-23d8-436c-8b1e-bdad31c9640f success
INFO 07-21 11:05:38 server.py:175] Confirm GPU group 18 for meta-llama/Meta-Llama-3-8B_sllm-condense_3 replica 014d1006-23d8-436c-8b1e-bdad31c9640f success
INFO 07-21 11:05:39 server.py:175] Confirm GPU group 19 for meta-llama/Meta-Llama-3-8B_sllm-condense_3 replica 014d1006-23d8-436c-8b1e-bdad31c9640f success
INFO 07-21 11:05:39 server.py:175] Confirm GPU group 20 for meta-llama/Meta-Llama-3-8B_sllm-condense_3 replica 014d1006-23d8-436c-8b1e-bdad31c9640f success
INFO 07-21 11:05:39 server.py:175] Confirm GPU group 21 for meta-llama/Meta-Llama-3-8B_sllm-condense_3 replica 014d1006-23d8-436c-8b1e-bdad31c9640f success
INFO 07-21 11:05:39 server.py:175] Confirm GPU group 22 for meta-llama/Meta-Llama-3-8B_sllm-condense_3 replica 014d1006-23d8-436c-8b1e-bdad31c9640f success
INFO 07-21 11:05:43 server.py:175] Confirm GPU group 23 for meta-llama/Meta-Llama-3-8B_sllm-condense_3 replica 014d1006-23d8-436c-8b1e-bdad31c9640f success
INFO 07-21 11:05:45 server.py:175] Confirm GPU group 24 for meta-llama/Meta-Llama-3-8B_sllm-condense_3 replica 014d1006-23d8-436c-8b1e-bdad31c9640f success
INFO 07-21 11:05:47 server.py:175] Confirm GPU group 25 for meta-llama/Meta-Llama-3-8B_sllm-condense_3 replica 014d1006-23d8-436c-8b1e-bdad31c9640f success
INFO 07-21 11:05:48 server.py:175] Confirm GPU group 26 for meta-llama/Meta-Llama-3-8B_sllm-condense_3 replica 014d1006-23d8-436c-8b1e-bdad31c9640f success
INFO 07-21 11:05:48 server.py:175] Confirm GPU group 27 for meta-llama/Meta-Llama-3-8B_sllm-condense_3 replica 014d1006-23d8-436c-8b1e-bdad31c9640f success
INFO 07-21 11:05:48 server.py:175] Confirm GPU group 28 for meta-llama/Meta-Llama-3-8B_sllm-condense_3 replica 014d1006-23d8-436c-8b1e-bdad31c9640f success
INFO 07-21 11:05:48 server.py:175] Confirm GPU group 29 for meta-llama/Meta-Llama-3-8B_sllm-condense_3 replica 014d1006-23d8-436c-8b1e-bdad31c9640f success
INFO 07-21 11:05:49 server.py:175] Confirm GPU group 30 for meta-llama/Meta-Llama-3-8B_sllm-condense_3 replica 014d1006-23d8-436c-8b1e-bdad31c9640f success
INFO 07-21 11:05:49 server.py:175] Confirm GPU group 31 for meta-llama/Meta-Llama-3-8B_sllm-condense_3 replica 014d1006-23d8-436c-8b1e-bdad31c9640f success
INFO 07-21 11:05:52 server.py:175] Confirm GPU group 32 for meta-llama/Meta-Llama-3-8B_sllm-condense_3 replica 014d1006-23d8-436c-8b1e-bdad31c9640f success
INFO 07-21 11:05:55 server.py:175] Confirm GPU group 33 for meta-llama/Meta-Llama-3-8B_sllm-condense_3 replica 014d1006-23d8-436c-8b1e-bdad31c9640f success
INFO 07-21 11:05:57 server.py:175] Confirm GPU group 34 for meta-llama/Meta-Llama-3-8B_sllm-condense_3 replica 014d1006-23d8-436c-8b1e-bdad31c9640f success
INFO 07-21 11:05:58 server.py:175] Confirm GPU group 35 for meta-llama/Meta-Llama-3-8B_sllm-condense_3 replica 014d1006-23d8-436c-8b1e-bdad31c9640f success
INFO 07-21 11:05:58 server.py:175] Confirm GPU group 36 for meta-llama/Meta-Llama-3-8B_sllm-condense_3 replica 014d1006-23d8-436c-8b1e-bdad31c9640f success
INFO 07-21 11:05:58 server.py:175] Confirm GPU group 37 for meta-llama/Meta-Llama-3-8B_sllm-condense_3 replica 014d1006-23d8-436c-8b1e-bdad31c9640f success
INFO 07-21 11:05:58 server.py:175] Confirm GPU group 38 for meta-llama/Meta-Llama-3-8B_sllm-condense_3 replica 014d1006-23d8-436c-8b1e-bdad31c9640f success
INFO 07-21 11:05:58 server.py:175] Confirm GPU group 39 for meta-llama/Meta-Llama-3-8B_sllm-condense_3 replica 014d1006-23d8-436c-8b1e-bdad31c9640f success
INFO 07-21 11:05:59 server.py:175] Confirm GPU group 40 for meta-llama/Meta-Llama-3-8B_sllm-condense_3 replica 014d1006-23d8-436c-8b1e-bdad31c9640f success
INFO 07-21 11:06:02 server.py:175] Confirm GPU group 41 for meta-llama/Meta-Llama-3-8B_sllm-condense_3 replica 014d1006-23d8-436c-8b1e-bdad31c9640f success
INFO 07-21 11:06:04 server.py:175] Confirm GPU group 42 for meta-llama/Meta-Llama-3-8B_sllm-condense_3 replica 014d1006-23d8-436c-8b1e-bdad31c9640f success
INFO 07-21 11:06:07 server.py:175] Confirm GPU group 43 for meta-llama/Meta-Llama-3-8B_sllm-condense_3 replica 014d1006-23d8-436c-8b1e-bdad31c9640f success
INFO 07-21 11:06:07 server.py:175] Confirm GPU group 44 for meta-llama/Meta-Llama-3-8B_sllm-condense_3 replica 014d1006-23d8-436c-8b1e-bdad31c9640f success
INFO 07-21 11:06:07 server.py:175] Confirm GPU group 45 for meta-llama/Meta-Llama-3-8B_sllm-condense_3 replica 014d1006-23d8-436c-8b1e-bdad31c9640f success
INFO 07-21 11:06:08 server.py:175] Confirm GPU group 46 for meta-llama/Meta-Llama-3-8B_sllm-condense_3 replica 014d1006-23d8-436c-8b1e-bdad31c9640f success
INFO 07-21 11:06:08 server.py:175] Confirm GPU group 47 for meta-llama/Meta-Llama-3-8B_sllm-condense_3 replica 014d1006-23d8-436c-8b1e-bdad31c9640f success
INFO 07-21 11:06:08 server.py:175] Confirm GPU group 48 for meta-llama/Meta-Llama-3-8B_sllm-condense_3 replica 014d1006-23d8-436c-8b1e-bdad31c9640f success
INFO 07-21 11:06:09 server.py:175] Confirm GPU group 49 for meta-llama/Meta-Llama-3-8B_sllm-condense_3 replica 014d1006-23d8-436c-8b1e-bdad31c9640f success
INFO 07-21 11:06:11 server.py:175] Confirm GPU group 50 for meta-llama/Meta-Llama-3-8B_sllm-condense_3 replica 014d1006-23d8-436c-8b1e-bdad31c9640f success
INFO 07-21 11:06:14 server.py:175] Confirm GPU group 51 for meta-llama/Meta-Llama-3-8B_sllm-condense_3 replica 014d1006-23d8-436c-8b1e-bdad31c9640f success
INFO 07-21 11:06:16 server.py:175] Confirm GPU group 52 for meta-llama/Meta-Llama-3-8B_sllm-condense_3 replica 014d1006-23d8-436c-8b1e-bdad31c9640f success
INFO 07-21 11:06:16 server.py:175] Confirm GPU group 53 for meta-llama/Meta-Llama-3-8B_sllm-condense_3 replica 014d1006-23d8-436c-8b1e-bdad31c9640f success
INFO 07-21 11:06:16 server.py:175] Confirm GPU group 54 for meta-llama/Meta-Llama-3-8B_sllm-condense_3 replica 014d1006-23d8-436c-8b1e-bdad31c9640f success
INFO 07-21 11:06:17 server.py:175] Confirm GPU group 55 for meta-llama/Meta-Llama-3-8B_sllm-condense_3 replica 014d1006-23d8-436c-8b1e-bdad31c9640f success
INFO 07-21 11:06:17 server.py:175] Confirm GPU group 56 for meta-llama/Meta-Llama-3-8B_sllm-condense_3 replica 014d1006-23d8-436c-8b1e-bdad31c9640f success
INFO 07-21 11:06:18 server.py:175] Confirm GPU group 57 for meta-llama/Meta-Llama-3-8B_sllm-condense_3 replica 014d1006-23d8-436c-8b1e-bdad31c9640f success
INFO 07-21 11:06:18 server.py:175] Confirm GPU group 58 for meta-llama/Meta-Llama-3-8B_sllm-condense_3 replica 014d1006-23d8-436c-8b1e-bdad31c9640f success
INFO 07-21 11:06:21 server.py:175] Confirm GPU group 59 for meta-llama/Meta-Llama-3-8B_sllm-condense_3 replica 014d1006-23d8-436c-8b1e-bdad31c9640f success
INFO 07-21 11:06:22 server.py:175] Confirm GPU group 60 for meta-llama/Meta-Llama-3-8B_sllm-condense_3 replica 014d1006-23d8-436c-8b1e-bdad31c9640f success
INFO 07-21 11:06:23 server.py:175] Confirm GPU group 61 for meta-llama/Meta-Llama-3-8B_sllm-condense_3 replica 014d1006-23d8-436c-8b1e-bdad31c9640f success
INFO 07-21 11:06:23 server.py:175] Confirm GPU group 62 for meta-llama/Meta-Llama-3-8B_sllm-condense_3 replica 014d1006-23d8-436c-8b1e-bdad31c9640f success
INFO 07-21 11:06:23 server.py:175] Confirm GPU group 63 for meta-llama/Meta-Llama-3-8B_sllm-condense_3 replica 014d1006-23d8-436c-8b1e-bdad31c9640f success
INFO 07-21 11:06:23 server.py:175] Confirm GPU group 64 for meta-llama/Meta-Llama-3-8B_sllm-condense_3 replica 014d1006-23d8-436c-8b1e-bdad31c9640f success
INFO 07-21 11:06:23 server.py:175] Confirm GPU group 65 for meta-llama/Meta-Llama-3-8B_sllm-condense_3 replica 014d1006-23d8-436c-8b1e-bdad31c9640f success
INFO 07-21 11:06:23 server.py:175] Confirm GPU group 66 for meta-llama/Meta-Llama-3-8B_sllm-condense_3 replica 014d1006-23d8-436c-8b1e-bdad31c9640f success
INFO 07-21 11:06:23 server.py:175] Confirm GPU group 67 for meta-llama/Meta-Llama-3-8B_sllm-condense_3 replica 014d1006-23d8-436c-8b1e-bdad31c9640f success
INFO 07-21 11:06:23 server.py:175] Confirm GPU group 68 for meta-llama/Meta-Llama-3-8B_sllm-condense_3 replica 014d1006-23d8-436c-8b1e-bdad31c9640f success
INFO 07-21 11:06:24 server.py:175] Confirm GPU group 69 for meta-llama/Meta-Llama-3-8B_sllm-condense_3 replica 014d1006-23d8-436c-8b1e-bdad31c9640f success
INFO 07-21 11:06:24 server.py:175] Confirm GPU group 70 for meta-llama/Meta-Llama-3-8B_sllm-condense_3 replica 014d1006-23d8-436c-8b1e-bdad31c9640f success
I20260721 11:06:24.155536 2649259 model.cpp:354] Finished loading tensor from memory to device 0
I20260721 11:06:24.170801 2649239 model.cpp:250] Finished loading model meta-llama/Meta-Llama-3-8B_sllm-condense_3 from disk
INFO 07-21 11:06:24 server.py:175] Confirm GPU group 71 for meta-llama/Meta-Llama-3-8B_sllm-condense_3 replica 014d1006-23d8-436c-8b1e-bdad31c9640f success
INFO 07-21 11:06:24 server.py:175] Confirm GPU group 72 for meta-llama/Meta-Llama-3-8B_sllm-condense_3 replica 014d1006-23d8-436c-8b1e-bdad31c9640f success
INFO 07-21 11:06:24 server.py:175] Confirm GPU group 73 for meta-llama/Meta-Llama-3-8B_sllm-condense_3 replica 014d1006-23d8-436c-8b1e-bdad31c9640f success
INFO 07-21 11:06:24 server.py:175] Confirm GPU group 74 for meta-llama/Meta-Llama-3-8B_sllm-condense_3 replica 014d1006-23d8-436c-8b1e-bdad31c9640f success
INFO 07-21 11:06:24 server.py:175] Confirm GPU group 75 for meta-llama/Meta-Llama-3-8B_sllm-condense_3 replica 014d1006-23d8-436c-8b1e-bdad31c9640f success
INFO 07-21 11:06:24 server.py:175] Confirm GPU group 76 for meta-llama/Meta-Llama-3-8B_sllm-condense_3 replica 014d1006-23d8-436c-8b1e-bdad31c9640f success
INFO 07-21 11:06:24 server.py:175] Confirm GPU group 77 for meta-llama/Meta-Llama-3-8B_sllm-condense_3 replica 014d1006-23d8-436c-8b1e-bdad31c9640f success
INFO 07-21 11:06:24 server.py:175] Confirm GPU group 78 for meta-llama/Meta-Llama-3-8B_sllm-condense_3 replica 014d1006-23d8-436c-8b1e-bdad31c9640f success
INFO 07-21 11:06:24 server.py:175] Confirm GPU group 79 for meta-llama/Meta-Llama-3-8B_sllm-condense_3 replica 014d1006-23d8-436c-8b1e-bdad31c9640f success
INFO 07-21 11:06:24 server.py:175] Confirm GPU group 80 for meta-llama/Meta-Llama-3-8B_sllm-condense_3 replica 014d1006-23d8-436c-8b1e-bdad31c9640f success
INFO 07-21 11:06:24 server.py:175] Confirm GPU group 81 for meta-llama/Meta-Llama-3-8B_sllm-condense_3 replica 014d1006-23d8-436c-8b1e-bdad31c9640f success
INFO 07-21 11:06:24 server.py:175] Confirm GPU group 82 for meta-llama/Meta-Llama-3-8B_sllm-condense_3 replica 014d1006-23d8-436c-8b1e-bdad31c9640f success
INFO 07-21 11:06:24 server.py:175] Confirm GPU group 83 for meta-llama/Meta-Llama-3-8B_sllm-condense_3 replica 014d1006-23d8-436c-8b1e-bdad31c9640f success
INFO 07-21 11:06:24 server.py:175] Confirm GPU group 84 for meta-llama/Meta-Llama-3-8B_sllm-condense_3 replica 014d1006-23d8-436c-8b1e-bdad31c9640f success
INFO 07-21 11:06:24 server.py:175] Confirm GPU group 85 for meta-llama/Meta-Llama-3-8B_sllm-condense_3 replica 014d1006-23d8-436c-8b1e-bdad31c9640f success
INFO 07-21 11:06:24 server.py:175] Confirm GPU group 86 for meta-llama/Meta-Llama-3-8B_sllm-condense_3 replica 014d1006-23d8-436c-8b1e-bdad31c9640f success
INFO 07-21 11:06:24 server.py:175] Confirm GPU group 87 for meta-llama/Meta-Llama-3-8B_sllm-condense_3 replica 014d1006-23d8-436c-8b1e-bdad31c9640f success
INFO 07-21 11:06:24 server.py:175] Confirm GPU group 88 for meta-llama/Meta-Llama-3-8B_sllm-condense_3 replica 014d1006-23d8-436c-8b1e-bdad31c9640f success
INFO 07-21 11:06:24 server.py:175] Confirm GPU group 89 for meta-llama/Meta-Llama-3-8B_sllm-condense_3 replica 014d1006-23d8-436c-8b1e-bdad31c9640f success
INFO 07-21 11:06:24 server.py:175] Confirm GPU group 90 for meta-llama/Meta-Llama-3-8B_sllm-condense_3 replica 014d1006-23d8-436c-8b1e-bdad31c9640f success
INFO 07-21 11:06:24 server.py:175] Confirm GPU group 91 for meta-llama/Meta-Llama-3-8B_sllm-condense_3 replica 014d1006-23d8-436c-8b1e-bdad31c9640f success
INFO 07-21 11:06:24 server.py:175] Confirm GPU group 92 for meta-llama/Meta-Llama-3-8B_sllm-condense_3 replica 014d1006-23d8-436c-8b1e-bdad31c9640f success
INFO 07-21 11:06:24 server.py:175] Confirm GPU group 93 for meta-llama/Meta-Llama-3-8B_sllm-condense_3 replica 014d1006-23d8-436c-8b1e-bdad31c9640f success
INFO 07-21 11:06:24 server.py:175] Confirm GPU group 94 for meta-llama/Meta-Llama-3-8B_sllm-condense_3 replica 014d1006-23d8-436c-8b1e-bdad31c9640f success
INFO 07-21 11:06:24 server.py:175] Confirm GPU group 95 for meta-llama/Meta-Llama-3-8B_sllm-condense_3 replica 014d1006-23d8-436c-8b1e-bdad31c9640f success
INFO 07-21 11:06:24 server.py:175] Confirm GPU group 96 for meta-llama/Meta-Llama-3-8B_sllm-condense_3 replica 014d1006-23d8-436c-8b1e-bdad31c9640f success
INFO 07-21 11:06:24 server.py:175] Confirm GPU group 97 for meta-llama/Meta-Llama-3-8B_sllm-condense_3 replica 014d1006-23d8-436c-8b1e-bdad31c9640f success
INFO 07-21 11:06:24 server.py:175] Confirm GPU group 98 for meta-llama/Meta-Llama-3-8B_sllm-condense_3 replica 014d1006-23d8-436c-8b1e-bdad31c9640f success
INFO 07-21 11:06:24 server.py:175] Confirm GPU group 99 for meta-llama/Meta-Llama-3-8B_sllm-condense_3 replica 014d1006-23d8-436c-8b1e-bdad31c9640f success
INFO 07-21 11:06:24 server.py:175] Confirm GPU group 100 for meta-llama/Meta-Llama-3-8B_sllm-condense_3 replica 014d1006-23d8-436c-8b1e-bdad31c9640f success
INFO 07-21 11:06:24 server.py:175] Confirm GPU group 101 for meta-llama/Meta-Llama-3-8B_sllm-condense_3 replica 014d1006-23d8-436c-8b1e-bdad31c9640f success
INFO 07-21 11:06:24 server.py:175] Confirm GPU group 102 for meta-llama/Meta-Llama-3-8B_sllm-condense_3 replica 014d1006-23d8-436c-8b1e-bdad31c9640f success
INFO 07-21 11:06:24 server.py:175] Confirm GPU group 103 for meta-llama/Meta-Llama-3-8B_sllm-condense_3 replica 014d1006-23d8-436c-8b1e-bdad31c9640f success
INFO 07-21 11:06:24 server.py:175] Confirm GPU group 104 for meta-llama/Meta-Llama-3-8B_sllm-condense_3 replica 014d1006-23d8-436c-8b1e-bdad31c9640f success
INFO 07-21 11:06:24 server.py:175] Confirm GPU group 105 for meta-llama/Meta-Llama-3-8B_sllm-condense_3 replica 014d1006-23d8-436c-8b1e-bdad31c9640f success
INFO 07-21 11:06:25 server.py:175] Confirm GPU group 106 for meta-llama/Meta-Llama-3-8B_sllm-condense_3 replica 014d1006-23d8-436c-8b1e-bdad31c9640f success
INFO 07-21 11:06:25 server.py:175] Confirm GPU group 107 for meta-llama/Meta-Llama-3-8B_sllm-condense_3 replica 014d1006-23d8-436c-8b1e-bdad31c9640f success
INFO 07-21 11:06:25 server.py:175] Confirm GPU group 108 for meta-llama/Meta-Llama-3-8B_sllm-condense_3 replica 014d1006-23d8-436c-8b1e-bdad31c9640f success
INFO 07-21 11:06:25 server.py:175] Confirm GPU group 109 for meta-llama/Meta-Llama-3-8B_sllm-condense_3 replica 014d1006-23d8-436c-8b1e-bdad31c9640f success
INFO 07-21 11:06:25 server.py:175] Confirm GPU group 110 for meta-llama/Meta-Llama-3-8B_sllm-condense_3 replica 014d1006-23d8-436c-8b1e-bdad31c9640f success
INFO 07-21 11:06:25 server.py:175] Confirm GPU group 111 for meta-llama/Meta-Llama-3-8B_sllm-condense_3 replica 014d1006-23d8-436c-8b1e-bdad31c9640f success
INFO 07-21 11:06:25 server.py:175] Confirm GPU group 112 for meta-llama/Meta-Llama-3-8B_sllm-condense_3 replica 014d1006-23d8-436c-8b1e-bdad31c9640f success
INFO 07-21 11:06:25 server.py:175] Confirm GPU group 113 for meta-llama/Meta-Llama-3-8B_sllm-condense_3 replica 014d1006-23d8-436c-8b1e-bdad31c9640f success
INFO 07-21 11:06:25 server.py:175] Confirm GPU group 114 for meta-llama/Meta-Llama-3-8B_sllm-condense_3 replica 014d1006-23d8-436c-8b1e-bdad31c9640f success
INFO 07-21 11:06:25 server.py:175] Confirm GPU group 115 for meta-llama/Meta-Llama-3-8B_sllm-condense_3 replica 014d1006-23d8-436c-8b1e-bdad31c9640f success
INFO 07-21 11:06:25 server.py:175] Confirm GPU group 116 for meta-llama/Meta-Llama-3-8B_sllm-condense_3 replica 014d1006-23d8-436c-8b1e-bdad31c9640f success
INFO 07-21 11:06:25 server.py:175] Confirm GPU group 117 for meta-llama/Meta-Llama-3-8B_sllm-condense_3 replica 014d1006-23d8-436c-8b1e-bdad31c9640f success
INFO 07-21 11:06:25 server.py:175] Confirm GPU group 118 for meta-llama/Meta-Llama-3-8B_sllm-condense_3 replica 014d1006-23d8-436c-8b1e-bdad31c9640f success
INFO 07-21 11:06:25 server.py:175] Confirm GPU group 119 for meta-llama/Meta-Llama-3-8B_sllm-condense_3 replica 014d1006-23d8-436c-8b1e-bdad31c9640f success
INFO 07-21 11:06:25 server.py:175] Confirm GPU group 120 for meta-llama/Meta-Llama-3-8B_sllm-condense_3 replica 014d1006-23d8-436c-8b1e-bdad31c9640f success
INFO 07-21 11:06:25 server.py:175] Confirm GPU group 121 for meta-llama/Meta-Llama-3-8B_sllm-condense_3 replica 014d1006-23d8-436c-8b1e-bdad31c9640f success
INFO 07-21 11:06:25 server.py:175] Confirm GPU group 122 for meta-llama/Meta-Llama-3-8B_sllm-condense_3 replica 014d1006-23d8-436c-8b1e-bdad31c9640f success
INFO 07-21 11:06:25 server.py:175] Confirm GPU group 123 for meta-llama/Meta-Llama-3-8B_sllm-condense_3 replica 014d1006-23d8-436c-8b1e-bdad31c9640f success
INFO 07-21 11:06:25 server.py:175] Confirm GPU group 124 for meta-llama/Meta-Llama-3-8B_sllm-condense_3 replica 014d1006-23d8-436c-8b1e-bdad31c9640f success
INFO 07-21 11:06:25 server.py:175] Confirm GPU group 125 for meta-llama/Meta-Llama-3-8B_sllm-condense_3 replica 014d1006-23d8-436c-8b1e-bdad31c9640f success
INFO 07-21 11:06:25 server.py:175] Confirm GPU group 126 for meta-llama/Meta-Llama-3-8B_sllm-condense_3 replica 014d1006-23d8-436c-8b1e-bdad31c9640f success
INFO 07-21 11:06:25 server.py:175] Confirm GPU group 127 for meta-llama/Meta-Llama-3-8B_sllm-condense_3 replica 014d1006-23d8-436c-8b1e-bdad31c9640f success
INFO 07-21 11:06:25 server.py:175] Confirm GPU group 128 for meta-llama/Meta-Llama-3-8B_sllm-condense_3 replica 014d1006-23d8-436c-8b1e-bdad31c9640f success
INFO 07-21 11:06:25 server.py:175] Confirm GPU group 129 for meta-llama/Meta-Llama-3-8B_sllm-condense_3 replica 014d1006-23d8-436c-8b1e-bdad31c9640f success
INFO 07-21 11:06:25 server.py:175] Confirm GPU group 130 for meta-llama/Meta-Llama-3-8B_sllm-condense_3 replica 014d1006-23d8-436c-8b1e-bdad31c9640f success
INFO 07-21 11:06:25 server.py:175] Confirm GPU group 131 for meta-llama/Meta-Llama-3-8B_sllm-condense_3 replica 014d1006-23d8-436c-8b1e-bdad31c9640f success
INFO 07-21 11:06:25 server.py:175] Confirm GPU group 132 for meta-llama/Meta-Llama-3-8B_sllm-condense_3 replica 014d1006-23d8-436c-8b1e-bdad31c9640f success
INFO 07-21 11:06:25 server.py:175] Confirm GPU group 133 for meta-llama/Meta-Llama-3-8B_sllm-condense_3 replica 014d1006-23d8-436c-8b1e-bdad31c9640f success
INFO 07-21 11:06:25 server.py:175] Confirm GPU group 134 for meta-llama/Meta-Llama-3-8B_sllm-condense_3 replica 014d1006-23d8-436c-8b1e-bdad31c9640f success
INFO 07-21 11:06:25 server.py:175] Confirm GPU group 135 for meta-llama/Meta-Llama-3-8B_sllm-condense_3 replica 014d1006-23d8-436c-8b1e-bdad31c9640f success
INFO 07-21 11:06:25 server.py:175] Confirm GPU group 136 for meta-llama/Meta-Llama-3-8B_sllm-condense_3 replica 014d1006-23d8-436c-8b1e-bdad31c9640f success
INFO 07-21 11:06:25 server.py:175] Confirm GPU group 137 for meta-llama/Meta-Llama-3-8B_sllm-condense_3 replica 014d1006-23d8-436c-8b1e-bdad31c9640f success
INFO 07-21 11:06:25 server.py:175] Confirm GPU group 138 for meta-llama/Meta-Llama-3-8B_sllm-condense_3 replica 014d1006-23d8-436c-8b1e-bdad31c9640f success
INFO 07-21 11:06:25 server.py:175] Confirm GPU group 139 for meta-llama/Meta-Llama-3-8B_sllm-condense_3 replica 014d1006-23d8-436c-8b1e-bdad31c9640f success
INFO 07-21 11:06:25 server.py:175] Confirm GPU group 140 for meta-llama/Meta-Llama-3-8B_sllm-condense_3 replica 014d1006-23d8-436c-8b1e-bdad31c9640f success
INFO 07-21 11:06:25 server.py:175] Confirm GPU group 141 for meta-llama/Meta-Llama-3-8B_sllm-condense_3 replica 014d1006-23d8-436c-8b1e-bdad31c9640f success
INFO 07-21 11:06:25 server.py:175] Confirm GPU group 142 for meta-llama/Meta-Llama-3-8B_sllm-condense_3 replica 014d1006-23d8-436c-8b1e-bdad31c9640f success
INFO 07-21 11:06:26 server.py:175] Confirm GPU group 143 for meta-llama/Meta-Llama-3-8B_sllm-condense_3 replica 014d1006-23d8-436c-8b1e-bdad31c9640f success
INFO 07-21 11:06:26 server.py:175] Confirm GPU group 144 for meta-llama/Meta-Llama-3-8B_sllm-condense_3 replica 014d1006-23d8-436c-8b1e-bdad31c9640f success
INFO 07-21 11:06:26 server.py:175] Confirm GPU group 145 for meta-llama/Meta-Llama-3-8B_sllm-condense_3 replica 014d1006-23d8-436c-8b1e-bdad31c9640f success
INFO 07-21 11:06:26 server.py:175] Confirm GPU group 146 for meta-llama/Meta-Llama-3-8B_sllm-condense_3 replica 014d1006-23d8-436c-8b1e-bdad31c9640f success
INFO 07-21 11:06:26 server.py:175] Confirm GPU group 147 for meta-llama/Meta-Llama-3-8B_sllm-condense_3 replica 014d1006-23d8-436c-8b1e-bdad31c9640f success
INFO 07-21 11:06:26 server.py:175] Confirm GPU group 148 for meta-llama/Meta-Llama-3-8B_sllm-condense_3 replica 014d1006-23d8-436c-8b1e-bdad31c9640f success
INFO 07-21 11:06:26 server.py:175] Confirm GPU group 149 for meta-llama/Meta-Llama-3-8B_sllm-condense_3 replica 014d1006-23d8-436c-8b1e-bdad31c9640f success
INFO 07-21 11:06:26 server.py:175] Confirm GPU group 150 for meta-llama/Meta-Llama-3-8B_sllm-condense_3 replica 014d1006-23d8-436c-8b1e-bdad31c9640f success
INFO 07-21 11:06:26 server.py:175] Confirm GPU group 151 for meta-llama/Meta-Llama-3-8B_sllm-condense_3 replica 014d1006-23d8-436c-8b1e-bdad31c9640f success
INFO 07-21 11:06:26 server.py:175] Confirm GPU group 152 for meta-llama/Meta-Llama-3-8B_sllm-condense_3 replica 014d1006-23d8-436c-8b1e-bdad31c9640f success
INFO 07-21 11:06:26 server.py:175] Confirm GPU group 153 for meta-llama/Meta-Llama-3-8B_sllm-condense_3 replica 014d1006-23d8-436c-8b1e-bdad31c9640f success
INFO 07-21 11:06:26 server.py:175] Confirm GPU group 154 for meta-llama/Meta-Llama-3-8B_sllm-condense_3 replica 014d1006-23d8-436c-8b1e-bdad31c9640f success
INFO 07-21 11:06:26 server.py:175] Confirm GPU group 155 for meta-llama/Meta-Llama-3-8B_sllm-condense_3 replica 014d1006-23d8-436c-8b1e-bdad31c9640f success
INFO 07-21 11:06:26 server.py:175] Confirm GPU group 156 for meta-llama/Meta-Llama-3-8B_sllm-condense_3 replica 014d1006-23d8-436c-8b1e-bdad31c9640f success
INFO 07-21 11:06:26 server.py:175] Confirm GPU group 157 for meta-llama/Meta-Llama-3-8B_sllm-condense_3 replica 014d1006-23d8-436c-8b1e-bdad31c9640f success
INFO 07-21 11:06:26 server.py:175] Confirm GPU group 158 for meta-llama/Meta-Llama-3-8B_sllm-condense_3 replica 014d1006-23d8-436c-8b1e-bdad31c9640f success
INFO 07-21 11:06:26 server.py:175] Confirm GPU group 159 for meta-llama/Meta-Llama-3-8B_sllm-condense_3 replica 014d1006-23d8-436c-8b1e-bdad31c9640f success
INFO 07-21 11:06:26 server.py:175] Confirm GPU group 160 for meta-llama/Meta-Llama-3-8B_sllm-condense_3 replica 014d1006-23d8-436c-8b1e-bdad31c9640f success
INFO 07-21 11:06:26 server.py:175] Confirm GPU group 161 for meta-llama/Meta-Llama-3-8B_sllm-condense_3 replica 014d1006-23d8-436c-8b1e-bdad31c9640f success
INFO 07-21 11:06:26 server.py:175] Confirm GPU group 162 for meta-llama/Meta-Llama-3-8B_sllm-condense_3 replica 014d1006-23d8-436c-8b1e-bdad31c9640f success
INFO 07-21 11:06:26 server.py:175] Confirm GPU group 163 for meta-llama/Meta-Llama-3-8B_sllm-condense_3 replica 014d1006-23d8-436c-8b1e-bdad31c9640f success
INFO 07-21 11:06:26 server.py:175] Confirm GPU group 164 for meta-llama/Meta-Llama-3-8B_sllm-condense_3 replica 014d1006-23d8-436c-8b1e-bdad31c9640f success
INFO 07-21 11:06:26 server.py:175] Confirm GPU group 165 for meta-llama/Meta-Llama-3-8B_sllm-condense_3 replica 014d1006-23d8-436c-8b1e-bdad31c9640f success
INFO 07-21 11:06:26 server.py:175] Confirm GPU group 166 for meta-llama/Meta-Llama-3-8B_sllm-condense_3 replica 014d1006-23d8-436c-8b1e-bdad31c9640f success
INFO 07-21 11:06:26 server.py:175] Confirm GPU group 167 for meta-llama/Meta-Llama-3-8B_sllm-condense_3 replica 014d1006-23d8-436c-8b1e-bdad31c9640f success
INFO 07-21 11:06:26 server.py:175] Confirm GPU group 168 for meta-llama/Meta-Llama-3-8B_sllm-condense_3 replica 014d1006-23d8-436c-8b1e-bdad31c9640f success
INFO 07-21 11:06:26 server.py:175] Confirm GPU group 169 for meta-llama/Meta-Llama-3-8B_sllm-condense_3 replica 014d1006-23d8-436c-8b1e-bdad31c9640f success
INFO 07-21 11:06:26 server.py:175] Confirm GPU group 170 for meta-llama/Meta-Llama-3-8B_sllm-condense_3 replica 014d1006-23d8-436c-8b1e-bdad31c9640f success
INFO 07-21 11:06:26 server.py:175] Confirm GPU group 171 for meta-llama/Meta-Llama-3-8B_sllm-condense_3 replica 014d1006-23d8-436c-8b1e-bdad31c9640f success
INFO 07-21 11:06:26 server.py:175] Confirm GPU group 172 for meta-llama/Meta-Llama-3-8B_sllm-condense_3 replica 014d1006-23d8-436c-8b1e-bdad31c9640f success
INFO 07-21 11:06:26 server.py:175] Confirm GPU group 173 for meta-llama/Meta-Llama-3-8B_sllm-condense_3 replica 014d1006-23d8-436c-8b1e-bdad31c9640f success
INFO 07-21 11:06:26 server.py:175] Confirm GPU group 174 for meta-llama/Meta-Llama-3-8B_sllm-condense_3 replica 014d1006-23d8-436c-8b1e-bdad31c9640f success
INFO 07-21 11:06:26 server.py:175] Confirm GPU group 175 for meta-llama/Meta-Llama-3-8B_sllm-condense_3 replica 014d1006-23d8-436c-8b1e-bdad31c9640f success
INFO 07-21 11:06:26 server.py:175] Confirm GPU group 176 for meta-llama/Meta-Llama-3-8B_sllm-condense_3 replica 014d1006-23d8-436c-8b1e-bdad31c9640f success
INFO 07-21 11:06:26 server.py:175] Confirm GPU group 177 for meta-llama/Meta-Llama-3-8B_sllm-condense_3 replica 014d1006-23d8-436c-8b1e-bdad31c9640f success
INFO 07-21 11:06:26 server.py:175] Confirm GPU group 178 for meta-llama/Meta-Llama-3-8B_sllm-condense_3 replica 014d1006-23d8-436c-8b1e-bdad31c9640f success
INFO 07-21 11:06:26 server.py:175] Confirm GPU group 179 for meta-llama/Meta-Llama-3-8B_sllm-condense_3 replica 014d1006-23d8-436c-8b1e-bdad31c9640f success
INFO 07-21 11:06:26 server.py:175] Confirm GPU group 180 for meta-llama/Meta-Llama-3-8B_sllm-condense_3 replica 014d1006-23d8-436c-8b1e-bdad31c9640f success
INFO 07-21 11:06:26 server.py:175] Confirm GPU group 181 for meta-llama/Meta-Llama-3-8B_sllm-condense_3 replica 014d1006-23d8-436c-8b1e-bdad31c9640f success
INFO 07-21 11:06:26 server.py:175] Confirm GPU group 182 for meta-llama/Meta-Llama-3-8B_sllm-condense_3 replica 014d1006-23d8-436c-8b1e-bdad31c9640f success
INFO 07-21 11:06:26 server.py:175] Confirm GPU group 183 for meta-llama/Meta-Llama-3-8B_sllm-condense_3 replica 014d1006-23d8-436c-8b1e-bdad31c9640f success
INFO 07-21 11:06:26 server.py:175] Confirm GPU group 184 for meta-llama/Meta-Llama-3-8B_sllm-condense_3 replica 014d1006-23d8-436c-8b1e-bdad31c9640f success
INFO 07-21 11:06:27 server.py:175] Confirm GPU group 185 for meta-llama/Meta-Llama-3-8B_sllm-condense_3 replica 014d1006-23d8-436c-8b1e-bdad31c9640f success
INFO 07-21 11:06:27 server.py:175] Confirm GPU group 186 for meta-llama/Meta-Llama-3-8B_sllm-condense_3 replica 014d1006-23d8-436c-8b1e-bdad31c9640f success
INFO 07-21 11:06:27 server.py:175] Confirm GPU group 187 for meta-llama/Meta-Llama-3-8B_sllm-condense_3 replica 014d1006-23d8-436c-8b1e-bdad31c9640f success
INFO 07-21 11:06:27 server.py:175] Confirm GPU group 188 for meta-llama/Meta-Llama-3-8B_sllm-condense_3 replica 014d1006-23d8-436c-8b1e-bdad31c9640f success
INFO 07-21 11:06:27 server.py:175] Confirm GPU group 189 for meta-llama/Meta-Llama-3-8B_sllm-condense_3 replica 014d1006-23d8-436c-8b1e-bdad31c9640f success
INFO 07-21 11:06:27 server.py:175] Confirm GPU group 190 for meta-llama/Meta-Llama-3-8B_sllm-condense_3 replica 014d1006-23d8-436c-8b1e-bdad31c9640f success
INFO 07-21 11:06:27 server.py:175] Confirm GPU group 191 for meta-llama/Meta-Llama-3-8B_sllm-condense_3 replica 014d1006-23d8-436c-8b1e-bdad31c9640f success
INFO 07-21 11:06:27 server.py:175] Confirm GPU group 192 for meta-llama/Meta-Llama-3-8B_sllm-condense_3 replica 014d1006-23d8-436c-8b1e-bdad31c9640f success
INFO 07-21 11:06:27 server.py:175] Confirm GPU group 193 for meta-llama/Meta-Llama-3-8B_sllm-condense_3 replica 014d1006-23d8-436c-8b1e-bdad31c9640f success
INFO 07-21 11:06:27 server.py:175] Confirm GPU group 194 for meta-llama/Meta-Llama-3-8B_sllm-condense_3 replica 014d1006-23d8-436c-8b1e-bdad31c9640f success
INFO 07-21 11:06:27 server.py:175] Confirm GPU group 195 for meta-llama/Meta-Llama-3-8B_sllm-condense_3 replica 014d1006-23d8-436c-8b1e-bdad31c9640f success
INFO 07-21 11:06:27 server.py:175] Confirm GPU group 196 for meta-llama/Meta-Llama-3-8B_sllm-condense_3 replica 014d1006-23d8-436c-8b1e-bdad31c9640f success
INFO 07-21 11:06:27 server.py:175] Confirm GPU group 197 for meta-llama/Meta-Llama-3-8B_sllm-condense_3 replica 014d1006-23d8-436c-8b1e-bdad31c9640f success
INFO 07-21 11:06:27 server.py:175] Confirm GPU group 198 for meta-llama/Meta-Llama-3-8B_sllm-condense_3 replica 014d1006-23d8-436c-8b1e-bdad31c9640f success
INFO 07-21 11:06:27 server.py:175] Confirm GPU group 199 for meta-llama/Meta-Llama-3-8B_sllm-condense_3 replica 014d1006-23d8-436c-8b1e-bdad31c9640f success
INFO 07-21 11:06:27 server.py:175] Confirm GPU group 200 for meta-llama/Meta-Llama-3-8B_sllm-condense_3 replica 014d1006-23d8-436c-8b1e-bdad31c9640f success
INFO 07-21 11:06:27 server.py:175] Confirm GPU group 201 for meta-llama/Meta-Llama-3-8B_sllm-condense_3 replica 014d1006-23d8-436c-8b1e-bdad31c9640f success
INFO 07-21 11:06:27 server.py:175] Confirm GPU group 202 for meta-llama/Meta-Llama-3-8B_sllm-condense_3 replica 014d1006-23d8-436c-8b1e-bdad31c9640f success
INFO 07-21 11:06:27 server.py:175] Confirm GPU group 203 for meta-llama/Meta-Llama-3-8B_sllm-condense_3 replica 014d1006-23d8-436c-8b1e-bdad31c9640f success
INFO 07-21 11:06:27 server.py:175] Confirm GPU group 204 for meta-llama/Meta-Llama-3-8B_sllm-condense_3 replica 014d1006-23d8-436c-8b1e-bdad31c9640f success
INFO 07-21 11:06:27 server.py:175] Confirm GPU group 205 for meta-llama/Meta-Llama-3-8B_sllm-condense_3 replica 014d1006-23d8-436c-8b1e-bdad31c9640f success
INFO 07-21 11:06:27 server.py:175] Confirm GPU group 206 for meta-llama/Meta-Llama-3-8B_sllm-condense_3 replica 014d1006-23d8-436c-8b1e-bdad31c9640f success
INFO 07-21 11:06:27 server.py:175] Confirm GPU group 207 for meta-llama/Meta-Llama-3-8B_sllm-condense_3 replica 014d1006-23d8-436c-8b1e-bdad31c9640f success
INFO 07-21 11:06:27 server.py:175] Confirm GPU group 208 for meta-llama/Meta-Llama-3-8B_sllm-condense_3 replica 014d1006-23d8-436c-8b1e-bdad31c9640f success
INFO 07-21 11:06:27 server.py:175] Confirm GPU group 209 for meta-llama/Meta-Llama-3-8B_sllm-condense_3 replica 014d1006-23d8-436c-8b1e-bdad31c9640f success
INFO 07-21 11:06:27 server.py:175] Confirm GPU group 210 for meta-llama/Meta-Llama-3-8B_sllm-condense_3 replica 014d1006-23d8-436c-8b1e-bdad31c9640f success
INFO 07-21 11:06:27 server.py:175] Confirm GPU group 211 for meta-llama/Meta-Llama-3-8B_sllm-condense_3 replica 014d1006-23d8-436c-8b1e-bdad31c9640f success
INFO 07-21 11:06:27 server.py:175] Confirm GPU group 212 for meta-llama/Meta-Llama-3-8B_sllm-condense_3 replica 014d1006-23d8-436c-8b1e-bdad31c9640f success
INFO 07-21 11:06:27 server.py:175] Confirm GPU group 213 for meta-llama/Meta-Llama-3-8B_sllm-condense_3 replica 014d1006-23d8-436c-8b1e-bdad31c9640f success
INFO 07-21 11:06:27 server.py:175] Confirm GPU group 214 for meta-llama/Meta-Llama-3-8B_sllm-condense_3 replica 014d1006-23d8-436c-8b1e-bdad31c9640f success
INFO 07-21 11:06:27 server.py:175] Confirm GPU group 215 for meta-llama/Meta-Llama-3-8B_sllm-condense_3 replica 014d1006-23d8-436c-8b1e-bdad31c9640f success
INFO 07-21 11:06:27 server.py:175] Confirm GPU group 216 for meta-llama/Meta-Llama-3-8B_sllm-condense_3 replica 014d1006-23d8-436c-8b1e-bdad31c9640f success
INFO 07-21 11:06:27 server.py:175] Confirm GPU group 217 for meta-llama/Meta-Llama-3-8B_sllm-condense_3 replica 014d1006-23d8-436c-8b1e-bdad31c9640f success
INFO 07-21 11:06:27 server.py:175] Confirm GPU group 218 for meta-llama/Meta-Llama-3-8B_sllm-condense_3 replica 014d1006-23d8-436c-8b1e-bdad31c9640f success
INFO 07-21 11:06:27 server.py:175] Confirm GPU group 219 for meta-llama/Meta-Llama-3-8B_sllm-condense_3 replica 014d1006-23d8-436c-8b1e-bdad31c9640f success
INFO 07-21 11:06:27 server.py:175] Confirm GPU group 220 for meta-llama/Meta-Llama-3-8B_sllm-condense_3 replica 014d1006-23d8-436c-8b1e-bdad31c9640f success
INFO 07-21 11:06:27 server.py:175] Confirm GPU group 221 for meta-llama/Meta-Llama-3-8B_sllm-condense_3 replica 014d1006-23d8-436c-8b1e-bdad31c9640f success
INFO 07-21 11:06:27 server.py:175] Confirm GPU group 222 for meta-llama/Meta-Llama-3-8B_sllm-condense_3 replica 014d1006-23d8-436c-8b1e-bdad31c9640f success
INFO 07-21 11:06:28 server.py:175] Confirm GPU group 223 for meta-llama/Meta-Llama-3-8B_sllm-condense_3 replica 014d1006-23d8-436c-8b1e-bdad31c9640f success
INFO 07-21 11:06:28 server.py:175] Confirm GPU group 224 for meta-llama/Meta-Llama-3-8B_sllm-condense_3 replica 014d1006-23d8-436c-8b1e-bdad31c9640f success
INFO 07-21 11:06:28 server.py:175] Confirm GPU group 225 for meta-llama/Meta-Llama-3-8B_sllm-condense_3 replica 014d1006-23d8-436c-8b1e-bdad31c9640f success
INFO 07-21 11:06:28 server.py:175] Confirm GPU group 226 for meta-llama/Meta-Llama-3-8B_sllm-condense_3 replica 014d1006-23d8-436c-8b1e-bdad31c9640f success
INFO 07-21 11:06:28 server.py:175] Confirm GPU group 227 for meta-llama/Meta-Llama-3-8B_sllm-condense_3 replica 014d1006-23d8-436c-8b1e-bdad31c9640f success
INFO 07-21 11:06:28 server.py:175] Confirm GPU group 228 for meta-llama/Meta-Llama-3-8B_sllm-condense_3 replica 014d1006-23d8-436c-8b1e-bdad31c9640f success
INFO 07-21 11:06:28 server.py:175] Confirm GPU group 229 for meta-llama/Meta-Llama-3-8B_sllm-condense_3 replica 014d1006-23d8-436c-8b1e-bdad31c9640f success
INFO 07-21 11:06:28 server.py:175] Confirm GPU group 230 for meta-llama/Meta-Llama-3-8B_sllm-condense_3 replica 014d1006-23d8-436c-8b1e-bdad31c9640f success
INFO 07-21 11:06:28 server.py:175] Confirm GPU group 231 for meta-llama/Meta-Llama-3-8B_sllm-condense_3 replica 014d1006-23d8-436c-8b1e-bdad31c9640f success
INFO 07-21 11:06:28 server.py:175] Confirm GPU group 232 for meta-llama/Meta-Llama-3-8B_sllm-condense_3 replica 014d1006-23d8-436c-8b1e-bdad31c9640f success
INFO 07-21 11:06:28 server.py:175] Confirm GPU group 233 for meta-llama/Meta-Llama-3-8B_sllm-condense_3 replica 014d1006-23d8-436c-8b1e-bdad31c9640f success
INFO 07-21 11:06:28 server.py:175] Confirm GPU group 234 for meta-llama/Meta-Llama-3-8B_sllm-condense_3 replica 014d1006-23d8-436c-8b1e-bdad31c9640f success
INFO 07-21 11:06:28 server.py:175] Confirm GPU group 235 for meta-llama/Meta-Llama-3-8B_sllm-condense_3 replica 014d1006-23d8-436c-8b1e-bdad31c9640f success
INFO 07-21 11:06:28 server.py:175] Confirm GPU group 236 for meta-llama/Meta-Llama-3-8B_sllm-condense_3 replica 014d1006-23d8-436c-8b1e-bdad31c9640f success
INFO 07-21 11:06:28 server.py:175] Confirm GPU group 237 for meta-llama/Meta-Llama-3-8B_sllm-condense_3 replica 014d1006-23d8-436c-8b1e-bdad31c9640f success
INFO 07-21 11:06:28 server.py:175] Confirm GPU group 238 for meta-llama/Meta-Llama-3-8B_sllm-condense_3 replica 014d1006-23d8-436c-8b1e-bdad31c9640f success
INFO 07-21 11:06:28 server.py:175] Confirm GPU group 239 for meta-llama/Meta-Llama-3-8B_sllm-condense_3 replica 014d1006-23d8-436c-8b1e-bdad31c9640f success
INFO 07-21 11:06:28 server.py:175] Confirm GPU group 240 for meta-llama/Meta-Llama-3-8B_sllm-condense_3 replica 014d1006-23d8-436c-8b1e-bdad31c9640f success
INFO 07-21 11:06:28 server.py:175] Confirm GPU group 241 for meta-llama/Meta-Llama-3-8B_sllm-condense_3 replica 014d1006-23d8-436c-8b1e-bdad31c9640f success
INFO 07-21 11:06:28 server.py:175] Confirm GPU group 242 for meta-llama/Meta-Llama-3-8B_sllm-condense_3 replica 014d1006-23d8-436c-8b1e-bdad31c9640f success
INFO 07-21 11:06:28 server.py:175] Confirm GPU group 243 for meta-llama/Meta-Llama-3-8B_sllm-condense_3 replica 014d1006-23d8-436c-8b1e-bdad31c9640f success
INFO 07-21 11:06:28 server.py:175] Confirm GPU group 244 for meta-llama/Meta-Llama-3-8B_sllm-condense_3 replica 014d1006-23d8-436c-8b1e-bdad31c9640f success
INFO 07-21 11:06:28 server.py:175] Confirm GPU group 245 for meta-llama/Meta-Llama-3-8B_sllm-condense_3 replica 014d1006-23d8-436c-8b1e-bdad31c9640f success
INFO 07-21 11:06:28 server.py:175] Confirm GPU group 246 for meta-llama/Meta-Llama-3-8B_sllm-condense_3 replica 014d1006-23d8-436c-8b1e-bdad31c9640f success
INFO 07-21 11:06:28 server.py:175] Confirm GPU group 247 for meta-llama/Meta-Llama-3-8B_sllm-condense_3 replica 014d1006-23d8-436c-8b1e-bdad31c9640f success
INFO 07-21 11:06:28 server.py:175] Confirm GPU group 248 for meta-llama/Meta-Llama-3-8B_sllm-condense_3 replica 014d1006-23d8-436c-8b1e-bdad31c9640f success
INFO 07-21 11:06:28 server.py:175] Confirm GPU group 249 for meta-llama/Meta-Llama-3-8B_sllm-condense_3 replica 014d1006-23d8-436c-8b1e-bdad31c9640f success
INFO 07-21 11:06:28 server.py:175] Confirm GPU group 250 for meta-llama/Meta-Llama-3-8B_sllm-condense_3 replica 014d1006-23d8-436c-8b1e-bdad31c9640f success
INFO 07-21 11:06:28 server.py:175] Confirm GPU group 251 for meta-llama/Meta-Llama-3-8B_sllm-condense_3 replica 014d1006-23d8-436c-8b1e-bdad31c9640f success
INFO 07-21 11:06:28 server.py:175] Confirm GPU group 252 for meta-llama/Meta-Llama-3-8B_sllm-condense_3 replica 014d1006-23d8-436c-8b1e-bdad31c9640f success
INFO 07-21 11:06:28 server.py:175] Confirm GPU group 253 for meta-llama/Meta-Llama-3-8B_sllm-condense_3 replica 014d1006-23d8-436c-8b1e-bdad31c9640f success
INFO 07-21 11:06:28 server.py:175] Confirm GPU group 254 for meta-llama/Meta-Llama-3-8B_sllm-condense_3 replica 014d1006-23d8-436c-8b1e-bdad31c9640f success
INFO 07-21 11:06:28 server.py:175] Confirm GPU group 255 for meta-llama/Meta-Llama-3-8B_sllm-condense_3 replica 014d1006-23d8-436c-8b1e-bdad31c9640f success
INFO 07-21 11:06:28 server.py:175] Confirm GPU group 256 for meta-llama/Meta-Llama-3-8B_sllm-condense_3 replica 014d1006-23d8-436c-8b1e-bdad31c9640f success
INFO 07-21 11:06:28 server.py:175] Confirm GPU group 257 for meta-llama/Meta-Llama-3-8B_sllm-condense_3 replica 014d1006-23d8-436c-8b1e-bdad31c9640f success
INFO 07-21 11:06:28 server.py:175] Confirm GPU group 258 for meta-llama/Meta-Llama-3-8B_sllm-condense_3 replica 014d1006-23d8-436c-8b1e-bdad31c9640f success
INFO 07-21 11:06:28 server.py:175] Confirm GPU group 259 for meta-llama/Meta-Llama-3-8B_sllm-condense_3 replica 014d1006-23d8-436c-8b1e-bdad31c9640f success
INFO 07-21 11:06:28 server.py:175] Confirm GPU group 260 for meta-llama/Meta-Llama-3-8B_sllm-condense_3 replica 014d1006-23d8-436c-8b1e-bdad31c9640f success
INFO 07-21 11:06:28 server.py:175] Confirm GPU group 261 for meta-llama/Meta-Llama-3-8B_sllm-condense_3 replica 014d1006-23d8-436c-8b1e-bdad31c9640f success
INFO 07-21 11:06:28 server.py:175] Confirm GPU group 262 for meta-llama/Meta-Llama-3-8B_sllm-condense_3 replica 014d1006-23d8-436c-8b1e-bdad31c9640f success
INFO 07-21 11:06:28 server.py:175] Confirm GPU group 263 for meta-llama/Meta-Llama-3-8B_sllm-condense_3 replica 014d1006-23d8-436c-8b1e-bdad31c9640f success
INFO 07-21 11:06:28 server.py:175] Confirm GPU group 264 for meta-llama/Meta-Llama-3-8B_sllm-condense_3 replica 014d1006-23d8-436c-8b1e-bdad31c9640f success
INFO 07-21 11:06:28 server.py:175] Confirm GPU group 265 for meta-llama/Meta-Llama-3-8B_sllm-condense_3 replica 014d1006-23d8-436c-8b1e-bdad31c9640f success
INFO 07-21 11:06:28 server.py:175] Confirm GPU group 266 for meta-llama/Meta-Llama-3-8B_sllm-condense_3 replica 014d1006-23d8-436c-8b1e-bdad31c9640f success
INFO 07-21 11:06:29 server.py:175] Confirm GPU group 267 for meta-llama/Meta-Llama-3-8B_sllm-condense_3 replica 014d1006-23d8-436c-8b1e-bdad31c9640f success
INFO 07-21 11:06:29 server.py:175] Confirm GPU group 268 for meta-llama/Meta-Llama-3-8B_sllm-condense_3 replica 014d1006-23d8-436c-8b1e-bdad31c9640f success
INFO 07-21 11:06:29 server.py:175] Confirm GPU group 269 for meta-llama/Meta-Llama-3-8B_sllm-condense_3 replica 014d1006-23d8-436c-8b1e-bdad31c9640f success
INFO 07-21 11:06:29 server.py:175] Confirm GPU group 270 for meta-llama/Meta-Llama-3-8B_sllm-condense_3 replica 014d1006-23d8-436c-8b1e-bdad31c9640f success
INFO 07-21 11:06:29 server.py:175] Confirm GPU group 271 for meta-llama/Meta-Llama-3-8B_sllm-condense_3 replica 014d1006-23d8-436c-8b1e-bdad31c9640f success
INFO 07-21 11:06:29 server.py:175] Confirm GPU group 272 for meta-llama/Meta-Llama-3-8B_sllm-condense_3 replica 014d1006-23d8-436c-8b1e-bdad31c9640f success
INFO 07-21 11:06:29 server.py:175] Confirm GPU group 273 for meta-llama/Meta-Llama-3-8B_sllm-condense_3 replica 014d1006-23d8-436c-8b1e-bdad31c9640f success
INFO 07-21 11:06:29 server.py:175] Confirm GPU group 274 for meta-llama/Meta-Llama-3-8B_sllm-condense_3 replica 014d1006-23d8-436c-8b1e-bdad31c9640f success
INFO 07-21 11:06:29 server.py:175] Confirm GPU group 275 for meta-llama/Meta-Llama-3-8B_sllm-condense_3 replica 014d1006-23d8-436c-8b1e-bdad31c9640f success
INFO 07-21 11:06:29 server.py:175] Confirm GPU group 276 for meta-llama/Meta-Llama-3-8B_sllm-condense_3 replica 014d1006-23d8-436c-8b1e-bdad31c9640f success
INFO 07-21 11:06:29 server.py:175] Confirm GPU group 277 for meta-llama/Meta-Llama-3-8B_sllm-condense_3 replica 014d1006-23d8-436c-8b1e-bdad31c9640f success
INFO 07-21 11:06:29 server.py:175] Confirm GPU group 278 for meta-llama/Meta-Llama-3-8B_sllm-condense_3 replica 014d1006-23d8-436c-8b1e-bdad31c9640f success
INFO 07-21 11:06:29 server.py:175] Confirm GPU group 279 for meta-llama/Meta-Llama-3-8B_sllm-condense_3 replica 014d1006-23d8-436c-8b1e-bdad31c9640f success
INFO 07-21 11:06:29 server.py:175] Confirm GPU group 280 for meta-llama/Meta-Llama-3-8B_sllm-condense_3 replica 014d1006-23d8-436c-8b1e-bdad31c9640f success
INFO 07-21 11:06:29 server.py:175] Confirm GPU group 281 for meta-llama/Meta-Llama-3-8B_sllm-condense_3 replica 014d1006-23d8-436c-8b1e-bdad31c9640f success
INFO 07-21 11:06:29 server.py:175] Confirm GPU group 282 for meta-llama/Meta-Llama-3-8B_sllm-condense_3 replica 014d1006-23d8-436c-8b1e-bdad31c9640f success
INFO 07-21 11:06:29 server.py:175] Confirm GPU group 283 for meta-llama/Meta-Llama-3-8B_sllm-condense_3 replica 014d1006-23d8-436c-8b1e-bdad31c9640f success
INFO 07-21 11:06:29 server.py:175] Confirm GPU group 284 for meta-llama/Meta-Llama-3-8B_sllm-condense_3 replica 014d1006-23d8-436c-8b1e-bdad31c9640f success
INFO 07-21 11:06:29 server.py:175] Confirm GPU group 285 for meta-llama/Meta-Llama-3-8B_sllm-condense_3 replica 014d1006-23d8-436c-8b1e-bdad31c9640f success
INFO 07-21 11:06:29 server.py:175] Confirm GPU group 286 for meta-llama/Meta-Llama-3-8B_sllm-condense_3 replica 014d1006-23d8-436c-8b1e-bdad31c9640f success
INFO 07-21 11:06:29 server.py:175] Confirm GPU group 287 for meta-llama/Meta-Llama-3-8B_sllm-condense_3 replica 014d1006-23d8-436c-8b1e-bdad31c9640f success
INFO 07-21 11:06:29 server.py:175] Confirm GPU group 288 for meta-llama/Meta-Llama-3-8B_sllm-condense_3 replica 014d1006-23d8-436c-8b1e-bdad31c9640f success
INFO 07-21 11:06:29 server.py:175] Confirm GPU group 289 for meta-llama/Meta-Llama-3-8B_sllm-condense_3 replica 014d1006-23d8-436c-8b1e-bdad31c9640f success
INFO 07-21 11:06:29 server.py:175] Confirm GPU group 290 for meta-llama/Meta-Llama-3-8B_sllm-condense_3 replica 014d1006-23d8-436c-8b1e-bdad31c9640f success
INFO 07-21 11:06:30 server.py:138] Confirm model meta-llama/Meta-Llama-3-8B_sllm-condense_3 replica 014d1006-23d8-436c-8b1e-bdad31c9640f success
I20260721 11:06:34.012267 2643496 model.cpp:53] Tensor file "/mnt/data1/mechels/meta-llama/Meta-Llama-3-8B_sllm-condense_1/tensor.data_1" does not exist
I20260721 11:06:34.012359 2643496 checkpoint_store.cpp:106] Model meta-llama/Meta-Llama-3-8B_sllm-condense_1 is registered
I20260721 11:06:34.012630 2652284 pinned_memory_pool.cpp:78] PinnedMemoryPool Allocate 423 buffers free buffers 356 total buffers 2048
INFO 07-21 11:06:34 server.py:115] LoadModel: success meta-llama/Meta-Llama-3-8B_sllm-condense_1 with target 1
I20260721 11:06:34.014799 2652284 model.cpp:120] Loading model meta-llama/Meta-Llama-3-8B_sllm-condense_1 size 7080615848 to host
I20260721 11:06:34.014832 2652284 model.cpp:134] Loading model meta-llama/Meta-Llama-3-8B_sllm-condense_1 to host with 4 threads, 423 chunks, 16777216 chunk size, 106 chunks per thread
I20260721 11:06:34.015010 2652286 model.cpp:155] Thread 1 starting from partition 0 offset 1778384896
I20260721 11:06:34.015026 2652285 model.cpp:155] Thread 0 starting from partition 0 offset 0
I20260721 11:06:34.015055 2652288 model.cpp:155] Thread 3 starting from partition 0 offset 5335154688
I20260721 11:06:34.015069 2652287 model.cpp:155] Thread 2 starting from partition 0 offset 3556769792
I20260721 11:06:35.292996 2652290 checkpoint_store.cpp:209] Loading model meta-llama/Meta-Llama-3-8B_sllm-condense_1
INFO 07-21 11:06:35 server.py:115] LoadModel: success meta-llama/Meta-Llama-3-8B_sllm-condense_1 with target 2
I20260721 11:06:35.346020 2652290 model.cpp:269] Creating replica b09aa48d-ac67-41f9-918d-ac36d61f89a5
I20260721 11:06:35.346071 2652290 model.cpp:273] Creating queue for device 0
I20260721 11:06:35.346107 2652290 model.cpp:284] Created replica b09aa48d-ac67-41f9-918d-ac36d61f89a5
I20260721 11:06:35.346225 2652290 model.cpp:295] Dispatcher started for model meta-llama/Meta-Llama-3-8B_sllm-condense_1
I20260721 11:06:35.346269 2652290 model.cpp:361] Waiting for model meta-llama/Meta-Llama-3-8B_sllm-condense_1 num tasks 1 state 3
INFO 07-21 11:06:52 server.py:175] Confirm GPU group 0 for meta-llama/Meta-Llama-3-8B_sllm-condense_1 replica b09aa48d-ac67-41f9-918d-ac36d61f89a5 success
INFO 07-21 11:06:52 server.py:175] Confirm GPU group 1 for meta-llama/Meta-Llama-3-8B_sllm-condense_1 replica b09aa48d-ac67-41f9-918d-ac36d61f89a5 success
INFO 07-21 11:06:53 server.py:175] Confirm GPU group 2 for meta-llama/Meta-Llama-3-8B_sllm-condense_1 replica b09aa48d-ac67-41f9-918d-ac36d61f89a5 success
INFO 07-21 11:06:53 server.py:175] Confirm GPU group 3 for meta-llama/Meta-Llama-3-8B_sllm-condense_1 replica b09aa48d-ac67-41f9-918d-ac36d61f89a5 success
INFO 07-21 11:06:53 server.py:175] Confirm GPU group 4 for meta-llama/Meta-Llama-3-8B_sllm-condense_1 replica b09aa48d-ac67-41f9-918d-ac36d61f89a5 success
INFO 07-21 11:06:56 server.py:175] Confirm GPU group 5 for meta-llama/Meta-Llama-3-8B_sllm-condense_1 replica b09aa48d-ac67-41f9-918d-ac36d61f89a5 success
INFO 07-21 11:06:58 server.py:175] Confirm GPU group 6 for meta-llama/Meta-Llama-3-8B_sllm-condense_1 replica b09aa48d-ac67-41f9-918d-ac36d61f89a5 success
INFO 07-21 11:07:00 server.py:175] Confirm GPU group 7 for meta-llama/Meta-Llama-3-8B_sllm-condense_1 replica b09aa48d-ac67-41f9-918d-ac36d61f89a5 success
INFO 07-21 11:07:00 server.py:175] Confirm GPU group 8 for meta-llama/Meta-Llama-3-8B_sllm-condense_1 replica b09aa48d-ac67-41f9-918d-ac36d61f89a5 success
INFO 07-21 11:07:00 server.py:175] Confirm GPU group 9 for meta-llama/Meta-Llama-3-8B_sllm-condense_1 replica b09aa48d-ac67-41f9-918d-ac36d61f89a5 success
INFO 07-21 11:07:00 server.py:175] Confirm GPU group 10 for meta-llama/Meta-Llama-3-8B_sllm-condense_1 replica b09aa48d-ac67-41f9-918d-ac36d61f89a5 success
INFO 07-21 11:07:00 server.py:175] Confirm GPU group 11 for meta-llama/Meta-Llama-3-8B_sllm-condense_1 replica b09aa48d-ac67-41f9-918d-ac36d61f89a5 success
INFO 07-21 11:07:01 server.py:175] Confirm GPU group 12 for meta-llama/Meta-Llama-3-8B_sllm-condense_1 replica b09aa48d-ac67-41f9-918d-ac36d61f89a5 success
INFO 07-21 11:07:02 server.py:175] Confirm GPU group 13 for meta-llama/Meta-Llama-3-8B_sllm-condense_1 replica b09aa48d-ac67-41f9-918d-ac36d61f89a5 success
INFO 07-21 11:07:04 server.py:175] Confirm GPU group 14 for meta-llama/Meta-Llama-3-8B_sllm-condense_1 replica b09aa48d-ac67-41f9-918d-ac36d61f89a5 success
INFO 07-21 11:07:06 server.py:175] Confirm GPU group 15 for meta-llama/Meta-Llama-3-8B_sllm-condense_1 replica b09aa48d-ac67-41f9-918d-ac36d61f89a5 success
INFO 07-21 11:07:08 server.py:175] Confirm GPU group 16 for meta-llama/Meta-Llama-3-8B_sllm-condense_1 replica b09aa48d-ac67-41f9-918d-ac36d61f89a5 success
INFO 07-21 11:07:08 server.py:175] Confirm GPU group 17 for meta-llama/Meta-Llama-3-8B_sllm-condense_1 replica b09aa48d-ac67-41f9-918d-ac36d61f89a5 success
INFO 07-21 11:07:08 server.py:175] Confirm GPU group 18 for meta-llama/Meta-Llama-3-8B_sllm-condense_1 replica b09aa48d-ac67-41f9-918d-ac36d61f89a5 success
INFO 07-21 11:07:09 server.py:175] Confirm GPU group 19 for meta-llama/Meta-Llama-3-8B_sllm-condense_1 replica b09aa48d-ac67-41f9-918d-ac36d61f89a5 success
INFO 07-21 11:07:09 server.py:175] Confirm GPU group 20 for meta-llama/Meta-Llama-3-8B_sllm-condense_1 replica b09aa48d-ac67-41f9-918d-ac36d61f89a5 success
INFO 07-21 11:07:09 server.py:175] Confirm GPU group 21 for meta-llama/Meta-Llama-3-8B_sllm-condense_1 replica b09aa48d-ac67-41f9-918d-ac36d61f89a5 success
INFO 07-21 11:07:09 server.py:175] Confirm GPU group 22 for meta-llama/Meta-Llama-3-8B_sllm-condense_1 replica b09aa48d-ac67-41f9-918d-ac36d61f89a5 success
INFO 07-21 11:07:12 server.py:175] Confirm GPU group 23 for meta-llama/Meta-Llama-3-8B_sllm-condense_1 replica b09aa48d-ac67-41f9-918d-ac36d61f89a5 success
INFO 07-21 11:07:14 server.py:175] Confirm GPU group 24 for meta-llama/Meta-Llama-3-8B_sllm-condense_1 replica b09aa48d-ac67-41f9-918d-ac36d61f89a5 success
INFO 07-21 11:07:16 server.py:175] Confirm GPU group 25 for meta-llama/Meta-Llama-3-8B_sllm-condense_1 replica b09aa48d-ac67-41f9-918d-ac36d61f89a5 success
INFO 07-21 11:07:17 server.py:175] Confirm GPU group 26 for meta-llama/Meta-Llama-3-8B_sllm-condense_1 replica b09aa48d-ac67-41f9-918d-ac36d61f89a5 success
INFO 07-21 11:07:17 server.py:175] Confirm GPU group 27 for meta-llama/Meta-Llama-3-8B_sllm-condense_1 replica b09aa48d-ac67-41f9-918d-ac36d61f89a5 success
INFO 07-21 11:07:17 server.py:175] Confirm GPU group 28 for meta-llama/Meta-Llama-3-8B_sllm-condense_1 replica b09aa48d-ac67-41f9-918d-ac36d61f89a5 success
INFO 07-21 11:07:17 server.py:175] Confirm GPU group 29 for meta-llama/Meta-Llama-3-8B_sllm-condense_1 replica b09aa48d-ac67-41f9-918d-ac36d61f89a5 success
INFO 07-21 11:07:18 server.py:175] Confirm GPU group 30 for meta-llama/Meta-Llama-3-8B_sllm-condense_1 replica b09aa48d-ac67-41f9-918d-ac36d61f89a5 success
INFO 07-21 11:07:18 server.py:175] Confirm GPU group 31 for meta-llama/Meta-Llama-3-8B_sllm-condense_1 replica b09aa48d-ac67-41f9-918d-ac36d61f89a5 success
INFO 07-21 11:07:20 server.py:175] Confirm GPU group 32 for meta-llama/Meta-Llama-3-8B_sllm-condense_1 replica b09aa48d-ac67-41f9-918d-ac36d61f89a5 success
INFO 07-21 11:07:22 server.py:175] Confirm GPU group 33 for meta-llama/Meta-Llama-3-8B_sllm-condense_1 replica b09aa48d-ac67-41f9-918d-ac36d61f89a5 success
INFO 07-21 11:07:24 server.py:175] Confirm GPU group 34 for meta-llama/Meta-Llama-3-8B_sllm-condense_1 replica b09aa48d-ac67-41f9-918d-ac36d61f89a5 success
INFO 07-21 11:07:25 server.py:175] Confirm GPU group 35 for meta-llama/Meta-Llama-3-8B_sllm-condense_1 replica b09aa48d-ac67-41f9-918d-ac36d61f89a5 success
INFO 07-21 11:07:25 server.py:175] Confirm GPU group 36 for meta-llama/Meta-Llama-3-8B_sllm-condense_1 replica b09aa48d-ac67-41f9-918d-ac36d61f89a5 success
INFO 07-21 11:07:25 server.py:175] Confirm GPU group 37 for meta-llama/Meta-Llama-3-8B_sllm-condense_1 replica b09aa48d-ac67-41f9-918d-ac36d61f89a5 success
INFO 07-21 11:07:25 server.py:175] Confirm GPU group 38 for meta-llama/Meta-Llama-3-8B_sllm-condense_1 replica b09aa48d-ac67-41f9-918d-ac36d61f89a5 success
INFO 07-21 11:07:25 server.py:175] Confirm GPU group 39 for meta-llama/Meta-Llama-3-8B_sllm-condense_1 replica b09aa48d-ac67-41f9-918d-ac36d61f89a5 success
INFO 07-21 11:07:26 server.py:175] Confirm GPU group 40 for meta-llama/Meta-Llama-3-8B_sllm-condense_1 replica b09aa48d-ac67-41f9-918d-ac36d61f89a5 success
INFO 07-21 11:07:28 server.py:175] Confirm GPU group 41 for meta-llama/Meta-Llama-3-8B_sllm-condense_1 replica b09aa48d-ac67-41f9-918d-ac36d61f89a5 success
INFO 07-21 11:07:30 server.py:175] Confirm GPU group 42 for meta-llama/Meta-Llama-3-8B_sllm-condense_1 replica b09aa48d-ac67-41f9-918d-ac36d61f89a5 success
INFO 07-21 11:07:32 server.py:175] Confirm GPU group 43 for meta-llama/Meta-Llama-3-8B_sllm-condense_1 replica b09aa48d-ac67-41f9-918d-ac36d61f89a5 success
INFO 07-21 11:07:32 server.py:175] Confirm GPU group 44 for meta-llama/Meta-Llama-3-8B_sllm-condense_1 replica b09aa48d-ac67-41f9-918d-ac36d61f89a5 success
INFO 07-21 11:07:32 server.py:175] Confirm GPU group 45 for meta-llama/Meta-Llama-3-8B_sllm-condense_1 replica b09aa48d-ac67-41f9-918d-ac36d61f89a5 success
INFO 07-21 11:07:33 server.py:175] Confirm GPU group 46 for meta-llama/Meta-Llama-3-8B_sllm-condense_1 replica b09aa48d-ac67-41f9-918d-ac36d61f89a5 success
INFO 07-21 11:07:33 server.py:175] Confirm GPU group 47 for meta-llama/Meta-Llama-3-8B_sllm-condense_1 replica b09aa48d-ac67-41f9-918d-ac36d61f89a5 success
INFO 07-21 11:07:33 server.py:175] Confirm GPU group 48 for meta-llama/Meta-Llama-3-8B_sllm-condense_1 replica b09aa48d-ac67-41f9-918d-ac36d61f89a5 success
INFO 07-21 11:07:33 server.py:175] Confirm GPU group 49 for meta-llama/Meta-Llama-3-8B_sllm-condense_1 replica b09aa48d-ac67-41f9-918d-ac36d61f89a5 success
INFO 07-21 11:07:35 server.py:175] Confirm GPU group 50 for meta-llama/Meta-Llama-3-8B_sllm-condense_1 replica b09aa48d-ac67-41f9-918d-ac36d61f89a5 success
INFO 07-21 11:07:37 server.py:175] Confirm GPU group 51 for meta-llama/Meta-Llama-3-8B_sllm-condense_1 replica b09aa48d-ac67-41f9-918d-ac36d61f89a5 success
INFO 07-21 11:07:39 server.py:175] Confirm GPU group 52 for meta-llama/Meta-Llama-3-8B_sllm-condense_1 replica b09aa48d-ac67-41f9-918d-ac36d61f89a5 success
INFO 07-21 11:07:39 server.py:175] Confirm GPU group 53 for meta-llama/Meta-Llama-3-8B_sllm-condense_1 replica b09aa48d-ac67-41f9-918d-ac36d61f89a5 success
INFO 07-21 11:07:39 server.py:175] Confirm GPU group 54 for meta-llama/Meta-Llama-3-8B_sllm-condense_1 replica b09aa48d-ac67-41f9-918d-ac36d61f89a5 success
INFO 07-21 11:07:40 server.py:175] Confirm GPU group 55 for meta-llama/Meta-Llama-3-8B_sllm-condense_1 replica b09aa48d-ac67-41f9-918d-ac36d61f89a5 success
INFO 07-21 11:07:40 server.py:175] Confirm GPU group 56 for meta-llama/Meta-Llama-3-8B_sllm-condense_1 replica b09aa48d-ac67-41f9-918d-ac36d61f89a5 success
INFO 07-21 11:07:40 server.py:175] Confirm GPU group 57 for meta-llama/Meta-Llama-3-8B_sllm-condense_1 replica b09aa48d-ac67-41f9-918d-ac36d61f89a5 success
INFO 07-21 11:07:40 server.py:175] Confirm GPU group 58 for meta-llama/Meta-Llama-3-8B_sllm-condense_1 replica b09aa48d-ac67-41f9-918d-ac36d61f89a5 success
INFO 07-21 11:07:43 server.py:175] Confirm GPU group 59 for meta-llama/Meta-Llama-3-8B_sllm-condense_1 replica b09aa48d-ac67-41f9-918d-ac36d61f89a5 success
INFO 07-21 11:07:44 server.py:175] Confirm GPU group 60 for meta-llama/Meta-Llama-3-8B_sllm-condense_1 replica b09aa48d-ac67-41f9-918d-ac36d61f89a5 success
INFO 07-21 11:07:45 server.py:175] Confirm GPU group 61 for meta-llama/Meta-Llama-3-8B_sllm-condense_1 replica b09aa48d-ac67-41f9-918d-ac36d61f89a5 success
INFO 07-21 11:07:45 server.py:175] Confirm GPU group 62 for meta-llama/Meta-Llama-3-8B_sllm-condense_1 replica b09aa48d-ac67-41f9-918d-ac36d61f89a5 success
INFO 07-21 11:07:45 server.py:175] Confirm GPU group 63 for meta-llama/Meta-Llama-3-8B_sllm-condense_1 replica b09aa48d-ac67-41f9-918d-ac36d61f89a5 success
INFO 07-21 11:07:45 server.py:175] Confirm GPU group 64 for meta-llama/Meta-Llama-3-8B_sllm-condense_1 replica b09aa48d-ac67-41f9-918d-ac36d61f89a5 success
INFO 07-21 11:07:45 server.py:175] Confirm GPU group 65 for meta-llama/Meta-Llama-3-8B_sllm-condense_1 replica b09aa48d-ac67-41f9-918d-ac36d61f89a5 success
INFO 07-21 11:07:45 server.py:175] Confirm GPU group 66 for meta-llama/Meta-Llama-3-8B_sllm-condense_1 replica b09aa48d-ac67-41f9-918d-ac36d61f89a5 success
INFO 07-21 11:07:45 server.py:175] Confirm GPU group 67 for meta-llama/Meta-Llama-3-8B_sllm-condense_1 replica b09aa48d-ac67-41f9-918d-ac36d61f89a5 success
INFO 07-21 11:07:45 server.py:175] Confirm GPU group 68 for meta-llama/Meta-Llama-3-8B_sllm-condense_1 replica b09aa48d-ac67-41f9-918d-ac36d61f89a5 success
INFO 07-21 11:07:45 server.py:175] Confirm GPU group 69 for meta-llama/Meta-Llama-3-8B_sllm-condense_1 replica b09aa48d-ac67-41f9-918d-ac36d61f89a5 success
INFO 07-21 11:07:45 server.py:175] Confirm GPU group 70 for meta-llama/Meta-Llama-3-8B_sllm-condense_1 replica b09aa48d-ac67-41f9-918d-ac36d61f89a5 success
I20260721 11:07:45.953285 2652292 model.cpp:354] Finished loading tensor from memory to device 0
INFO 07-21 11:07:45 server.py:175] Confirm GPU group 71 for meta-llama/Meta-Llama-3-8B_sllm-condense_1 replica b09aa48d-ac67-41f9-918d-ac36d61f89a5 success
INFO 07-21 11:07:45 server.py:175] Confirm GPU group 72 for meta-llama/Meta-Llama-3-8B_sllm-condense_1 replica b09aa48d-ac67-41f9-918d-ac36d61f89a5 success
INFO 07-21 11:07:45 server.py:175] Confirm GPU group 73 for meta-llama/Meta-Llama-3-8B_sllm-condense_1 replica b09aa48d-ac67-41f9-918d-ac36d61f89a5 success
INFO 07-21 11:07:45 server.py:175] Confirm GPU group 74 for meta-llama/Meta-Llama-3-8B_sllm-condense_1 replica b09aa48d-ac67-41f9-918d-ac36d61f89a5 success
INFO 07-21 11:07:45 server.py:175] Confirm GPU group 75 for meta-llama/Meta-Llama-3-8B_sllm-condense_1 replica b09aa48d-ac67-41f9-918d-ac36d61f89a5 success
INFO 07-21 11:07:45 server.py:175] Confirm GPU group 76 for meta-llama/Meta-Llama-3-8B_sllm-condense_1 replica b09aa48d-ac67-41f9-918d-ac36d61f89a5 success
INFO 07-21 11:07:45 server.py:175] Confirm GPU group 77 for meta-llama/Meta-Llama-3-8B_sllm-condense_1 replica b09aa48d-ac67-41f9-918d-ac36d61f89a5 success
I20260721 11:07:45.987450 2652284 model.cpp:250] Finished loading model meta-llama/Meta-Llama-3-8B_sllm-condense_1 from disk
INFO 07-21 11:07:46 server.py:175] Confirm GPU group 78 for meta-llama/Meta-Llama-3-8B_sllm-condense_1 replica b09aa48d-ac67-41f9-918d-ac36d61f89a5 success
INFO 07-21 11:07:46 server.py:175] Confirm GPU group 79 for meta-llama/Meta-Llama-3-8B_sllm-condense_1 replica b09aa48d-ac67-41f9-918d-ac36d61f89a5 success
INFO 07-21 11:07:46 server.py:175] Confirm GPU group 80 for meta-llama/Meta-Llama-3-8B_sllm-condense_1 replica b09aa48d-ac67-41f9-918d-ac36d61f89a5 success
INFO 07-21 11:07:46 server.py:175] Confirm GPU group 81 for meta-llama/Meta-Llama-3-8B_sllm-condense_1 replica b09aa48d-ac67-41f9-918d-ac36d61f89a5 success
INFO 07-21 11:07:46 server.py:175] Confirm GPU group 82 for meta-llama/Meta-Llama-3-8B_sllm-condense_1 replica b09aa48d-ac67-41f9-918d-ac36d61f89a5 success
INFO 07-21 11:07:46 server.py:175] Confirm GPU group 83 for meta-llama/Meta-Llama-3-8B_sllm-condense_1 replica b09aa48d-ac67-41f9-918d-ac36d61f89a5 success
INFO 07-21 11:07:46 server.py:175] Confirm GPU group 84 for meta-llama/Meta-Llama-3-8B_sllm-condense_1 replica b09aa48d-ac67-41f9-918d-ac36d61f89a5 success
INFO 07-21 11:07:46 server.py:175] Confirm GPU group 85 for meta-llama/Meta-Llama-3-8B_sllm-condense_1 replica b09aa48d-ac67-41f9-918d-ac36d61f89a5 success
INFO 07-21 11:07:46 server.py:175] Confirm GPU group 86 for meta-llama/Meta-Llama-3-8B_sllm-condense_1 replica b09aa48d-ac67-41f9-918d-ac36d61f89a5 success
INFO 07-21 11:07:46 server.py:175] Confirm GPU group 87 for meta-llama/Meta-Llama-3-8B_sllm-condense_1 replica b09aa48d-ac67-41f9-918d-ac36d61f89a5 success
INFO 07-21 11:07:46 server.py:175] Confirm GPU group 88 for meta-llama/Meta-Llama-3-8B_sllm-condense_1 replica b09aa48d-ac67-41f9-918d-ac36d61f89a5 success
INFO 07-21 11:07:46 server.py:175] Confirm GPU group 89 for meta-llama/Meta-Llama-3-8B_sllm-condense_1 replica b09aa48d-ac67-41f9-918d-ac36d61f89a5 success
INFO 07-21 11:07:46 server.py:175] Confirm GPU group 90 for meta-llama/Meta-Llama-3-8B_sllm-condense_1 replica b09aa48d-ac67-41f9-918d-ac36d61f89a5 success
INFO 07-21 11:07:46 server.py:175] Confirm GPU group 91 for meta-llama/Meta-Llama-3-8B_sllm-condense_1 replica b09aa48d-ac67-41f9-918d-ac36d61f89a5 success
INFO 07-21 11:07:46 server.py:175] Confirm GPU group 92 for meta-llama/Meta-Llama-3-8B_sllm-condense_1 replica b09aa48d-ac67-41f9-918d-ac36d61f89a5 success
INFO 07-21 11:07:46 server.py:175] Confirm GPU group 93 for meta-llama/Meta-Llama-3-8B_sllm-condense_1 replica b09aa48d-ac67-41f9-918d-ac36d61f89a5 success
INFO 07-21 11:07:46 server.py:175] Confirm GPU group 94 for meta-llama/Meta-Llama-3-8B_sllm-condense_1 replica b09aa48d-ac67-41f9-918d-ac36d61f89a5 success
INFO 07-21 11:07:46 server.py:175] Confirm GPU group 95 for meta-llama/Meta-Llama-3-8B_sllm-condense_1 replica b09aa48d-ac67-41f9-918d-ac36d61f89a5 success
INFO 07-21 11:07:46 server.py:175] Confirm GPU group 96 for meta-llama/Meta-Llama-3-8B_sllm-condense_1 replica b09aa48d-ac67-41f9-918d-ac36d61f89a5 success
INFO 07-21 11:07:46 server.py:175] Confirm GPU group 97 for meta-llama/Meta-Llama-3-8B_sllm-condense_1 replica b09aa48d-ac67-41f9-918d-ac36d61f89a5 success
INFO 07-21 11:07:46 server.py:175] Confirm GPU group 98 for meta-llama/Meta-Llama-3-8B_sllm-condense_1 replica b09aa48d-ac67-41f9-918d-ac36d61f89a5 success
INFO 07-21 11:07:46 server.py:175] Confirm GPU group 99 for meta-llama/Meta-Llama-3-8B_sllm-condense_1 replica b09aa48d-ac67-41f9-918d-ac36d61f89a5 success
INFO 07-21 11:07:46 server.py:175] Confirm GPU group 100 for meta-llama/Meta-Llama-3-8B_sllm-condense_1 replica b09aa48d-ac67-41f9-918d-ac36d61f89a5 success
INFO 07-21 11:07:46 server.py:175] Confirm GPU group 101 for meta-llama/Meta-Llama-3-8B_sllm-condense_1 replica b09aa48d-ac67-41f9-918d-ac36d61f89a5 success
INFO 07-21 11:07:46 server.py:175] Confirm GPU group 102 for meta-llama/Meta-Llama-3-8B_sllm-condense_1 replica b09aa48d-ac67-41f9-918d-ac36d61f89a5 success
INFO 07-21 11:07:46 server.py:175] Confirm GPU group 103 for meta-llama/Meta-Llama-3-8B_sllm-condense_1 replica b09aa48d-ac67-41f9-918d-ac36d61f89a5 success
INFO 07-21 11:07:46 server.py:175] Confirm GPU group 104 for meta-llama/Meta-Llama-3-8B_sllm-condense_1 replica b09aa48d-ac67-41f9-918d-ac36d61f89a5 success
INFO 07-21 11:07:46 server.py:175] Confirm GPU group 105 for meta-llama/Meta-Llama-3-8B_sllm-condense_1 replica b09aa48d-ac67-41f9-918d-ac36d61f89a5 success
INFO 07-21 11:07:46 server.py:175] Confirm GPU group 106 for meta-llama/Meta-Llama-3-8B_sllm-condense_1 replica b09aa48d-ac67-41f9-918d-ac36d61f89a5 success
INFO 07-21 11:07:46 server.py:175] Confirm GPU group 107 for meta-llama/Meta-Llama-3-8B_sllm-condense_1 replica b09aa48d-ac67-41f9-918d-ac36d61f89a5 success
INFO 07-21 11:07:46 server.py:175] Confirm GPU group 108 for meta-llama/Meta-Llama-3-8B_sllm-condense_1 replica b09aa48d-ac67-41f9-918d-ac36d61f89a5 success
INFO 07-21 11:07:46 server.py:175] Confirm GPU group 109 for meta-llama/Meta-Llama-3-8B_sllm-condense_1 replica b09aa48d-ac67-41f9-918d-ac36d61f89a5 success
INFO 07-21 11:07:46 server.py:175] Confirm GPU group 110 for meta-llama/Meta-Llama-3-8B_sllm-condense_1 replica b09aa48d-ac67-41f9-918d-ac36d61f89a5 success
INFO 07-21 11:07:46 server.py:175] Confirm GPU group 111 for meta-llama/Meta-Llama-3-8B_sllm-condense_1 replica b09aa48d-ac67-41f9-918d-ac36d61f89a5 success
INFO 07-21 11:07:46 server.py:175] Confirm GPU group 112 for meta-llama/Meta-Llama-3-8B_sllm-condense_1 replica b09aa48d-ac67-41f9-918d-ac36d61f89a5 success
INFO 07-21 11:07:46 server.py:175] Confirm GPU group 113 for meta-llama/Meta-Llama-3-8B_sllm-condense_1 replica b09aa48d-ac67-41f9-918d-ac36d61f89a5 success
INFO 07-21 11:07:46 server.py:175] Confirm GPU group 114 for meta-llama/Meta-Llama-3-8B_sllm-condense_1 replica b09aa48d-ac67-41f9-918d-ac36d61f89a5 success
INFO 07-21 11:07:46 server.py:175] Confirm GPU group 115 for meta-llama/Meta-Llama-3-8B_sllm-condense_1 replica b09aa48d-ac67-41f9-918d-ac36d61f89a5 success
INFO 07-21 11:07:47 server.py:175] Confirm GPU group 116 for meta-llama/Meta-Llama-3-8B_sllm-condense_1 replica b09aa48d-ac67-41f9-918d-ac36d61f89a5 success
INFO 07-21 11:07:47 server.py:175] Confirm GPU group 117 for meta-llama/Meta-Llama-3-8B_sllm-condense_1 replica b09aa48d-ac67-41f9-918d-ac36d61f89a5 success
INFO 07-21 11:07:47 server.py:175] Confirm GPU group 118 for meta-llama/Meta-Llama-3-8B_sllm-condense_1 replica b09aa48d-ac67-41f9-918d-ac36d61f89a5 success
INFO 07-21 11:07:47 server.py:175] Confirm GPU group 119 for meta-llama/Meta-Llama-3-8B_sllm-condense_1 replica b09aa48d-ac67-41f9-918d-ac36d61f89a5 success
INFO 07-21 11:07:47 server.py:175] Confirm GPU group 120 for meta-llama/Meta-Llama-3-8B_sllm-condense_1 replica b09aa48d-ac67-41f9-918d-ac36d61f89a5 success
INFO 07-21 11:07:47 server.py:175] Confirm GPU group 121 for meta-llama/Meta-Llama-3-8B_sllm-condense_1 replica b09aa48d-ac67-41f9-918d-ac36d61f89a5 success
INFO 07-21 11:07:47 server.py:175] Confirm GPU group 122 for meta-llama/Meta-Llama-3-8B_sllm-condense_1 replica b09aa48d-ac67-41f9-918d-ac36d61f89a5 success
INFO 07-21 11:07:47 server.py:175] Confirm GPU group 123 for meta-llama/Meta-Llama-3-8B_sllm-condense_1 replica b09aa48d-ac67-41f9-918d-ac36d61f89a5 success
INFO 07-21 11:07:47 server.py:175] Confirm GPU group 124 for meta-llama/Meta-Llama-3-8B_sllm-condense_1 replica b09aa48d-ac67-41f9-918d-ac36d61f89a5 success
INFO 07-21 11:07:47 server.py:175] Confirm GPU group 125 for meta-llama/Meta-Llama-3-8B_sllm-condense_1 replica b09aa48d-ac67-41f9-918d-ac36d61f89a5 success
INFO 07-21 11:07:47 server.py:175] Confirm GPU group 126 for meta-llama/Meta-Llama-3-8B_sllm-condense_1 replica b09aa48d-ac67-41f9-918d-ac36d61f89a5 success
INFO 07-21 11:07:47 server.py:175] Confirm GPU group 127 for meta-llama/Meta-Llama-3-8B_sllm-condense_1 replica b09aa48d-ac67-41f9-918d-ac36d61f89a5 success
INFO 07-21 11:07:47 server.py:175] Confirm GPU group 128 for meta-llama/Meta-Llama-3-8B_sllm-condense_1 replica b09aa48d-ac67-41f9-918d-ac36d61f89a5 success
INFO 07-21 11:07:47 server.py:175] Confirm GPU group 129 for meta-llama/Meta-Llama-3-8B_sllm-condense_1 replica b09aa48d-ac67-41f9-918d-ac36d61f89a5 success
INFO 07-21 11:07:47 server.py:175] Confirm GPU group 130 for meta-llama/Meta-Llama-3-8B_sllm-condense_1 replica b09aa48d-ac67-41f9-918d-ac36d61f89a5 success
INFO 07-21 11:07:47 server.py:175] Confirm GPU group 131 for meta-llama/Meta-Llama-3-8B_sllm-condense_1 replica b09aa48d-ac67-41f9-918d-ac36d61f89a5 success
INFO 07-21 11:07:47 server.py:175] Confirm GPU group 132 for meta-llama/Meta-Llama-3-8B_sllm-condense_1 replica b09aa48d-ac67-41f9-918d-ac36d61f89a5 success
INFO 07-21 11:07:47 server.py:175] Confirm GPU group 133 for meta-llama/Meta-Llama-3-8B_sllm-condense_1 replica b09aa48d-ac67-41f9-918d-ac36d61f89a5 success
INFO 07-21 11:07:47 server.py:175] Confirm GPU group 134 for meta-llama/Meta-Llama-3-8B_sllm-condense_1 replica b09aa48d-ac67-41f9-918d-ac36d61f89a5 success
INFO 07-21 11:07:47 server.py:175] Confirm GPU group 135 for meta-llama/Meta-Llama-3-8B_sllm-condense_1 replica b09aa48d-ac67-41f9-918d-ac36d61f89a5 success
INFO 07-21 11:07:47 server.py:175] Confirm GPU group 136 for meta-llama/Meta-Llama-3-8B_sllm-condense_1 replica b09aa48d-ac67-41f9-918d-ac36d61f89a5 success
INFO 07-21 11:07:47 server.py:175] Confirm GPU group 137 for meta-llama/Meta-Llama-3-8B_sllm-condense_1 replica b09aa48d-ac67-41f9-918d-ac36d61f89a5 success
INFO 07-21 11:07:47 server.py:175] Confirm GPU group 138 for meta-llama/Meta-Llama-3-8B_sllm-condense_1 replica b09aa48d-ac67-41f9-918d-ac36d61f89a5 success
INFO 07-21 11:07:47 server.py:175] Confirm GPU group 139 for meta-llama/Meta-Llama-3-8B_sllm-condense_1 replica b09aa48d-ac67-41f9-918d-ac36d61f89a5 success
INFO 07-21 11:07:47 server.py:175] Confirm GPU group 140 for meta-llama/Meta-Llama-3-8B_sllm-condense_1 replica b09aa48d-ac67-41f9-918d-ac36d61f89a5 success
INFO 07-21 11:07:47 server.py:175] Confirm GPU group 141 for meta-llama/Meta-Llama-3-8B_sllm-condense_1 replica b09aa48d-ac67-41f9-918d-ac36d61f89a5 success
INFO 07-21 11:07:47 server.py:175] Confirm GPU group 142 for meta-llama/Meta-Llama-3-8B_sllm-condense_1 replica b09aa48d-ac67-41f9-918d-ac36d61f89a5 success
INFO 07-21 11:07:47 server.py:175] Confirm GPU group 143 for meta-llama/Meta-Llama-3-8B_sllm-condense_1 replica b09aa48d-ac67-41f9-918d-ac36d61f89a5 success
INFO 07-21 11:07:47 server.py:175] Confirm GPU group 144 for meta-llama/Meta-Llama-3-8B_sllm-condense_1 replica b09aa48d-ac67-41f9-918d-ac36d61f89a5 success
INFO 07-21 11:07:47 server.py:175] Confirm GPU group 145 for meta-llama/Meta-Llama-3-8B_sllm-condense_1 replica b09aa48d-ac67-41f9-918d-ac36d61f89a5 success
INFO 07-21 11:07:47 server.py:175] Confirm GPU group 146 for meta-llama/Meta-Llama-3-8B_sllm-condense_1 replica b09aa48d-ac67-41f9-918d-ac36d61f89a5 success
INFO 07-21 11:07:47 server.py:175] Confirm GPU group 147 for meta-llama/Meta-Llama-3-8B_sllm-condense_1 replica b09aa48d-ac67-41f9-918d-ac36d61f89a5 success
INFO 07-21 11:07:47 server.py:175] Confirm GPU group 148 for meta-llama/Meta-Llama-3-8B_sllm-condense_1 replica b09aa48d-ac67-41f9-918d-ac36d61f89a5 success
INFO 07-21 11:07:47 server.py:175] Confirm GPU group 149 for meta-llama/Meta-Llama-3-8B_sllm-condense_1 replica b09aa48d-ac67-41f9-918d-ac36d61f89a5 success
INFO 07-21 11:07:47 server.py:175] Confirm GPU group 150 for meta-llama/Meta-Llama-3-8B_sllm-condense_1 replica b09aa48d-ac67-41f9-918d-ac36d61f89a5 success
INFO 07-21 11:07:47 server.py:175] Confirm GPU group 151 for meta-llama/Meta-Llama-3-8B_sllm-condense_1 replica b09aa48d-ac67-41f9-918d-ac36d61f89a5 success
INFO 07-21 11:07:47 server.py:175] Confirm GPU group 152 for meta-llama/Meta-Llama-3-8B_sllm-condense_1 replica b09aa48d-ac67-41f9-918d-ac36d61f89a5 success
INFO 07-21 11:07:47 server.py:175] Confirm GPU group 153 for meta-llama/Meta-Llama-3-8B_sllm-condense_1 replica b09aa48d-ac67-41f9-918d-ac36d61f89a5 success
INFO 07-21 11:07:47 server.py:175] Confirm GPU group 154 for meta-llama/Meta-Llama-3-8B_sllm-condense_1 replica b09aa48d-ac67-41f9-918d-ac36d61f89a5 success
INFO 07-21 11:07:47 server.py:175] Confirm GPU group 155 for meta-llama/Meta-Llama-3-8B_sllm-condense_1 replica b09aa48d-ac67-41f9-918d-ac36d61f89a5 success
INFO 07-21 11:07:47 server.py:175] Confirm GPU group 156 for meta-llama/Meta-Llama-3-8B_sllm-condense_1 replica b09aa48d-ac67-41f9-918d-ac36d61f89a5 success
INFO 07-21 11:07:47 server.py:175] Confirm GPU group 157 for meta-llama/Meta-Llama-3-8B_sllm-condense_1 replica b09aa48d-ac67-41f9-918d-ac36d61f89a5 success
INFO 07-21 11:07:47 server.py:175] Confirm GPU group 158 for meta-llama/Meta-Llama-3-8B_sllm-condense_1 replica b09aa48d-ac67-41f9-918d-ac36d61f89a5 success
INFO 07-21 11:07:47 server.py:175] Confirm GPU group 159 for meta-llama/Meta-Llama-3-8B_sllm-condense_1 replica b09aa48d-ac67-41f9-918d-ac36d61f89a5 success
INFO 07-21 11:07:48 server.py:175] Confirm GPU group 160 for meta-llama/Meta-Llama-3-8B_sllm-condense_1 replica b09aa48d-ac67-41f9-918d-ac36d61f89a5 success
INFO 07-21 11:07:48 server.py:175] Confirm GPU group 161 for meta-llama/Meta-Llama-3-8B_sllm-condense_1 replica b09aa48d-ac67-41f9-918d-ac36d61f89a5 success
INFO 07-21 11:07:48 server.py:175] Confirm GPU group 162 for meta-llama/Meta-Llama-3-8B_sllm-condense_1 replica b09aa48d-ac67-41f9-918d-ac36d61f89a5 success
INFO 07-21 11:07:48 server.py:175] Confirm GPU group 163 for meta-llama/Meta-Llama-3-8B_sllm-condense_1 replica b09aa48d-ac67-41f9-918d-ac36d61f89a5 success
INFO 07-21 11:07:48 server.py:175] Confirm GPU group 164 for meta-llama/Meta-Llama-3-8B_sllm-condense_1 replica b09aa48d-ac67-41f9-918d-ac36d61f89a5 success
INFO 07-21 11:07:48 server.py:175] Confirm GPU group 165 for meta-llama/Meta-Llama-3-8B_sllm-condense_1 replica b09aa48d-ac67-41f9-918d-ac36d61f89a5 success
INFO 07-21 11:07:48 server.py:175] Confirm GPU group 166 for meta-llama/Meta-Llama-3-8B_sllm-condense_1 replica b09aa48d-ac67-41f9-918d-ac36d61f89a5 success
INFO 07-21 11:07:48 server.py:175] Confirm GPU group 167 for meta-llama/Meta-Llama-3-8B_sllm-condense_1 replica b09aa48d-ac67-41f9-918d-ac36d61f89a5 success
INFO 07-21 11:07:48 server.py:175] Confirm GPU group 168 for meta-llama/Meta-Llama-3-8B_sllm-condense_1 replica b09aa48d-ac67-41f9-918d-ac36d61f89a5 success
INFO 07-21 11:07:48 server.py:175] Confirm GPU group 169 for meta-llama/Meta-Llama-3-8B_sllm-condense_1 replica b09aa48d-ac67-41f9-918d-ac36d61f89a5 success
INFO 07-21 11:07:48 server.py:175] Confirm GPU group 170 for meta-llama/Meta-Llama-3-8B_sllm-condense_1 replica b09aa48d-ac67-41f9-918d-ac36d61f89a5 success
INFO 07-21 11:07:48 server.py:175] Confirm GPU group 171 for meta-llama/Meta-Llama-3-8B_sllm-condense_1 replica b09aa48d-ac67-41f9-918d-ac36d61f89a5 success
INFO 07-21 11:07:48 server.py:175] Confirm GPU group 172 for meta-llama/Meta-Llama-3-8B_sllm-condense_1 replica b09aa48d-ac67-41f9-918d-ac36d61f89a5 success
INFO 07-21 11:07:48 server.py:175] Confirm GPU group 173 for meta-llama/Meta-Llama-3-8B_sllm-condense_1 replica b09aa48d-ac67-41f9-918d-ac36d61f89a5 success
INFO 07-21 11:07:48 server.py:175] Confirm GPU group 174 for meta-llama/Meta-Llama-3-8B_sllm-condense_1 replica b09aa48d-ac67-41f9-918d-ac36d61f89a5 success
INFO 07-21 11:07:48 server.py:175] Confirm GPU group 175 for meta-llama/Meta-Llama-3-8B_sllm-condense_1 replica b09aa48d-ac67-41f9-918d-ac36d61f89a5 success
INFO 07-21 11:07:48 server.py:175] Confirm GPU group 176 for meta-llama/Meta-Llama-3-8B_sllm-condense_1 replica b09aa48d-ac67-41f9-918d-ac36d61f89a5 success
INFO 07-21 11:07:48 server.py:175] Confirm GPU group 177 for meta-llama/Meta-Llama-3-8B_sllm-condense_1 replica b09aa48d-ac67-41f9-918d-ac36d61f89a5 success
INFO 07-21 11:07:48 server.py:175] Confirm GPU group 178 for meta-llama/Meta-Llama-3-8B_sllm-condense_1 replica b09aa48d-ac67-41f9-918d-ac36d61f89a5 success
INFO 07-21 11:07:48 server.py:175] Confirm GPU group 179 for meta-llama/Meta-Llama-3-8B_sllm-condense_1 replica b09aa48d-ac67-41f9-918d-ac36d61f89a5 success
INFO 07-21 11:07:48 server.py:175] Confirm GPU group 180 for meta-llama/Meta-Llama-3-8B_sllm-condense_1 replica b09aa48d-ac67-41f9-918d-ac36d61f89a5 success
INFO 07-21 11:07:48 server.py:175] Confirm GPU group 181 for meta-llama/Meta-Llama-3-8B_sllm-condense_1 replica b09aa48d-ac67-41f9-918d-ac36d61f89a5 success
INFO 07-21 11:07:48 server.py:175] Confirm GPU group 182 for meta-llama/Meta-Llama-3-8B_sllm-condense_1 replica b09aa48d-ac67-41f9-918d-ac36d61f89a5 success
INFO 07-21 11:07:48 server.py:175] Confirm GPU group 183 for meta-llama/Meta-Llama-3-8B_sllm-condense_1 replica b09aa48d-ac67-41f9-918d-ac36d61f89a5 success
INFO 07-21 11:07:48 server.py:175] Confirm GPU group 184 for meta-llama/Meta-Llama-3-8B_sllm-condense_1 replica b09aa48d-ac67-41f9-918d-ac36d61f89a5 success
INFO 07-21 11:07:48 server.py:175] Confirm GPU group 185 for meta-llama/Meta-Llama-3-8B_sllm-condense_1 replica b09aa48d-ac67-41f9-918d-ac36d61f89a5 success
INFO 07-21 11:07:48 server.py:175] Confirm GPU group 186 for meta-llama/Meta-Llama-3-8B_sllm-condense_1 replica b09aa48d-ac67-41f9-918d-ac36d61f89a5 success
INFO 07-21 11:07:48 server.py:175] Confirm GPU group 187 for meta-llama/Meta-Llama-3-8B_sllm-condense_1 replica b09aa48d-ac67-41f9-918d-ac36d61f89a5 success
INFO 07-21 11:07:48 server.py:175] Confirm GPU group 188 for meta-llama/Meta-Llama-3-8B_sllm-condense_1 replica b09aa48d-ac67-41f9-918d-ac36d61f89a5 success
INFO 07-21 11:07:48 server.py:175] Confirm GPU group 189 for meta-llama/Meta-Llama-3-8B_sllm-condense_1 replica b09aa48d-ac67-41f9-918d-ac36d61f89a5 success
INFO 07-21 11:07:48 server.py:175] Confirm GPU group 190 for meta-llama/Meta-Llama-3-8B_sllm-condense_1 replica b09aa48d-ac67-41f9-918d-ac36d61f89a5 success
INFO 07-21 11:07:48 server.py:175] Confirm GPU group 191 for meta-llama/Meta-Llama-3-8B_sllm-condense_1 replica b09aa48d-ac67-41f9-918d-ac36d61f89a5 success
INFO 07-21 11:07:48 server.py:175] Confirm GPU group 192 for meta-llama/Meta-Llama-3-8B_sllm-condense_1 replica b09aa48d-ac67-41f9-918d-ac36d61f89a5 success
INFO 07-21 11:07:48 server.py:175] Confirm GPU group 193 for meta-llama/Meta-Llama-3-8B_sllm-condense_1 replica b09aa48d-ac67-41f9-918d-ac36d61f89a5 success
INFO 07-21 11:07:48 server.py:175] Confirm GPU group 194 for meta-llama/Meta-Llama-3-8B_sllm-condense_1 replica b09aa48d-ac67-41f9-918d-ac36d61f89a5 success
INFO 07-21 11:07:48 server.py:175] Confirm GPU group 195 for meta-llama/Meta-Llama-3-8B_sllm-condense_1 replica b09aa48d-ac67-41f9-918d-ac36d61f89a5 success
INFO 07-21 11:07:48 server.py:175] Confirm GPU group 196 for meta-llama/Meta-Llama-3-8B_sllm-condense_1 replica b09aa48d-ac67-41f9-918d-ac36d61f89a5 success
INFO 07-21 11:07:49 server.py:175] Confirm GPU group 197 for meta-llama/Meta-Llama-3-8B_sllm-condense_1 replica b09aa48d-ac67-41f9-918d-ac36d61f89a5 success
INFO 07-21 11:07:49 server.py:175] Confirm GPU group 198 for meta-llama/Meta-Llama-3-8B_sllm-condense_1 replica b09aa48d-ac67-41f9-918d-ac36d61f89a5 success
INFO 07-21 11:07:49 server.py:175] Confirm GPU group 199 for meta-llama/Meta-Llama-3-8B_sllm-condense_1 replica b09aa48d-ac67-41f9-918d-ac36d61f89a5 success
INFO 07-21 11:07:49 server.py:175] Confirm GPU group 200 for meta-llama/Meta-Llama-3-8B_sllm-condense_1 replica b09aa48d-ac67-41f9-918d-ac36d61f89a5 success
INFO 07-21 11:07:49 server.py:175] Confirm GPU group 201 for meta-llama/Meta-Llama-3-8B_sllm-condense_1 replica b09aa48d-ac67-41f9-918d-ac36d61f89a5 success
INFO 07-21 11:07:49 server.py:175] Confirm GPU group 202 for meta-llama/Meta-Llama-3-8B_sllm-condense_1 replica b09aa48d-ac67-41f9-918d-ac36d61f89a5 success
INFO 07-21 11:07:49 server.py:175] Confirm GPU group 203 for meta-llama/Meta-Llama-3-8B_sllm-condense_1 replica b09aa48d-ac67-41f9-918d-ac36d61f89a5 success
INFO 07-21 11:07:49 server.py:175] Confirm GPU group 204 for meta-llama/Meta-Llama-3-8B_sllm-condense_1 replica b09aa48d-ac67-41f9-918d-ac36d61f89a5 success
INFO 07-21 11:07:49 server.py:175] Confirm GPU group 205 for meta-llama/Meta-Llama-3-8B_sllm-condense_1 replica b09aa48d-ac67-41f9-918d-ac36d61f89a5 success
INFO 07-21 11:07:49 server.py:175] Confirm GPU group 206 for meta-llama/Meta-Llama-3-8B_sllm-condense_1 replica b09aa48d-ac67-41f9-918d-ac36d61f89a5 success
INFO 07-21 11:07:49 server.py:175] Confirm GPU group 207 for meta-llama/Meta-Llama-3-8B_sllm-condense_1 replica b09aa48d-ac67-41f9-918d-ac36d61f89a5 success
INFO 07-21 11:07:49 server.py:175] Confirm GPU group 208 for meta-llama/Meta-Llama-3-8B_sllm-condense_1 replica b09aa48d-ac67-41f9-918d-ac36d61f89a5 success
INFO 07-21 11:07:49 server.py:175] Confirm GPU group 209 for meta-llama/Meta-Llama-3-8B_sllm-condense_1 replica b09aa48d-ac67-41f9-918d-ac36d61f89a5 success
INFO 07-21 11:07:49 server.py:175] Confirm GPU group 210 for meta-llama/Meta-Llama-3-8B_sllm-condense_1 replica b09aa48d-ac67-41f9-918d-ac36d61f89a5 success
INFO 07-21 11:07:49 server.py:175] Confirm GPU group 211 for meta-llama/Meta-Llama-3-8B_sllm-condense_1 replica b09aa48d-ac67-41f9-918d-ac36d61f89a5 success
INFO 07-21 11:07:49 server.py:175] Confirm GPU group 212 for meta-llama/Meta-Llama-3-8B_sllm-condense_1 replica b09aa48d-ac67-41f9-918d-ac36d61f89a5 success
INFO 07-21 11:07:49 server.py:175] Confirm GPU group 213 for meta-llama/Meta-Llama-3-8B_sllm-condense_1 replica b09aa48d-ac67-41f9-918d-ac36d61f89a5 success
INFO 07-21 11:07:49 server.py:175] Confirm GPU group 214 for meta-llama/Meta-Llama-3-8B_sllm-condense_1 replica b09aa48d-ac67-41f9-918d-ac36d61f89a5 success
INFO 07-21 11:07:49 server.py:175] Confirm GPU group 215 for meta-llama/Meta-Llama-3-8B_sllm-condense_1 replica b09aa48d-ac67-41f9-918d-ac36d61f89a5 success
INFO 07-21 11:07:49 server.py:175] Confirm GPU group 216 for meta-llama/Meta-Llama-3-8B_sllm-condense_1 replica b09aa48d-ac67-41f9-918d-ac36d61f89a5 success
INFO 07-21 11:07:49 server.py:175] Confirm GPU group 217 for meta-llama/Meta-Llama-3-8B_sllm-condense_1 replica b09aa48d-ac67-41f9-918d-ac36d61f89a5 success
INFO 07-21 11:07:49 server.py:175] Confirm GPU group 218 for meta-llama/Meta-Llama-3-8B_sllm-condense_1 replica b09aa48d-ac67-41f9-918d-ac36d61f89a5 success
INFO 07-21 11:07:49 server.py:175] Confirm GPU group 219 for meta-llama/Meta-Llama-3-8B_sllm-condense_1 replica b09aa48d-ac67-41f9-918d-ac36d61f89a5 success
INFO 07-21 11:07:49 server.py:175] Confirm GPU group 220 for meta-llama/Meta-Llama-3-8B_sllm-condense_1 replica b09aa48d-ac67-41f9-918d-ac36d61f89a5 success
INFO 07-21 11:07:49 server.py:175] Confirm GPU group 221 for meta-llama/Meta-Llama-3-8B_sllm-condense_1 replica b09aa48d-ac67-41f9-918d-ac36d61f89a5 success
INFO 07-21 11:07:49 server.py:175] Confirm GPU group 222 for meta-llama/Meta-Llama-3-8B_sllm-condense_1 replica b09aa48d-ac67-41f9-918d-ac36d61f89a5 success
INFO 07-21 11:07:49 server.py:175] Confirm GPU group 223 for meta-llama/Meta-Llama-3-8B_sllm-condense_1 replica b09aa48d-ac67-41f9-918d-ac36d61f89a5 success
INFO 07-21 11:07:49 server.py:175] Confirm GPU group 224 for meta-llama/Meta-Llama-3-8B_sllm-condense_1 replica b09aa48d-ac67-41f9-918d-ac36d61f89a5 success
INFO 07-21 11:07:49 server.py:175] Confirm GPU group 225 for meta-llama/Meta-Llama-3-8B_sllm-condense_1 replica b09aa48d-ac67-41f9-918d-ac36d61f89a5 success
INFO 07-21 11:07:49 server.py:175] Confirm GPU group 226 for meta-llama/Meta-Llama-3-8B_sllm-condense_1 replica b09aa48d-ac67-41f9-918d-ac36d61f89a5 success
INFO 07-21 11:07:49 server.py:175] Confirm GPU group 227 for meta-llama/Meta-Llama-3-8B_sllm-condense_1 replica b09aa48d-ac67-41f9-918d-ac36d61f89a5 success
INFO 07-21 11:07:49 server.py:175] Confirm GPU group 228 for meta-llama/Meta-Llama-3-8B_sllm-condense_1 replica b09aa48d-ac67-41f9-918d-ac36d61f89a5 success
INFO 07-21 11:07:49 server.py:175] Confirm GPU group 229 for meta-llama/Meta-Llama-3-8B_sllm-condense_1 replica b09aa48d-ac67-41f9-918d-ac36d61f89a5 success
INFO 07-21 11:07:49 server.py:175] Confirm GPU group 230 for meta-llama/Meta-Llama-3-8B_sllm-condense_1 replica b09aa48d-ac67-41f9-918d-ac36d61f89a5 success
INFO 07-21 11:07:49 server.py:175] Confirm GPU group 231 for meta-llama/Meta-Llama-3-8B_sllm-condense_1 replica b09aa48d-ac67-41f9-918d-ac36d61f89a5 success
INFO 07-21 11:07:49 server.py:175] Confirm GPU group 232 for meta-llama/Meta-Llama-3-8B_sllm-condense_1 replica b09aa48d-ac67-41f9-918d-ac36d61f89a5 success
INFO 07-21 11:07:49 server.py:175] Confirm GPU group 233 for meta-llama/Meta-Llama-3-8B_sllm-condense_1 replica b09aa48d-ac67-41f9-918d-ac36d61f89a5 success
INFO 07-21 11:07:49 server.py:175] Confirm GPU group 234 for meta-llama/Meta-Llama-3-8B_sllm-condense_1 replica b09aa48d-ac67-41f9-918d-ac36d61f89a5 success
INFO 07-21 11:07:49 server.py:175] Confirm GPU group 235 for meta-llama/Meta-Llama-3-8B_sllm-condense_1 replica b09aa48d-ac67-41f9-918d-ac36d61f89a5 success
INFO 07-21 11:07:49 server.py:175] Confirm GPU group 236 for meta-llama/Meta-Llama-3-8B_sllm-condense_1 replica b09aa48d-ac67-41f9-918d-ac36d61f89a5 success
INFO 07-21 11:07:50 server.py:175] Confirm GPU group 237 for meta-llama/Meta-Llama-3-8B_sllm-condense_1 replica b09aa48d-ac67-41f9-918d-ac36d61f89a5 success
INFO 07-21 11:07:50 server.py:175] Confirm GPU group 238 for meta-llama/Meta-Llama-3-8B_sllm-condense_1 replica b09aa48d-ac67-41f9-918d-ac36d61f89a5 success
INFO 07-21 11:07:50 server.py:175] Confirm GPU group 239 for meta-llama/Meta-Llama-3-8B_sllm-condense_1 replica b09aa48d-ac67-41f9-918d-ac36d61f89a5 success
INFO 07-21 11:07:50 server.py:175] Confirm GPU group 240 for meta-llama/Meta-Llama-3-8B_sllm-condense_1 replica b09aa48d-ac67-41f9-918d-ac36d61f89a5 success
INFO 07-21 11:07:50 server.py:175] Confirm GPU group 241 for meta-llama/Meta-Llama-3-8B_sllm-condense_1 replica b09aa48d-ac67-41f9-918d-ac36d61f89a5 success
INFO 07-21 11:07:50 server.py:175] Confirm GPU group 242 for meta-llama/Meta-Llama-3-8B_sllm-condense_1 replica b09aa48d-ac67-41f9-918d-ac36d61f89a5 success
INFO 07-21 11:07:50 server.py:175] Confirm GPU group 243 for meta-llama/Meta-Llama-3-8B_sllm-condense_1 replica b09aa48d-ac67-41f9-918d-ac36d61f89a5 success
INFO 07-21 11:07:50 server.py:175] Confirm GPU group 244 for meta-llama/Meta-Llama-3-8B_sllm-condense_1 replica b09aa48d-ac67-41f9-918d-ac36d61f89a5 success
INFO 07-21 11:07:50 server.py:175] Confirm GPU group 245 for meta-llama/Meta-Llama-3-8B_sllm-condense_1 replica b09aa48d-ac67-41f9-918d-ac36d61f89a5 success
INFO 07-21 11:07:50 server.py:175] Confirm GPU group 246 for meta-llama/Meta-Llama-3-8B_sllm-condense_1 replica b09aa48d-ac67-41f9-918d-ac36d61f89a5 success
INFO 07-21 11:07:50 server.py:175] Confirm GPU group 247 for meta-llama/Meta-Llama-3-8B_sllm-condense_1 replica b09aa48d-ac67-41f9-918d-ac36d61f89a5 success
INFO 07-21 11:07:50 server.py:175] Confirm GPU group 248 for meta-llama/Meta-Llama-3-8B_sllm-condense_1 replica b09aa48d-ac67-41f9-918d-ac36d61f89a5 success
INFO 07-21 11:07:50 server.py:175] Confirm GPU group 249 for meta-llama/Meta-Llama-3-8B_sllm-condense_1 replica b09aa48d-ac67-41f9-918d-ac36d61f89a5 success
INFO 07-21 11:07:50 server.py:175] Confirm GPU group 250 for meta-llama/Meta-Llama-3-8B_sllm-condense_1 replica b09aa48d-ac67-41f9-918d-ac36d61f89a5 success
INFO 07-21 11:07:50 server.py:175] Confirm GPU group 251 for meta-llama/Meta-Llama-3-8B_sllm-condense_1 replica b09aa48d-ac67-41f9-918d-ac36d61f89a5 success
INFO 07-21 11:07:50 server.py:175] Confirm GPU group 252 for meta-llama/Meta-Llama-3-8B_sllm-condense_1 replica b09aa48d-ac67-41f9-918d-ac36d61f89a5 success
INFO 07-21 11:07:50 server.py:175] Confirm GPU group 253 for meta-llama/Meta-Llama-3-8B_sllm-condense_1 replica b09aa48d-ac67-41f9-918d-ac36d61f89a5 success
INFO 07-21 11:07:50 server.py:175] Confirm GPU group 254 for meta-llama/Meta-Llama-3-8B_sllm-condense_1 replica b09aa48d-ac67-41f9-918d-ac36d61f89a5 success
INFO 07-21 11:07:50 server.py:175] Confirm GPU group 255 for meta-llama/Meta-Llama-3-8B_sllm-condense_1 replica b09aa48d-ac67-41f9-918d-ac36d61f89a5 success
INFO 07-21 11:07:50 server.py:175] Confirm GPU group 256 for meta-llama/Meta-Llama-3-8B_sllm-condense_1 replica b09aa48d-ac67-41f9-918d-ac36d61f89a5 success
INFO 07-21 11:07:50 server.py:175] Confirm GPU group 257 for meta-llama/Meta-Llama-3-8B_sllm-condense_1 replica b09aa48d-ac67-41f9-918d-ac36d61f89a5 success
INFO 07-21 11:07:50 server.py:175] Confirm GPU group 258 for meta-llama/Meta-Llama-3-8B_sllm-condense_1 replica b09aa48d-ac67-41f9-918d-ac36d61f89a5 success
INFO 07-21 11:07:50 server.py:175] Confirm GPU group 259 for meta-llama/Meta-Llama-3-8B_sllm-condense_1 replica b09aa48d-ac67-41f9-918d-ac36d61f89a5 success
INFO 07-21 11:07:50 server.py:175] Confirm GPU group 260 for meta-llama/Meta-Llama-3-8B_sllm-condense_1 replica b09aa48d-ac67-41f9-918d-ac36d61f89a5 success
INFO 07-21 11:07:50 server.py:175] Confirm GPU group 261 for meta-llama/Meta-Llama-3-8B_sllm-condense_1 replica b09aa48d-ac67-41f9-918d-ac36d61f89a5 success
INFO 07-21 11:07:50 server.py:175] Confirm GPU group 262 for meta-llama/Meta-Llama-3-8B_sllm-condense_1 replica b09aa48d-ac67-41f9-918d-ac36d61f89a5 success
INFO 07-21 11:07:50 server.py:175] Confirm GPU group 263 for meta-llama/Meta-Llama-3-8B_sllm-condense_1 replica b09aa48d-ac67-41f9-918d-ac36d61f89a5 success
INFO 07-21 11:07:50 server.py:175] Confirm GPU group 264 for meta-llama/Meta-Llama-3-8B_sllm-condense_1 replica b09aa48d-ac67-41f9-918d-ac36d61f89a5 success
INFO 07-21 11:07:50 server.py:175] Confirm GPU group 265 for meta-llama/Meta-Llama-3-8B_sllm-condense_1 replica b09aa48d-ac67-41f9-918d-ac36d61f89a5 success
INFO 07-21 11:07:50 server.py:175] Confirm GPU group 266 for meta-llama/Meta-Llama-3-8B_sllm-condense_1 replica b09aa48d-ac67-41f9-918d-ac36d61f89a5 success
INFO 07-21 11:07:50 server.py:175] Confirm GPU group 267 for meta-llama/Meta-Llama-3-8B_sllm-condense_1 replica b09aa48d-ac67-41f9-918d-ac36d61f89a5 success
INFO 07-21 11:07:50 server.py:175] Confirm GPU group 268 for meta-llama/Meta-Llama-3-8B_sllm-condense_1 replica b09aa48d-ac67-41f9-918d-ac36d61f89a5 success
INFO 07-21 11:07:50 server.py:175] Confirm GPU group 269 for meta-llama/Meta-Llama-3-8B_sllm-condense_1 replica b09aa48d-ac67-41f9-918d-ac36d61f89a5 success
INFO 07-21 11:07:50 server.py:175] Confirm GPU group 270 for meta-llama/Meta-Llama-3-8B_sllm-condense_1 replica b09aa48d-ac67-41f9-918d-ac36d61f89a5 success
INFO 07-21 11:07:50 server.py:175] Confirm GPU group 271 for meta-llama/Meta-Llama-3-8B_sllm-condense_1 replica b09aa48d-ac67-41f9-918d-ac36d61f89a5 success
INFO 07-21 11:07:50 server.py:175] Confirm GPU group 272 for meta-llama/Meta-Llama-3-8B_sllm-condense_1 replica b09aa48d-ac67-41f9-918d-ac36d61f89a5 success
INFO 07-21 11:07:50 server.py:175] Confirm GPU group 273 for meta-llama/Meta-Llama-3-8B_sllm-condense_1 replica b09aa48d-ac67-41f9-918d-ac36d61f89a5 success
INFO 07-21 11:07:50 server.py:175] Confirm GPU group 274 for meta-llama/Meta-Llama-3-8B_sllm-condense_1 replica b09aa48d-ac67-41f9-918d-ac36d61f89a5 success
INFO 07-21 11:07:50 server.py:175] Confirm GPU group 275 for meta-llama/Meta-Llama-3-8B_sllm-condense_1 replica b09aa48d-ac67-41f9-918d-ac36d61f89a5 success
INFO 07-21 11:07:50 server.py:175] Confirm GPU group 276 for meta-llama/Meta-Llama-3-8B_sllm-condense_1 replica b09aa48d-ac67-41f9-918d-ac36d61f89a5 success
INFO 07-21 11:07:51 server.py:175] Confirm GPU group 277 for meta-llama/Meta-Llama-3-8B_sllm-condense_1 replica b09aa48d-ac67-41f9-918d-ac36d61f89a5 success
INFO 07-21 11:07:51 server.py:175] Confirm GPU group 278 for meta-llama/Meta-Llama-3-8B_sllm-condense_1 replica b09aa48d-ac67-41f9-918d-ac36d61f89a5 success
INFO 07-21 11:07:51 server.py:175] Confirm GPU group 279 for meta-llama/Meta-Llama-3-8B_sllm-condense_1 replica b09aa48d-ac67-41f9-918d-ac36d61f89a5 success
INFO 07-21 11:07:51 server.py:175] Confirm GPU group 280 for meta-llama/Meta-Llama-3-8B_sllm-condense_1 replica b09aa48d-ac67-41f9-918d-ac36d61f89a5 success
INFO 07-21 11:07:51 server.py:175] Confirm GPU group 281 for meta-llama/Meta-Llama-3-8B_sllm-condense_1 replica b09aa48d-ac67-41f9-918d-ac36d61f89a5 success
INFO 07-21 11:07:51 server.py:175] Confirm GPU group 282 for meta-llama/Meta-Llama-3-8B_sllm-condense_1 replica b09aa48d-ac67-41f9-918d-ac36d61f89a5 success
INFO 07-21 11:07:51 server.py:175] Confirm GPU group 283 for meta-llama/Meta-Llama-3-8B_sllm-condense_1 replica b09aa48d-ac67-41f9-918d-ac36d61f89a5 success
INFO 07-21 11:07:51 server.py:175] Confirm GPU group 284 for meta-llama/Meta-Llama-3-8B_sllm-condense_1 replica b09aa48d-ac67-41f9-918d-ac36d61f89a5 success
INFO 07-21 11:07:51 server.py:175] Confirm GPU group 285 for meta-llama/Meta-Llama-3-8B_sllm-condense_1 replica b09aa48d-ac67-41f9-918d-ac36d61f89a5 success
INFO 07-21 11:07:51 server.py:175] Confirm GPU group 286 for meta-llama/Meta-Llama-3-8B_sllm-condense_1 replica b09aa48d-ac67-41f9-918d-ac36d61f89a5 success
INFO 07-21 11:07:51 server.py:175] Confirm GPU group 287 for meta-llama/Meta-Llama-3-8B_sllm-condense_1 replica b09aa48d-ac67-41f9-918d-ac36d61f89a5 success
INFO 07-21 11:07:51 server.py:175] Confirm GPU group 288 for meta-llama/Meta-Llama-3-8B_sllm-condense_1 replica b09aa48d-ac67-41f9-918d-ac36d61f89a5 success
INFO 07-21 11:07:51 server.py:175] Confirm GPU group 289 for meta-llama/Meta-Llama-3-8B_sllm-condense_1 replica b09aa48d-ac67-41f9-918d-ac36d61f89a5 success
INFO 07-21 11:07:51 server.py:175] Confirm GPU group 290 for meta-llama/Meta-Llama-3-8B_sllm-condense_1 replica b09aa48d-ac67-41f9-918d-ac36d61f89a5 success
INFO 07-21 11:07:51 server.py:138] Confirm model meta-llama/Meta-Llama-3-8B_sllm-condense_1 replica b09aa48d-ac67-41f9-918d-ac36d61f89a5 success
